5,2,20.0,1.4576,1.0254,4.9412,3.3824,874.9832,0.0541,3.1765,6.9412,355.4217,162.6506,5.2353,77.1862,70.8959,0.7678,0.082,0.7622,0.0836,0.7498,0.0784,1.7,19.5294,4.6526,4.3142,1.9337,3.4706,2.4118,4.9375,5.9322,1.7857,7.2222,0.625,7.1176,7.157,26.4901,27.2727,1.005,10.0183,2.999,2.8238,1.0678,3.909,3.1387,51.2048,30.1205,3.012,66.2651,6.0241,3.012,60.241,3.012,33.1325,75.3012,111.4458,162.6506,204.8193,21.0843,36.1446,51.2048,30.1205,454.8193,120.4819,33.1325,54.2169,15.0602,18.0723,0.0,57.2289,12.0482,51.2048,0.0,120.4819,99.3976,79.7895,82.1467,0.4548,0.2048,0.1627,0.0361,0.0512,15.0602,0.5331,0.7794,0.8333,1.0,0.7059,0.8296,0.6416,0.7647,0.6667,1.0,0.7059,0.7843,0.0933,0.1429,0.1818,0.375,0.25,0.125,0.1324,0.0117,0.0256,0.0135,0.0285,0
7,3,21.0,1.7033,1.2637,4.4167,2.7817,830.3814,0.0552,3.75,7.5833,304.3478,150.5017,6.25,88.3638,68.8497,0.8143,0.0526,0.7961,0.0684,0.8072,0.01,3.0,24.9167,4.2862,4.0505,1.8763,4.5,2.6667,4.6533,6.6735,1.8889,7.75,0.3684,9.0833,6.5321,20.2797,25.0,1.5811,11.3318,2.4827,2.2505,0.951,4.0714,2.3249,40.1338,13.3779,0.0,60.2007,6.689,6.689,50.1672,6.689,20.0669,80.2676,107.0234,150.5017,190.6355,26.7559,70.2341,66.8896,23.4114,478.2609,107.0234,20.0669,63.5452,13.3779,10.0334,0.0,20.0669,23.4114,53.5117,0.0,96.99,93.6455,67.8251,83.612,0.4783,0.1906,0.1505,0.0702,0.0669,6.689,0.5385,0.7368,0.8889,0.8095,0.65,0.7713,0.5652,0.6842,0.6889,0.7619,0.6,0.6837,0.1231,0.25,0.4118,0.4545,0.3636,0.2727,0.2879,0.0289,0.0249,0.0252,0.0314,0
5,2,32.0,1.5351,1.1228,7.1333,2.8833,940.1839,0.0479,3.7333,7.6,314.0496,154.27,6.1333,99.621,64.6353,0.8015,0.0567,0.8001,0.051,0.8028,0.0064,5.0,24.2,4.6722,4.438,1.9587,4.1333,2.4667,5.0941,6.0769,1.7895,7.8478,0.5,9.2,7.2609,22.7545,25.7353,0.8165,13.644,3.1096,2.9983,1.1383,5.7061,3.1835,41.3223,8.2645,0.0,63.3609,16.5289,0.0,46.832,8.2645,38.5675,88.1543,82.6446,154.27,187.3278,24.7934,66.1157,52.3416,13.7741,460.0551,96.4187,22.0386,44.0771,11.0193,16.5289,2.7548,27.5482,22.0386,49.5868,5.5096,104.6832,96.4187,62.6846,70.8961,0.4601,0.1873,0.1543,0.0661,0.0523,5.5096,0.5565,0.7794,0.875,0.9583,0.6316,0.8111,0.6171,0.7353,0.7679,0.875,0.6316,0.7525,0.1169,0.25,0.1935,0.2857,0.2286,0.2143,0.1714,0.0253,0.0324,0.0144,0.0246,0
2,6,28.0,1.1791,1.0,4.3571,3.04,987.8365,0.0504,3.6429,4.7857,278.0083,211.6183,4.7143,88.9038,72.7669,0.8079,0.0578,0.7718,0.0704,0.799,0.025,2.3333,17.2143,4.5477,4.3693,1.9419,3.5,2.5714,4.5676,5.8393,2.0556,7.6316,0.5455,6.5,7.1209,18.0328,21.1538,1.7951,5.031,2.8963,2.7315,1.1253,1.842,2.5412,58.0913,24.8963,0.0,74.6888,0.0,0.0,66.39,16.5975,62.2407,95.4357,120.332,211.6183,190.8714,20.7469,33.195,70.5394,24.8963,506.2241,91.2863,20.7469,37.3444,4.1494,29.0456,0.0,8.2988,4.1494,74.6888,4.1494,91.2863,91.2863,74.8249,87.7751,0.5062,0.1909,0.2116,0.0332,0.0705,8.2988,0.5851,0.7826,0.9608,0.75,0.8235,0.8292,0.61,0.7609,0.7647,0.75,0.7647,0.7601,0.098,0.25,0.1579,0.4615,0.2637,0.3077,0.1429,0.0281,0.0378,0.0144,0.03,0
2,1,21.0,1.1538,0.9519,3.2083,3.7483,654.1254,0.0708,2.375,4.3333,312.3123,171.1712,4.4583,74.1895,80.9758,0.7499,0.1331,0.7127,0.1256,0.7328,0.0987,1.8462,13.875,4.2909,4.1818,1.8619,2.5417,1.6667,3.7841,5.5085,1.2632,7.525,0.6667,4.875,6.3333,10.4575,15.625,0.9484,6.9301,2.5406,2.429,1.0218,2.5709,2.5251,72.0721,39.039,0.0,90.0901,9.009,9.009,63.0631,9.009,21.021,63.0631,108.1081,171.1712,168.1682,39.039,54.0541,66.0661,24.024,459.4595,129.1291,33.033,42.042,24.024,30.03,0.0,9.009,3.003,36.036,0.0,48.048,45.045,31.4039,46.9219,0.4595,0.1682,0.1712,0.0541,0.0661,18.018,0.4595,0.5893,0.7544,0.7222,0.4091,0.6188,0.5916,0.5357,0.6316,0.7222,0.4091,0.5746,0.1884,0.4545,0.3125,0.4348,0.2319,0.3043,0.1739,0.0579,0.0715,0.0293,0.0498,0
2,2,33.0,1.2736,1.0849,3.1111,2.2263,861.4727,0.0553,2.2222,3.9259,308.1395,174.4186,4.5556,70.5289,74.1933,0.652,0.1233,0.6416,0.1179,0.6115,0.1121,1.9286,12.7407,4.8192,4.6181,1.9942,2.6296,2.6296,4.9605,6.4902,1.6364,7.825,0.4091,5.037,7.5956,31.0345,30.8824,1.0326,7.8012,2.9872,2.8093,1.1128,2.7552,2.4446,78.4884,40.6977,0.0,31.9767,2.907,2.907,23.2558,8.7209,26.1628,81.3953,127.907,174.4186,194.7674,29.0698,75.5814,61.0465,26.1628,505.814,75.5814,2.907,46.5116,0.0,26.1628,0.0,61.0465,43.6047,49.4186,2.907,156.9767,122.093,90.2166,89.7744,0.5058,0.1948,0.1744,0.0756,0.061,11.6279,0.5233,0.7612,0.8667,0.7308,0.7143,0.7682,0.625,0.7164,0.5667,0.7308,0.6667,0.6702,0.1299,0.1538,0.1,0.0769,0.0769,0.0769,0.0598,0.0171,0.0378,0.0095,0.0291,1
3,3,25.0,1.2982,1.1228,2.3684,3.3332,779.4079,0.0465,2.0526,3.0,276.699,189.3204,3.9474,90.4974,74.9073,0.6721,0.1095,0.6672,0.1094,0.6627,0.0831,1.7273,10.8421,4.7703,4.6555,2.0146,2.1053,2.0526,4.5102,6.3438,1.4286,7.72,0.4,4.2632,7.358,20.5882,22.7848,0.8624,8.7254,2.7399,2.5874,1.1384,3.1262,2.2184,92.233,53.3981,0.0,53.3981,29.1262,29.1262,24.2718,14.5631,43.6893,87.3786,106.7961,189.3204,169.9029,4.8544,72.8155,63.1068,9.7087,495.1456,82.5243,38.835,9.7087,9.7087,19.4175,4.8544,38.835,9.7087,53.3981,0.0,101.9417,87.3786,99.9427,110.6058,0.4951,0.1699,0.1893,0.0728,0.0631,0.0,0.6214,0.7143,0.8462,0.8667,0.7692,0.7991,0.6214,0.6571,0.7179,0.8667,0.7692,0.7527,0.0278,0.125,0.0909,0.1111,0.1111,0.1111,0.0994,0.0104,0.0301,0.0151,0.0486,1
2,0,14.0,1.5111,1.2444,3.6154,2.9346,862.1344,0.044,1.8462,3.4615,314.6853,167.8322,3.6923,80.7148,74.7808,0.6682,0.1595,0.6592,0.1207,0.6931,0.1062,1.625,11.0,4.7343,4.7343,2.014,1.9231,1.7692,5.2381,6.5455,1.4,7.4643,0.5,3.7692,7.2245,18.75,20.0,0.857,7.4524,2.6204,2.5828,1.0241,2.4228,1.9301,90.9091,55.9441,0.0,55.9441,0.0,0.0,48.951,6.993,27.972,48.951,111.8881,167.8322,258.7413,0.0,83.9161,48.951,55.9441,559.4406,97.9021,13.986,34.965,13.986,34.965,0.0,48.951,13.986,27.972,13.986,104.8951,90.9091,131.1189,139.8601,0.5594,0.2587,0.1678,0.0839,0.049,6.993,0.6713,0.7297,0.9167,0.8333,1.0,0.8699,0.7063,0.7027,0.8333,0.75,1.0,0.8215,0.0,0.2,0.1429,0.4167,0.1795,0.3333,0.1538,0.0329,0.0546,0.0169,0.0371,1
1,1,30.0,1.2778,0.9815,2.3571,3.0436,785.972,0.0534,1.6905,2.5714,304.2254,200.0,3.5714,77.5239,86.3312,0.6669,0.1117,0.6275,0.1048,0.624,0.0546,3.5,8.4524,4.4448,4.3978,1.8648,2.0952,2.0714,6.3187,6.1452,1.7059,7.8222,0.3636,3.0952,6.9,23.0366,30.303,1.8028,6.0364,2.7297,2.6409,1.023,2.328,2.5805,118.3099,33.8028,0.0,56.338,11.2676,8.4507,19.7183,2.8169,36.6197,87.3239,140.8451,200.0,183.0986,5.6338,76.0563,78.8732,11.2676,538.0282,87.3239,22.5352,36.6197,5.6338,19.7183,2.8169,39.4366,33.8028,50.7042,0.0,123.9437,112.6761,64.8918,85.3606,0.538,0.1831,0.2,0.0761,0.0789,25.3521,0.5296,0.6769,0.6901,0.8889,0.5714,0.7068,0.5803,0.6308,0.5352,0.8148,0.5714,0.6381,0.0299,0.0333,0.0278,0.0732,0.0557,0.0488,0.036,0.0275,0.0576,0.0152,0.0444,1
1,1,37.0,1.6239,1.2385,4.0769,2.9042,908.9248,0.0641,2.1923,4.1923,312.3209,163.3238,4.6923,63.4563,76.7588,0.6947,0.0775,0.7128,0.078,0.7198,0.0431,1.7333,13.4231,4.7069,4.3621,1.9398,2.5,2.9615,6.325,6.4561,2.3571,7.7907,0.5714,4.7692,7.621,26.3158,31.405,0.6799,7.0119,2.7824,2.5157,1.0835,2.9523,2.1312,74.4986,42.9799,0.0,17.192,0.0,0.0,17.192,0.0,42.9799,77.3639,91.6905,163.3238,194.8424,20.0573,65.9026,65.9026,22.9226,489.9713,65.9026,8.596,37.2493,2.8653,17.192,0.0,28.6533,14.3266,85.9599,0.0,128.9398,108.8825,75.4034,89.9857,0.49,0.1948,0.1633,0.0659,0.0659,14.3266,0.4814,0.7353,0.7895,0.7826,0.4348,0.6855,0.5387,0.7059,0.614,0.6957,0.4348,0.6126,0.0933,0.0909,0.0769,0.08,0.0769,0.08,0.08,0.0108,0.0262,0.02,0.043,1
6,1,26.0,1.3846,1.1319,3.7059,2.8241,913.1472,0.0455,3.2353,5.3529,285.2665,172.4138,5.2353,125.7934,70.8975,0.7562,0.0884,0.743,0.1045,0.7372,0.0371,4.25,18.7647,4.5949,4.3956,1.9467,3.5294,1.7647,4.5529,6.3167,1.7059,8.1395,0.5625,7.4118,6.9127,19.3548,22.8346,1.0897,10.4066,3.0586,2.969,1.1611,4.3258,3.2343,53.2915,12.5392,0.0,56.4263,6.2696,3.1348,50.1567,6.2696,47.0219,90.9091,100.3135,172.4138,188.0878,18.8088,59.5611,65.8307,28.2132,485.8934,141.0658,28.2132,40.7524,37.6176,31.348,3.1348,21.9436,25.0784,47.0219,0.0,94.0439,90.9091,60.6734,71.5818,0.4859,0.1881,0.1724,0.0596,0.0658,9.4044,0.5831,0.7833,0.9091,0.8947,0.619,0.8015,0.6489,0.75,0.6909,0.8947,0.619,0.7387,0.0909,0.0769,0.1,0.25,0.1765,0.0625,0.0882,0.0111,0.0304,0.0123,0.0287,0
3,2,25.0,0.9643,0.7946,3.6667,3.1404,814.1737,0.0559,1.8889,4.1481,350.0,159.375,3.963,94.0191,80.3761,0.679,0.138,0.6479,0.1317,0.6268,0.0437,2.25,11.8519,4.489,4.3166,1.9062,2.1111,1.963,5.1884,6.3778,1.8889,7.5,0.6,4.7037,6.5669,22.2222,25.2427,0.8292,7.8443,2.7347,2.6148,1.0506,3.089,2.7136,84.375,37.5,0.0,78.125,34.375,34.375,34.375,6.25,18.75,59.375,109.375,159.375,156.25,78.125,50.0,56.25,28.125,421.875,106.25,21.875,21.875,34.375,28.125,0.0,34.375,15.625,40.625,3.125,93.75,81.25,69.4444,78.8834,0.4219,0.1562,0.1594,0.05,0.0563,9.375,0.5281,0.74,0.8824,0.9375,0.4444,0.7511,0.5844,0.72,0.6471,0.9375,0.4444,0.6872,0.3333,0.1333,0.0952,0.2692,0.0969,0.0769,0.0484,0.0151,0.0288,0.0098,0.0335,0
5,1,17.0,1.0127,0.9494,3.0714,2.5571,768.3533,0.0602,3.3571,5.6429,306.2016,182.1705,5.2143,63.6372,76.1824,0.7852,0.0819,0.7888,0.0585,0.8032,0.0246,4.6667,18.4286,4.4008,4.2607,1.8643,3.4286,1.7143,4.4762,6.7174,2.3846,8.4242,0.5882,7.1429,6.46,21.8487,23.7113,1.8856,11.5184,2.5702,2.4507,1.0272,4.5491,2.5037,54.2636,11.6279,0.0,46.5116,0.0,0.0,46.5116,3.876,42.6357,100.7752,93.0233,182.1705,162.7907,73.6434,50.3876,65.8915,38.7597,461.2403,116.2791,42.6357,23.2558,19.3798,31.0078,0.0,23.2558,15.5039,62.0155,0.0,100.7752,89.1473,84.6849,91.9043,0.4612,0.1628,0.1822,0.0504,0.0659,7.7519,0.531,0.7381,0.9149,0.9231,0.6471,0.8058,0.6279,0.7143,0.6809,0.9231,0.6471,0.7413,0.3115,0.3636,0.2258,0.3077,0.1978,0.3077,0.1099,0.0333,0.0434,0.0142,0.0308,0
2,2,21.0,0.9018,0.7946,4.75,3.2075,948.2517,0.0513,3.35,5.6,319.0883,190.8832,4.65,95.3287,75.6057,0.7511,0.0766,0.7431,0.097,0.7583,0.078,2.8571,17.55,4.3563,4.1724,1.8889,3.6,2.05,4.25,6.5738,1.9286,7.9574,0.4,6.6,6.6742,24.2236,29.9213,2.6954,14.702,2.971,2.8935,1.1077,6.127,3.2833,56.9801,19.943,0.0,108.2621,2.849,2.849,85.4701,14.245,37.037,99.7151,116.8091,190.8832,170.9402,42.735,31.339,65.5271,17.094,458.6895,113.9601,17.094,54.1311,17.094,19.943,5.698,34.188,0.0,68.3761,8.547,111.1111,108.2621,69.0131,85.2459,0.4587,0.1709,0.1909,0.0313,0.0655,19.943,0.5413,0.75,0.8955,0.8182,0.6087,0.7681,0.604,0.7167,0.7313,0.8182,0.5652,0.7078,0.2,0.2308,0.2045,0.2632,0.3684,0.1579,0.1579,0.0185,0.028,0.0183,0.0381,0
2,2,25.0,1.2417,0.9667,3.3571,2.8457,834.2573,0.0691,2.4643,4.2857,292.6829,168.2927,4.5357,70.8387,74.8311,0.7779,0.1541,0.6866,0.1838,0.7265,0.1062,3.1111,14.6429,4.5223,4.3614,1.9512,2.6786,1.75,4.8485,6.125,2.1579,8.1622,0.5625,5.3929,6.7947,21.9895,25.0,1.2862,7.4365,2.4949,2.3773,1.0253,2.8578,2.0404,68.2927,21.9512,0.0,65.8537,2.439,2.439,63.4146,7.3171,36.5854,85.3659,102.439,168.2927,160.9756,48.7805,41.4634,95.122,21.9512,465.8537,129.2683,41.4634,26.8293,29.2683,29.2683,2.439,36.5854,9.7561,53.6585,2.439,102.439,80.4878,53.6329,60.9756,0.4659,0.161,0.1683,0.0415,0.0951,14.6341,0.4439,0.6515,0.8551,0.9412,0.4103,0.7145,0.5927,0.5758,0.6377,0.9412,0.3846,0.6348,0.2326,0.2632,0.2432,0.2963,0.2222,0.2963,0.1693,0.0453,0.0634,0.0207,0.0383,0
2,2,46.0,1.4459,1.223,5.9231,2.7377,900.6496,0.0602,2.6154,5.6923,310.9244,142.8571,5.0769,76.3195,73.9645,0.7385,0.1228,0.7348,0.105,0.7158,0.0636,2.1667,18.3077,4.434,4.2511,1.9034,3.1154,2.8462,4.0296,6.78,1.6923,7.5402,0.3667,7.1538,6.9677,29.9107,33.3333,0.986,9.2519,2.7201,2.5089,1.0567,3.8199,2.2478,54.6218,25.2101,2.1008,50.4202,6.3025,6.3025,39.916,16.8067,18.9076,67.2269,79.8319,142.8571,218.4874,0.0,60.9244,48.3193,23.1092,470.5882,73.5294,2.1008,50.4202,4.2017,16.8067,0.0,46.2185,33.6134,58.8235,2.1008,140.7563,115.5462,62.8376,70.0279,0.4706,0.2185,0.1429,0.0609,0.0483,16.8067,0.4664,0.6635,0.8676,0.8621,0.5652,0.7396,0.5315,0.6442,0.6324,0.8276,0.5652,0.6673,0.0,0.2143,0.1905,0.28,0.24,0.2,0.2185,0.0276,0.0622,0.019,0.0359,1
2,2,13.0,1.2,1.1,3.3333,3.434,700.385,0.0496,1.6667,3.3333,320.5128,160.2564,4.2,110.3883,83.1551,0.6529,0.1204,0.6623,0.1134,0.5492,0.0932,2.5,10.4,4.5705,4.3654,1.8846,2.0667,1.6667,2.8293,5.5625,1.0,6.84,0.0,4.1333,6.4677,16.8675,22.0339,1.6073,4.8689,2.4472,2.3345,0.9403,1.9956,2.0535,96.1538,38.4615,0.0,32.0513,0.0,0.0,32.0513,0.0,32.0513,70.5128,115.3846,160.2564,230.7692,25.641,38.4615,102.5641,0.0,532.0513,96.1538,25.641,51.2821,0.0,19.2308,0.0,25.641,25.641,38.4615,0.0,89.7436,83.3333,108.125,141.2429,0.5321,0.2308,0.1603,0.0385,0.1026,6.4103,0.6346,0.75,0.76,0.6667,0.5625,0.6848,0.7179,0.75,0.76,0.6667,0.5625,0.6848,0.1,0.0,0.0526,0.0714,0.0952,0.0,0.0762,0.0079,0.0286,0.0241,0.0689,1
1,2,37.0,1.4598,1.2529,4.2941,2.7312,1145.4842,0.0471,3.0,5.1176,272.7273,159.8746,5.2941,81.4482,63.5621,0.7288,0.1244,0.7135,0.1192,0.7275,0.0316,4.25,18.7647,4.6803,4.5705,2.069,3.1765,2.5294,3.9348,6.7846,2.0909,7.7407,0.3125,7.9412,7.1185,33.3333,36.4964,2.9475,12.1681,2.9834,2.9276,1.2015,4.9761,2.7027,53.2915,12.5392,0.0,59.5611,3.1348,3.1348,53.2915,6.2696,25.0784,68.9655,97.1787,159.8746,206.8966,3.1348,78.3699,81.5047,15.674,526.6458,109.7179,25.0784,56.4263,12.5392,12.5392,3.1348,62.6959,28.2132,72.1003,12.5392,175.5486,156.7398,104.4931,114.4088,0.5266,0.2069,0.1599,0.0784,0.0815,12.5392,0.5737,0.7273,0.8824,0.96,0.7692,0.8347,0.605,0.7273,0.7647,0.96,0.7692,0.8053,0.0149,0.1538,0.2444,0.3125,0.3235,0.1875,0.1912,0.0123,0.0278,0.0142,0.0274,1
2,1,33.0,1.2083,0.9479,3.2105,2.9237,941.5679,0.0505,3.3684,5.0526,289.1566,192.7711,5.3684,93.3703,68.294,0.7648,0.0686,0.7507,0.0707,0.7918,0.0665,4.75,17.4737,4.6596,4.5602,2.012,3.2632,2.4737,4.1463,6.4333,1.5714,7.913,0.4375,6.8421,7.2538,30.1775,36.2205,3.562,10.1741,2.7771,2.6807,1.1327,4.3439,2.2474,57.2289,12.0482,0.0,75.3012,12.0482,9.0361,51.2048,0.0,30.1205,96.3855,126.506,192.7711,186.747,0.0,30.1205,99.3976,21.0843,509.0361,111.4458,30.1205,36.1446,15.0602,21.0843,9.0361,51.2048,27.1084,69.2771,6.0241,153.6145,138.5542,90.8961,109.0979,0.509,0.1867,0.1928,0.0301,0.0994,27.1084,0.5512,0.6935,0.875,0.9,0.5758,0.7611,0.6054,0.6935,0.75,0.9,0.5758,0.7298,0.0,0.1333,0.1639,0.2778,0.3041,0.1667,0.1988,0.0237,0.0421,0.0249,0.0372,1
1,2,32.0,1.4348,1.2065,6.4615,2.0038,1120.6483,0.0527,3.3077,7.0769,302.6316,141.4474,5.8462,75.3626,65.1587,0.7988,0.1017,0.7463,0.1327,0.7563,0.0611,2.6,23.3846,4.4518,4.289,1.9638,3.4615,2.6923,4.0986,6.2364,2.2727,7.2273,0.15,8.7692,7.2193,35.8209,35.9649,1.3565,11.2355,2.8217,2.6513,1.1219,4.0221,2.2856,42.7632,16.4474,0.0,59.2105,0.0,0.0,55.9211,9.8684,29.6053,72.3684,75.6579,141.4474,210.5263,6.5789,39.4737,49.3421,9.8684,440.7895,78.9474,19.7368,39.4737,3.2895,13.1579,3.2895,55.9211,13.1579,82.2368,6.5789,157.8947,134.8684,117.8319,118.3056,0.4408,0.2105,0.1414,0.0395,0.0493,13.1579,0.5493,0.7812,0.9535,1.0,0.7333,0.867,0.5855,0.75,0.8837,1.0,0.7333,0.8417,0.0303,0.25,0.3333,0.5833,0.4103,0.25,0.2051,0.0169,0.0203,0.0144,0.0253,1
4,1,26.0,0.9279,0.8198,2.8333,3.8606,778.2294,0.0651,3.9444,6.1667,314.4476,201.1331,5.5,71.4162,70.746,0.8081,0.136,0.7869,0.1123,0.8301,0.0473,2.5714,19.6111,4.567,4.2963,1.9348,4.3333,1.8333,5.3846,5.6667,2.0,7.1163,0.4286,6.4444,7.4828,10.8974,15.0442,1.6782,14.0085,2.993,2.8471,1.1508,5.2199,3.0667,50.9915,19.83,0.0,48.1586,2.8329,0.0,45.3258,5.6657,39.6601,141.6431,130.3116,201.1331,152.9745,11.3314,36.8272,50.9915,33.9943,441.9263,79.3201,25.4958,31.1615,5.6657,8.4986,8.4986,5.6657,5.6657,36.8272,0.0,48.1586,48.1586,30.8708,42.6181,0.4419,0.153,0.2011,0.0368,0.051,5.6657,0.4759,0.6481,0.831,0.9231,0.5556,0.7394,0.5156,0.6111,0.6197,0.9231,0.5556,0.6774,0.069,0.0909,0.2083,0.4118,0.3529,0.4118,0.3268,0.0401,0.0449,0.0285,0.0427,0
4,3,41.0,1.2602,1.0325,2.8519,2.9096,1057.9374,0.0507,3.0741,4.5556,271.5232,183.223,4.9259,107.1109,68.5346,0.7515,0.0776,0.7452,0.0732,0.7897,0.0428,2.7,16.7778,4.7212,4.4845,2.0199,3.1852,1.9259,4.6087,5.6364,1.7619,7.0893,0.4615,6.4074,7.1618,25.2212,26.9006,2.1,10.6051,2.7228,2.5017,1.0556,3.8225,2.3427,59.6026,22.0751,0.0,28.6976,4.415,4.415,24.2826,13.245,41.9426,90.5077,108.1678,183.223,172.1854,6.6225,72.8477,70.6402,26.4901,498.8962,139.0728,52.9801,24.2826,33.1126,22.0751,6.6225,44.1501,26.4901,55.1876,0.0,125.8278,101.5453,55.6759,59.3832,0.4989,0.1722,0.1832,0.0728,0.0706,8.83,0.5188,0.6667,0.8916,0.9697,0.4688,0.7492,0.5475,0.641,0.7108,0.9091,0.4375,0.6746,0.037,0.1765,0.1778,0.1154,0.1538,0.1154,0.151,0.0139,0.0271,0.0139,0.0291,0
4,1,11.0,1.2687,1.0149,3.4545,2.9955,995.8672,0.0461,3.0,6.0909,323.6715,159.4203,5.4545,106.4042,74.0223,0.8053,0.0365,0.7903,0.0567,0.7987,0.0,5.5,18.8182,4.3689,4.2573,1.8937,3.3636,1.6364,4.3704,6.8857,0.8571,8.3929,0.6,7.8182,6.3488,19.802,21.978,1.5,7.6849,2.3483,2.3017,0.9316,3.2979,1.8285,53.1401,9.6618,0.0,91.7874,0.0,0.0,91.7874,0.0,19.3237,62.8019,125.6039,159.4203,183.5749,38.6473,96.6184,48.3092,43.4783,487.9227,120.7729,9.6618,53.1401,28.9855,28.9855,0.0,24.1546,19.3237,53.1401,0.0,96.6184,96.6184,95.6618,106.1739,0.4879,0.1836,0.1594,0.0966,0.0483,4.8309,0.6232,0.8684,0.9091,0.95,0.9,0.9069,0.7343,0.7895,0.7879,0.95,0.9,0.8569,0.1739,0.2222,0.1111,0.3,0.3273,0.2,0.0909,0.0142,0.0223,0.0104,0.0228,0
2,1,22.0,1.3137,1.0588,4.9524,3.099,857.3904,0.0516,2.5714,4.8571,297.3761,157.4344,4.9048,97.6592,75.7777,0.7577,0.0725,0.7355,0.0859,0.7349,0.0765,1.9091,16.3333,4.2757,4.0733,1.9067,2.8095,2.0952,4.0706,7.1273,2.25,7.9574,0.5238,6.3333,6.1128,19.7674,24.812,1.3111,10.5439,2.5539,2.5058,1.0029,3.9198,2.6547,61.2245,32.07,0.0,64.1399,5.8309,5.8309,58.309,11.6618,20.4082,64.1399,119.5335,157.4344,183.6735,23.3236,61.2245,99.1254,32.07,501.4577,128.2799,17.4927,46.6472,40.8163,20.4082,2.9155,20.4082,20.4082,52.4781,5.8309,99.1254,96.2099,57.6309,72.3382,0.5015,0.1837,0.1574,0.0612,0.0991,5.8309,0.5423,0.7143,0.8889,0.9048,0.6765,0.7961,0.5918,0.6508,0.7037,0.9048,0.6765,0.7339,0.1127,0.2,0.1579,0.35,0.2,0.25,0.119,0.0237,0.0348,0.0134,0.0296,0
5,4,52.0,1.202,0.9899,3.5714,2.5429,962.159,0.0539,4.2857,7.0714,294.6429,178.5714,6.0,97.5058,55.2171,0.8583,0.0737,0.8354,0.0793,0.8585,0.023,2.8,24.0,4.8567,4.5552,2.119,4.7857,2.8571,4.5658,4.7778,1.4091,7.0938,0.625,9.6429,7.6,25.4777,25.8621,0.7483,10.7438,2.9871,2.8214,1.1818,3.8472,2.4166,41.6667,14.881,0.0,53.5714,0.0,0.0,53.5714,11.9048,38.6905,104.1667,101.1905,178.5714,178.5714,26.7857,44.6429,65.4762,29.7619,467.2619,110.119,17.8571,41.6667,32.7381,14.881,2.9762,59.5238,5.9524,47.619,5.9524,119.0476,89.2857,75.8265,76.9705,0.4673,0.1786,0.1786,0.0446,0.0655,14.881,0.5327,0.65,0.85,0.8667,0.6364,0.7508,0.6101,0.5833,0.6833,0.8667,0.6364,0.6924,0.1304,0.2222,0.2143,0.5385,0.4615,0.3846,0.3956,0.0408,0.038,0.0341,0.035,0
4,5,28.0,1.3012,1.1446,5.2857,2.895,910.9377,0.0579,3.5714,5.9286,282.3129,170.068,5.4286,88.3524,68.6853,0.7947,0.103,0.7811,0.0968,0.7952,0.0284,2.3333,21.0,4.6392,4.4742,1.9456,3.6429,2.5,4.3222,5.7385,2.0,6.9592,0.5,7.1429,7.2,25.6757,25.4545,0.7454,10.3233,2.7887,2.6259,1.0484,3.8888,2.5807,47.619,20.4082,0.0,57.8231,0.0,0.0,51.0204,0.0,44.2177,98.6395,85.034,170.068,200.6803,0.0,85.034,47.619,30.6122,503.4014,88.4354,30.6122,23.8095,13.6054,17.0068,3.4014,61.2245,20.4082,47.619,0.0,129.2517,95.2381,87.3323,86.5799,0.5034,0.2007,0.1701,0.085,0.0476,13.6054,0.5272,0.6271,0.86,0.84,0.7857,0.7782,0.5204,0.6102,0.74,0.8,0.7857,0.734,0.0,0.25,0.3636,0.4615,0.4945,0.3077,0.3846,0.0259,0.0433,0.0291,0.0371,1
4,4,58.0,1.1618,0.9412,3.3673,3.2682,948.9191,0.0521,2.6939,4.1633,292.2636,189.1117,4.6939,102.2877,77.3818,0.7392,0.1204,0.681,0.1264,0.7009,0.0565,3.5,14.2449,4.3727,4.2086,1.9155,2.9184,2.5714,3.7745,5.7806,1.1176,7.0909,0.4222,5.6531,6.6823,19.337,24.6094,2.383,7.2718,2.6396,2.5158,1.0585,2.6768,2.2974,70.2006,20.0573,1.4327,80.2292,18.6246,17.192,38.6819,2.8653,25.788,80.2292,121.7765,189.1117,200.5731,2.8653,54.4413,74.4986,27.2206,518.6246,107.4499,15.7593,55.8739,22.9226,11.4613,1.4327,22.9226,15.7593,54.4413,7.1633,100.2865,90.2579,27.7034,35.257,0.5186,0.2006,0.1891,0.0544,0.0745,15.7593,0.4685,0.6643,0.803,0.8684,0.5385,0.7186,0.533,0.65,0.6136,0.8684,0.5385,0.6676,0.0141,0.1714,0.1287,0.3125,0.1709,0.1875,0.1046,0.0245,0.0411,0.012,0.0291,1
2,1,58.0,1.4274,1.1694,4.6957,2.2139,1170.7983,0.0494,2.7391,5.3913,290.3981,147.541,4.913,101.748,64.1096,0.7697,0.0832,0.7562,0.0888,0.7629,0.0225,5.75,18.5652,4.7213,4.5504,2.0632,2.8261,2.7826,3.64,7.814,2.2143,8.9028,0.4737,7.5652,7.3563,30.0,34.9398,3.1125,9.5727,2.8605,2.7815,1.1587,3.8088,2.2943,53.8642,9.3677,0.0,42.1546,4.6838,4.6838,37.4707,7.0258,23.4192,46.8384,91.3349,147.541,227.1663,0.0,70.2576,70.2576,21.0773,515.2225,98.3607,23.4192,42.1546,21.0773,9.3677,2.3419,60.8899,23.4192,63.2319,7.0258,154.5667,135.8314,70.2576,81.8262,0.5152,0.2272,0.1475,0.0703,0.0703,18.7354,0.5316,0.6495,0.873,0.9333,0.6667,0.7806,0.541,0.6186,0.6508,0.9333,0.6667,0.7174,0.0,0.2105,0.2297,0.3182,0.419,0.2273,0.3439,0.0284,0.0357,0.0272,0.0338,1
5,7,19.0,0.9153,0.8136,3.9333,2.858,813.509,0.0625,1.8667,3.9333,327.7778,155.5556,4.1333,43.673,79.6,0.6648,0.1483,0.6651,0.1224,0.6469,0.0,7.5,12.0,4.4222,4.25,1.9167,2.4,2.6,3.0714,6.8333,2.25,7.5385,0.625,4.8,7.1111,33.3333,35.9375,0.5,8.641,2.8557,2.6476,1.0743,3.4679,2.3187,83.3333,11.1111,0.0,105.5556,11.1111,11.1111,77.7778,0.0,22.2222,61.1111,127.7778,155.5556,200.0,5.5556,44.4444,83.3333,27.7778,483.3333,122.2222,16.6667,55.5556,11.1111,38.8889,0.0,44.4444,38.8889,77.7778,0.0,161.1111,127.7778,185.185,199.6528,0.4833,0.2,0.1556,0.0444,0.0833,33.3333,0.5611,0.6667,0.8929,1.0,0.5333,0.7732,0.6111,0.6667,0.8214,1.0,0.5333,0.7554,0.027,0.2308,0.3265,0.2857,0.2667,0.2143,0.2095,0.0408,0.0638,0.0278,0.0526,1
1,2,23.0,1.1408,1.0563,3.5263,2.0337,904.2719,0.0484,2.1579,3.7368,300.8475,173.7288,4.2105,94.2178,73.9163,0.6724,0.1584,0.6195,0.1541,,,19.0,12.4211,4.5546,4.4286,2.0042,2.4211,2.1579,4.7612,6.5455,2.5333,8.6207,0.3571,5.0526,6.9688,18.9655,23.6559,0.0,9.7566,2.8231,2.5995,1.1405,2.9995,2.7059,80.5085,4.2373,0.0,42.3729,0.0,0.0,38.1356,0.0,38.1356,80.5085,93.2203,173.7288,169.4915,38.1356,84.7458,63.5593,21.1864,491.5254,84.7458,33.8983,42.3729,8.4746,0.0,0.0,12.7119,21.1864,59.322,0.0,93.2203,93.2203,80.3623,100.2369,0.4915,0.1695,0.1737,0.0847,0.0636,12.7119,0.5975,0.75,0.878,0.85,0.6667,0.7862,0.6864,0.7,0.7561,0.85,0.5333,0.7098,0.1837,0.0556,0.0936,0.1667,0.1345,0.0556,0.0936,0.014,0.0336,0.0101,0.0278,1
2,1,23.0,0.8621,0.7586,2.7083,2.5196,867.5676,0.0479,2.4167,3.625,304.1958,202.7972,4.0,75.3891,82.0277,0.5479,0.3391,0.5175,0.3173,0.4653,0.1327,2.4,11.9167,4.3531,4.2762,1.8776,2.875,2.6667,3.6957,7.119,1.9,8.75,0.5,4.375,6.581,22.973,21.2389,1.6852,8.8408,2.6147,2.5207,1.022,3.2508,2.4094,83.9161,34.965,0.0,66.4336,24.4755,24.4755,34.965,10.4895,27.972,115.3846,143.3566,202.7972,188.8112,13.986,24.4755,101.3986,38.4615,517.4825,118.8811,31.4685,55.9441,10.4895,17.4825,3.4965,66.4336,10.4895,38.4615,3.4965,118.8811,83.9161,80.3252,74.2619,0.5175,0.1888,0.2028,0.0245,0.1014,27.972,0.5804,0.6667,0.8621,1.0,0.6897,0.8046,0.6469,0.6481,0.6724,1.0,0.6897,0.7526,0.069,0.1429,0.129,0.2174,0.1377,0.1304,0.1014,0.0177,0.0348,0.0137,0.0329,0
8,3,18.0,0.8472,0.75,3.4167,2.52,791.5793,0.06,3.4167,6.0,344.4976,196.1722,5.4167,57.1607,67.6396,0.8203,0.0722,0.7959,0.0707,0.7798,0.0,6.0,17.4167,4.6268,4.4689,2.0239,3.3333,1.8333,3.2619,6.5667,1.6,7.56,0.5333,7.0,7.1667,38.4615,36.9048,1.0,7.9105,2.9807,2.9623,1.1797,2.9439,2.8861,57.4163,9.5694,0.0,90.9091,0.0,0.0,90.9091,9.5694,14.3541,95.6938,153.11,196.1722,181.8182,14.3541,71.7703,47.8469,38.2775,497.6077,110.0478,23.9234,43.0622,28.7081,14.3541,0.0,95.6938,33.4928,62.201,0.0,191.3876,148.3254,184.0263,176.578,0.4976,0.1818,0.1962,0.0718,0.0478,19.1388,0.555,0.6579,0.9268,0.9333,0.7,0.8045,0.6699,0.6053,0.7805,0.9333,0.7,0.7548,0.0732,0.4,0.2903,0.7273,0.3333,0.4545,0.2121,0.0313,0.0373,0.021,0.0334,0
4,1,33.0,0.9932,0.7877,2.2222,3.3496,691.1996,0.0699,3.5185,5.4074,292.0,190.0,5.3704,80.4838,78.7511,0.8266,0.0595,0.7974,0.0713,0.7968,0.0268,3.8571,18.5185,4.1653,4.0887,1.82,3.5556,1.8519,5.7329,5.5,1.7241,7.2381,0.4737,5.8519,6.2975,11.5385,16.1074,1.3553,8.2389,2.3402,2.2207,0.9673,2.704,2.1451,54.0,14.0,0.0,96.0,30.0,30.0,56.0,6.0,44.0,102.0,96.0,190.0,146.0,44.0,42.0,90.0,18.0,468.0,114.0,26.0,38.0,30.0,10.0,10.0,12.0,4.0,36.0,2.0,54.0,48.0,23.077,32.2148,0.468,0.146,0.19,0.042,0.09,32.0,0.42,0.5616,0.7684,0.8095,0.4,0.6349,0.476,0.5205,0.4737,0.8095,0.4,0.5509,0.2316,0.15,0.1556,0.4231,0.3162,0.1154,0.151,0.0446,0.0568,0.029,0.0404,0
4,2,13.0,1.0606,0.9091,4.1429,3.1957,893.5377,0.0448,4.2857,4.7143,240.8759,218.9781,5.1429,88.5727,66.0012,0.8345,0.0427,0.8301,0.0506,0.8278,0.0,3.5,19.5714,4.7664,4.6131,2.0146,4.4286,2.4286,4.75,5.6,2.4286,8.375,0.5,7.7143,7.4074,11.8421,15.0,0.5,7.5943,3.1444,3.0763,1.1776,3.4523,3.1003,51.0949,14.5985,0.0,36.4964,0.0,0.0,36.4964,14.5985,94.8905,145.9854,94.8905,218.9781,167.8832,7.2993,58.3942,109.4891,14.5985,554.7445,65.6934,7.2993,43.7956,14.5985,0.0,0.0,14.5985,7.2993,36.4964,7.2993,65.6934,65.6934,86.4387,109.4891,0.5547,0.1679,0.219,0.0584,0.1095,29.1971,0.6715,0.8696,0.8,0.75,0.6667,0.7716,0.7007,0.7391,0.6667,0.75,0.6,0.689,0.0417,0.2,0.1111,0.1667,0.1429,0.1667,0.1429,0.0374,0.0371,0.0318,0.0404,0
4,2,29.0,1.0167,0.8167,3.7917,2.2833,715.6504,0.0662,3.0417,5.0,318.3024,193.634,4.875,69.1683,73.6822,0.6673,0.3112,0.6347,0.2887,0.5685,0.0703,6.0,15.7083,4.5493,4.24,1.9523,3.25,2.375,3.3333,6.4314,2.0667,8.25,0.6154,5.6667,7.3456,28.0,32.8,1.4142,9.5894,2.788,2.6222,1.0719,3.8152,2.337,63.6605,10.6101,0.0,76.9231,7.9576,0.0,68.9655,2.6525,26.5252,116.7109,127.321,193.634,153.8462,37.1353,42.4403,74.2706,21.2202,464.191,98.1432,31.8302,42.4403,10.6101,13.2626,0.0,39.7878,7.9576,82.2281,0.0,129.9735,108.7533,74.2706,87.0027,0.4642,0.1538,0.1936,0.0424,0.0743,18.5676,0.4642,0.6552,0.8082,1.0,0.4643,0.7319,0.5464,0.6034,0.6164,1.0,0.4286,0.6621,0.1944,0.2,0.1094,0.2174,0.1449,0.1739,0.1159,0.0367,0.0533,0.0152,0.0318,0
6,3,38.0,1.1792,0.9811,3.4118,3.0153,741.3021,0.0655,4.1765,6.2353,277.4869,185.8639,5.7059,73.7402,70.9881,0.8331,0.0791,0.8075,0.0847,0.8141,0.0607,2.4286,22.4706,4.3639,4.356,1.8822,4.4118,2.2941,4.9,6.3896,0.7143,7.6508,0.697,8.2941,6.8794,16.6667,21.8978,0.9035,10.0593,2.6755,2.5875,1.0729,4.0839,2.3953,44.5026,18.3246,0.0,68.0628,0.0,0.0,68.0628,7.8534,26.178,107.3298,133.5079,185.8639,188.4817,0.0,78.534,65.445,60.2094,518.3246,130.8901,28.7958,57.5916,18.3246,26.178,0.0,23.5602,23.5602,39.267,0.0,86.3874,78.534,43.6301,57.3241,0.5183,0.1885,0.1859,0.0785,0.0654,7.8534,0.466,0.6806,0.7324,0.8,0.56,0.6933,0.5209,0.6806,0.6056,0.7667,0.56,0.6532,0.0,0.6,0.4667,0.75,0.4485,0.625,0.1765,0.0465,0.0357,0.0256,0.0349,1
3,4,19.0,1.0471,0.9412,4.1905,2.57,1032.356,0.0472,2.4286,4.0476,328.1853,196.9112,4.1429,100.2883,78.1982,0.6975,0.1202,0.6749,0.1033,0.6784,0.1011,1.9091,12.3333,4.3938,4.1931,1.9344,2.3333,2.7143,4.3846,7.3333,2.0,8.0952,0.3125,4.8571,6.8235,35.1562,34.2857,0.668,8.1143,2.7197,2.5698,1.0867,3.0905,2.3196,81.0811,42.471,0.0,108.1081,27.027,23.166,61.7761,15.444,19.305,73.3591,115.8301,196.9112,196.9112,0.0,50.1931,50.1931,19.305,494.2085,54.0541,0.0,34.749,7.722,3.861,7.722,73.3591,30.888,65.6371,3.861,173.7452,138.9961,135.7382,132.3772,0.4942,0.1969,0.1969,0.0502,0.0502,15.444,0.5946,0.6863,0.9608,1.0,0.6923,0.8348,0.6409,0.6863,0.6471,1.0,0.6923,0.7564,0.0,0.2,0.1667,0.25,0.2238,0.15,0.1429,0.0182,0.0376,0.0131,0.0304,1
1,6,7.0,1.2903,1.1935,4.1111,3.3078,964.5189,0.0494,2.2222,3.4444,260.5042,168.0672,4.7778,95.8546,83.4374,0.7371,0.0504,0.7422,0.0562,0.7133,0.0544,3.0,13.2222,4.2542,4.2373,1.8319,2.2222,2.2222,5.4722,6.4062,2.375,7.75,0.5455,5.7778,6.2115,18.3333,19.6429,2.1602,5.2868,2.5251,2.4656,0.9466,2.6574,2.239,75.6303,25.2101,0.0,16.8067,0.0,0.0,16.8067,0.0,50.4202,50.4202,100.8403,168.0672,235.2941,0.0,50.4202,50.4202,50.4202,504.2017,75.6303,8.4034,42.0168,0.0,25.2101,0.0,16.8067,25.2101,42.0168,8.4034,92.437,92.437,154.0613,165.0664,0.5042,0.2353,0.1681,0.0504,0.0504,0.0,0.6639,0.8571,1.0,1.0,1.0,0.9643,0.7479,0.8571,0.95,1.0,1.0,0.9518,0.0,0.0,0.125,0.125,0.1111,0.0,0.0833,0.0,0.0,0.008,0.0284,1
8,13,55.0,1.257,0.9579,2.0536,3.4886,1282.0706,0.0511,2.1071,3.8214,322.2892,177.7108,4.1429,68.8649,84.1433,0.6434,0.1591,0.6074,0.1372,0.4929,0.0904,3.2941,11.8571,4.3439,4.2821,1.8434,2.3929,2.5,5.0497,6.8862,2.3636,7.8713,0.3684,4.5893,6.5798,21.3166,28.0851,3.967,13.9852,2.5935,2.4844,1.0162,5.9033,2.3692,84.3373,25.6024,1.506,69.2771,13.5542,9.0361,46.6867,4.5181,30.1205,94.8795,120.4819,177.7108,194.2771,7.5301,52.7108,55.7229,21.0843,480.4217,91.8675,13.5542,31.6265,19.5783,21.0843,6.0241,18.0723,18.0723,64.759,1.506,102.4096,99.3976,32.1033,42.2968,0.4804,0.1943,0.1777,0.0527,0.0557,19.5783,0.4789,0.6744,0.8644,0.9429,0.4324,0.7285,0.5105,0.6512,0.7034,0.8286,0.4324,0.6539,0.0373,0.1282,0.1162,0.1455,0.0753,0.0909,0.0487,0.0252,0.0592,0.0096,0.0343,1
2,1,115.0,1.199,0.9869,3.1807,3.0722,1134.9708,0.0577,2.6386,4.6024,311.3284,178.4841,4.6024,83.5778,75.9177,0.7166,0.1907,0.694,0.1851,0.7246,0.0849,5.1875,14.7831,4.3514,4.1876,1.9307,2.7831,2.0964,4.3966,6.1898,1.3333,7.3621,0.411,5.2289,6.9816,27.3345,38.7597,3.6438,8.5968,2.6761,2.5798,1.0979,3.3985,2.3229,67.6447,13.0399,0.815,92.9095,4.89,4.89,87.2046,9.78,21.1899,86.3896,125.5094,178.4841,181.7441,4.075,55.4197,64.3847,24.4499,480.0326,93.7245,15.4849,38.3048,17.9299,20.3749,1.63,38.3048,26.0799,64.3847,2.445,131.2143,122.2494,22.2775,31.589,0.48,0.1817,0.1785,0.0554,0.0644,19.5599,0.3863,0.6413,0.7169,0.8971,0.3924,0.6619,0.4189,0.5964,0.5023,0.7794,0.3924,0.5676,0.0219,0.1045,0.1036,0.2927,0.2122,0.0976,0.0732,0.0165,0.0314,0.014,0.0323,1
9,2,34.0,1.3208,1.0377,4.0,2.3113,845.2877,0.0567,7.375,13.25,292.8177,162.9834,8.125,95.4363,38.8618,0.8732,0.0391,0.8715,0.0532,0.8981,0.0121,2.0,45.25,4.6814,4.4737,2.0304,8.25,3.125,5.5814,6.0704,2.0,7.898,0.3846,17.125,7.1898,19.2771,24.0602,1.2247,19.0247,2.8549,2.7257,1.1158,7.2013,2.7112,22.0994,11.0497,0.0,35.9116,0.0,0.0,35.9116,13.8122,55.2486,107.7348,80.1105,162.9834,193.3702,38.674,55.2486,46.9613,13.8122,458.5635,113.2597,24.8619,46.9613,22.0994,19.337,0.0,33.1492,13.8122,41.4365,0.0,88.3978,88.3978,53.2517,66.4646,0.4586,0.1934,0.163,0.0552,0.047,2.7624,0.511,0.8,0.7966,0.85,0.7647,0.8028,0.5387,0.7714,0.6271,0.85,0.7647,0.7533,0.1667,0.25,0.4286,0.7143,0.5357,0.4286,0.4286,0.0383,0.0265,0.0321,0.0295,0
5,3,19.0,1.1368,0.9263,4.1333,3.2473,986.8177,0.0458,4.8,6.3333,304.4872,230.7692,6.0667,75.5398,70.624,0.7684,0.0704,0.7236,0.0853,0.7409,0.0412,5.0,20.8,4.5641,4.3654,1.9167,5.0667,2.4,5.7397,6.2745,2.0769,7.7105,0.4706,8.0,6.875,19.6319,24.4275,2.4495,11.5885,2.9454,2.8546,1.0589,4.858,3.1426,48.0769,9.6154,3.2051,86.5385,22.4359,9.6154,51.2821,6.4103,38.4615,147.4359,141.0256,230.7692,173.0769,9.6154,76.9231,41.6667,25.641,522.4359,131.4103,38.4615,54.4872,6.4103,22.4359,9.6154,16.0256,19.2308,67.3077,0.0,102.5641,102.5641,62.9228,78.2933,0.5224,0.1731,0.2308,0.0769,0.0417,19.2308,0.5833,0.7222,0.9028,0.875,0.6154,0.7789,0.6122,0.7037,0.6528,0.7083,0.6154,0.6701,0.0526,0.3333,0.1538,0.3571,0.2381,0.2857,0.1619,0.0228,0.0328,0.0159,0.0292,0
4,1,31.0,1.391,1.1729,4.6,3.1896,1013.2544,0.0569,3.2,5.32,298.2063,179.3722,5.08,72.6273,77.3876,0.7982,0.0576,0.7764,0.0748,0.7758,0.0192,6.25,17.84,4.3812,4.1323,1.8543,3.28,1.64,5.7368,6.2045,2.16,7.8095,0.5,7.12,6.7303,25.0,27.6074,2.2776,7.6664,2.6564,2.5026,1.0282,3.3145,2.3667,56.0538,8.9686,0.0,47.0852,0.0,0.0,47.0852,4.4843,51.5695,73.991,107.6233,179.3722,206.278,15.6951,44.843,53.8117,33.6323,484.3049,94.1704,15.6951,53.8117,24.6637,0.0,0.0,40.3587,26.9058,53.8117,0.0,121.0762,100.8969,56.0538,61.9,0.4843,0.2063,0.1794,0.0448,0.0538,13.4529,0.4888,0.6957,0.8375,1.0,0.5,0.7583,0.5426,0.6196,0.6375,0.95,0.5,0.6768,0.0707,0.1429,0.1974,0.2083,0.2433,0.125,0.1733,0.0256,0.0424,0.0151,0.0301,0
1,1,25.0,1.5213,1.266,5.8333,2.0733,920.2592,0.0491,8.5,15.6667,293.75,159.375,6.1667,98.2498,36.565,0.8991,0.0253,0.8956,0.0294,0.9098,0.0261,2.0,53.3333,4.5678,4.1703,1.9312,9.8333,5.0,5.3133,5.6897,2.3077,6.6667,0.125,19.8333,6.958,17.284,20.4545,0.8165,52.8825,2.7284,2.5073,1.0961,16.9648,2.5318,18.75,9.375,0.0,50.0,0.0,0.0,50.0,12.5,43.75,118.75,90.625,159.375,206.25,12.5,68.75,71.875,3.125,506.25,81.25,9.375,40.625,12.5,18.75,0.0,12.5,18.75,53.125,3.125,87.5,84.375,54.0125,63.9203,0.5062,0.2062,0.1594,0.0688,0.0719,18.75,0.5625,0.7727,0.902,0.9545,0.6087,0.8095,0.5844,0.7424,0.6667,0.8636,0.6087,0.7204,0.0571,0.0,0.0,0.8,0.7333,0.4,0.3333,0.0153,0.0205,0.0132,0.0169,0
2,1,27.0,1.641,1.2692,3.4286,3.0086,885.9144,0.0513,6.1429,11.1429,264.4068,145.7627,7.5714,98.2448,43.6509,0.8687,0.0319,0.8674,0.0356,0.849,0.0249,2.3333,42.1429,4.529,4.1775,2.0034,6.5714,3.4286,4.7534,5.617,2.2941,7.5,0.4444,15.8571,6.8288,17.3913,18.3486,0.9428,21.5634,2.6107,2.4997,1.0593,7.5295,2.2932,23.7288,10.1695,3.3898,64.4068,3.3898,3.3898,61.0169,3.3898,40.678,84.7458,77.9661,145.7627,179.661,27.1186,67.7966,74.5763,13.5593,467.7966,135.5932,47.4576,33.8983,27.1186,20.339,6.7797,40.678,16.9492,20.339,3.3898,81.3559,67.7966,58.9536,62.1986,0.4678,0.1797,0.1458,0.0678,0.0746,6.7797,0.5593,0.8113,0.7907,0.95,0.5909,0.7857,0.5661,0.717,0.6279,0.8,0.5909,0.6839,0.1311,1.0,0.6667,0.8333,0.8095,0.6667,0.4286,0.0422,0.0301,0.0304,0.0267,0
5,2,47.0,1.1975,0.9618,1.9333,3.2363,893.3596,0.059,1.4333,2.6167,316.5323,173.3871,3.4167,81.1414,84.8193,0.6124,0.1072,0.5923,0.1207,0.5813,0.0917,2.3077,8.2667,4.3416,4.352,1.8931,1.7333,1.8333,4.3279,6.4659,2.2174,7.9692,0.3333,3.1833,6.5759,34.1176,35.3933,1.3522,7.0116,2.5329,2.4198,1.037,3.0413,2.2168,120.9677,52.4194,0.0,54.4355,2.0161,2.0161,36.2903,4.0323,26.2097,62.5,122.9839,173.3871,207.6613,6.0484,72.5806,60.4839,2.0161,514.1129,82.6613,22.1774,24.1935,18.1452,12.0968,6.0484,76.6129,34.2742,60.4839,4.0323,175.4032,127.0161,68.7855,71.3575,0.5141,0.2077,0.1734,0.0726,0.0605,18.1452,0.4677,0.6311,0.7674,0.8889,0.5333,0.7052,0.5706,0.6019,0.6163,0.8333,0.5,0.6379,0.0283,0.0588,0.0952,0.1017,0.0734,0.0339,0.0424,0.0062,0.0307,0.0081,0.0425,1
6,14,64.0,1.2691,1.0717,2.5541,3.0553,958.5942,0.0524,2.2297,3.0135,256.0276,189.4374,4.2568,86.0802,79.7941,0.6893,0.101,0.6665,0.0889,0.6994,0.0641,7.4,11.7703,4.3675,4.2742,1.9173,2.2973,2.1486,4.5992,6.7564,2.0909,8.0081,0.4727,4.6081,6.4839,32.6667,42.4342,4.8621,7.8646,2.5208,2.4003,1.0154,3.3884,2.2661,84.9598,11.4811,1.1481,71.1825,29.8507,26.4064,41.3318,8.0367,26.4064,61.9977,122.8473,189.4374,171.0677,4.5924,63.1458,92.9966,29.8507,516.6475,101.0333,14.9254,49.3685,19.5178,17.2216,0.0,43.628,18.3697,96.4409,10.333,168.7715,148.1056,37.5048,48.7189,0.5166,0.1711,0.1894,0.0631,0.093,21.814,0.4455,0.651,0.8545,0.6727,0.4321,0.6526,0.473,0.6309,0.6061,0.6364,0.4198,0.5733,0.0261,0.0938,0.0648,0.1918,0.0866,0.0959,0.0333,0.0145,0.0347,0.0096,0.0317,1
2,5,32.0,1.0945,0.9154,2.2545,3.1425,950.7796,0.0543,1.7818,3.6545,337.8151,164.7059,3.6909,89.9557,89.6206,0.6255,0.1382,0.5992,0.1289,0.5778,0.0858,1.8333,10.8182,4.0894,3.9612,1.7697,2.2545,3.1273,3.8142,6.5844,1.4375,7.9344,0.3784,3.8182,6.2571,30.4833,32.5243,1.3437,10.5453,2.3368,2.2031,0.9088,3.9455,2.1293,92.437,50.4202,8.4034,65.5462,16.8067,15.1261,38.6555,10.084,13.4454,75.6303,117.6471,164.7059,193.2773,10.084,36.9748,57.1429,23.5294,452.1008,94.1176,11.7647,53.7815,3.3613,25.2101,0.0,82.3529,8.4034,45.3782,1.6807,137.8151,112.605,51.2324,54.6627,0.4521,0.1933,0.1647,0.037,0.0571,15.1261,0.4723,0.7478,0.8776,0.8636,0.4412,0.7325,0.5109,0.7391,0.6224,0.8636,0.4412,0.6666,0.0496,0.0,0.06,0.0741,0.0485,0.0185,0.0242,0.0185,0.0746,0.007,0.034,1
3,0,109.0,1.6581,1.2194,2.9487,3.1888,1419.6297,0.0426,2.0385,4.5,321.4286,145.6044,4.6795,111.2721,73.8237,0.6679,0.151,0.6386,0.1497,0.6386,0.0835,4.875,14.0,4.629,4.4413,1.9789,2.4359,2.1923,4.2519,6.7708,1.8889,7.8974,0.4038,5.5897,7.1147,29.5539,34.633,3.12,9.8671,2.7492,2.6235,1.0803,4.3366,2.2556,71.4286,14.652,0.0,42.1245,21.978,21.0623,20.1465,5.4945,23.8095,56.7766,101.6484,145.6044,222.5275,7.326,70.5128,54.0293,19.2308,492.674,97.0696,21.978,41.2088,14.652,15.5678,3.663,62.2711,28.3883,54.0293,0.9158,145.6044,138.2784,27.064,31.7152,0.4927,0.2225,0.1456,0.0705,0.054,9.1575,0.4835,0.8313,0.8239,0.961,0.5593,0.7939,0.5211,0.7695,0.6101,0.9091,0.5254,0.7035,0.0319,0.0806,0.048,0.1558,0.0506,0.0779,0.0176,0.0126,0.0376,0.0041,0.019,1
2,4,18.0,0.7442,0.6744,2.0,4.0716,680.2272,0.0825,1.5111,2.8667,340.3694,179.4195,3.7556,65.3112,97.405,0.6964,0.0997,0.6694,0.0983,0.6685,0.0945,1.5,8.4222,3.8033,3.6885,1.6807,2.1778,2.2,3.6351,6.4286,1.9231,7.7907,0.4667,2.5556,6.2609,28.1046,33.6634,0.7638,5.0354,2.2974,2.1402,0.8962,2.1035,1.8607,118.7335,79.1557,10.5541,126.6491,39.5778,39.5778,63.3245,10.5541,21.1082,63.3245,110.8179,179.4195,145.1187,0.0,15.8311,63.3245,18.4697,403.6939,126.6491,39.5778,76.5172,5.277,5.277,0.0,31.6623,7.9156,65.9631,7.9156,113.4565,89.7098,74.1546,88.8216,0.4037,0.1451,0.1794,0.0158,0.0633,13.1926,0.4037,0.6364,0.7794,0.6667,0.4583,0.6352,0.467,0.6182,0.5735,0.6667,0.4583,0.5792,0.0,0.1333,0.1,0.1591,0.102,0.0682,0.0333,0.0199,0.06,0.0111,0.0462,1
5,5,38.0,1.2368,1.0263,3.4444,3.7067,772.4554,0.0541,5.0,8.4444,276.3636,163.6364,6.6667,108.2214,48.9097,0.8584,0.0682,0.8417,0.0662,0.8558,0.0019,3.0,30.5556,5.0809,4.7831,2.1127,4.8889,3.2222,5.1558,5.7818,1.2857,7.3171,0.3,12.2222,7.5909,10.6383,14.2857,0.0,19.236,3.3079,3.2028,1.2699,8.1347,3.4438,32.7273,10.9091,0.0,32.7273,0.0,0.0,32.7273,21.8182,32.7273,94.5455,83.6364,163.6364,200.0,32.7273,65.4545,83.6364,10.9091,512.7273,116.3636,21.8182,29.0909,40.0,25.4545,0.0,7.2727,7.2727,40.0,0.0,54.5455,54.5455,38.6847,51.948,0.5127,0.2,0.1636,0.0655,0.0836,7.2727,0.5527,0.6909,0.7778,0.9444,0.6522,0.7663,0.6436,0.6545,0.5556,0.9444,0.6087,0.6908,0.1406,0.6667,0.6667,0.625,0.4722,0.625,0.4444,0.0379,0.028,0.0299,0.0267,0
3,1,28.0,1.2647,1.098,5.3846,2.9615,775.3089,0.0579,4.9231,7.8462,274.1935,172.043,6.1538,82.54,65.5555,0.8742,0.0341,0.8545,0.0452,0.8681,0.0216,4.3333,28.6154,4.3854,4.1563,1.8683,5.2308,2.2308,5.0337,5.3226,1.7778,6.7727,0.7059,10.4615,6.8897,17.8771,19.708,2.0548,13.562,2.7373,2.6263,1.0061,6.197,2.5801,34.9462,8.0645,0.0,69.8925,0.0,0.0,69.8925,2.6882,43.0108,107.5269,107.5269,172.043,177.4194,10.7527,64.5161,67.2043,32.2581,481.1828,99.4624,16.129,51.0753,8.0645,16.129,8.0645,29.5699,13.4409,43.0108,0.0,86.0215,72.5806,48.0567,52.9785,0.4812,0.1774,0.172,0.0645,0.0672,5.3763,0.5027,0.7121,0.8438,0.9583,0.56,0.7685,0.5941,0.697,0.6406,0.875,0.56,0.6932,0.0571,0.2,0.1429,0.5,0.4487,0.25,0.2051,0.0211,0.0224,0.0215,0.0324,0
3,1,32.0,1.6768,1.2727,3.1765,2.8824,870.0025,0.0573,3.0,5.8235,323.5294,166.6667,5.5294,86.8702,68.6761,0.8309,0.0402,0.8092,0.0422,0.8074,0.0,8.5,18.0,4.6699,4.3137,1.9967,3.1765,2.1176,6.0484,6.6471,2.5833,7.8974,0.4167,7.2353,7.2602,20.5882,25.0,1.5,5.5836,2.9867,2.8052,1.1757,2.1291,2.8792,55.5556,6.5359,0.0,55.5556,0.0,0.0,55.5556,16.3399,35.9477,78.4314,91.5033,166.6667,202.6144,29.4118,42.4837,32.6797,16.3399,444.4444,71.8954,19.6078,42.4837,9.8039,0.0,0.0,22.8758,13.0719,55.5556,0.0,91.5033,91.5033,67.2817,81.6993,0.4444,0.2026,0.1667,0.0425,0.0327,6.5359,0.5261,0.7258,0.9216,1.0,0.7,0.8369,0.5588,0.6774,0.7059,0.9231,0.6,0.7266,0.1268,0.2667,0.1667,0.375,0.2794,0.25,0.1691,0.0197,0.0295,0.0145,0.0288,0
29,8,22.0,1.0769,0.8681,3.0,2.3,833.9114,0.0579,17.6667,30.3333,330.9091,192.7273,9.6667,73.1701,,0.8994,0.0153,0.9047,0.0146,0.9151,0.0,1.5,91.6667,4.5964,4.3818,1.9745,19.0,6.3333,4.5484,5.7111,1.9333,7.6,0.375,34.6667,7.1442,18.8976,23.4694,0.5,42.8978,2.958,2.8444,1.0968,14.3372,2.9234,10.9091,7.2727,0.0,112.7273,0.0,0.0,112.7273,18.1818,32.7273,141.8182,123.6364,192.7273,170.9091,21.8182,47.2727,50.9091,10.9091,461.8182,112.7273,18.1818,47.2727,18.1818,29.0909,0.0,7.2727,10.9091,69.0909,0.0,87.2727,83.6364,68.7185,85.3433,0.4618,0.1709,0.1927,0.0473,0.0509,18.1818,0.5345,0.766,0.8302,0.7692,0.6429,0.7521,0.6327,0.7447,0.6604,0.7692,0.6429,0.7043,0.1132,0.0,0.0,0.5,0.6667,0.5,0.6667,0.04,0.0117,0.0378,0.0101,0
2,1,31.0,1.1296,0.9259,7.4615,2.8162,852.1531,0.0617,4.6923,8.3077,287.234,162.234,6.3077,77.2087,64.998,0.8432,0.0595,0.8341,0.0554,0.8478,0.0253,4.3333,28.9231,4.3262,4.1658,1.8723,5.0,2.1538,4.6634,5.807,1.8824,7.475,0.2941,10.9231,6.5915,21.1111,23.4848,1.6997,12.7609,2.4886,2.3042,0.9783,5.3989,2.0424,34.5745,7.9787,0.0,53.1915,0.0,0.0,53.1915,13.2979,39.8936,93.0851,77.1277,162.234,154.2553,47.8723,74.4681,87.766,13.2979,478.7234,95.7447,18.617,42.5532,21.2766,10.6383,2.6596,31.9149,18.617,50.5319,0.0,101.0638,82.4468,56.1465,62.4596,0.4787,0.1543,0.1622,0.0745,0.0878,18.617,0.484,0.6379,0.8852,0.8929,0.5152,0.7328,0.5798,0.6379,0.7377,0.8571,0.4848,0.6794,0.2368,0.3,0.3846,0.4167,0.4487,0.3333,0.359,0.0211,0.0326,0.0244,0.0343,0
3,2,102.0,1.6772,1.2939,3.9643,2.653,1458.5916,0.0498,2.9107,6.1964,313.7432,147.3779,5.375,98.5542,70.3297,0.7651,0.0724,0.7573,0.0726,0.7596,0.0338,6.2222,19.75,4.53,4.3345,1.9394,3.0179,1.9107,4.7521,7.0,2.6667,7.7006,0.375,8.3393,6.8779,36.3636,43.1818,2.78,8.6855,2.6581,2.5217,1.0359,3.5721,2.1054,50.6329,8.1374,0.0,49.7288,0.9042,0.9042,48.8246,6.3291,19.8915,65.0995,102.17,147.3779,218.8065,44.3038,47.0163,34.358,27.1248,447.5588,91.3201,22.604,30.7414,26.2206,11.7541,0.0,59.6745,23.5081,78.6618,0.9042,162.7486,154.6112,32.8785,39.0432,0.4476,0.2188,0.1474,0.047,0.0344,10.8499,0.4376,0.7645,0.8834,0.9038,0.5526,0.7761,0.5181,0.7231,0.6994,0.9038,0.5526,0.7197,0.1684,0.0851,0.0608,0.1818,0.2006,0.0909,0.0539,0.0085,0.0227,0.0066,0.0209,1
7,6,84.0,1.3633,1.0386,3.4419,2.2102,938.7427,0.0592,3.8605,7.2326,301.0649,160.697,5.5814,77.3479,66.5183,0.7723,0.1091,0.7621,0.1043,0.7393,0.1223,3.0714,24.0233,4.3933,4.1634,1.9303,4.1163,3.8372,4.3494,6.9659,1.6897,8.0068,0.5,9.1163,6.6148,35.343,43.0723,1.4863,15.0186,2.4499,2.2935,0.9981,5.1679,1.889,41.6263,13.5528,0.0,46.4666,0.0,0.0,46.4666,7.7444,21.2972,89.061,101.6457,160.697,187.8025,26.1375,47.4347,69.6999,5.8083,465.6341,104.5499,20.3291,32.9138,23.2333,24.2014,3.8722,50.3388,25.1694,87.1249,1.9361,164.5692,138.4318,34.2139,41.6963,0.4656,0.1878,0.1607,0.0474,0.0697,4.8403,0.395,0.6959,0.741,0.9184,0.4306,0.6965,0.4598,0.6701,0.5542,0.8571,0.4306,0.628,0.1222,0.1034,0.1167,0.2857,0.1916,0.1429,0.0842,0.0099,0.0191,0.0089,0.0263,1
1,1,105.0,1.0892,0.9029,2.2623,3.0311,1139.1539,0.0482,1.9098,3.123,311.529,190.5151,3.8852,117.9372,83.5323,0.7036,0.1077,0.6585,0.1078,0.6855,0.0773,3.5882,10.0246,4.335,4.3523,1.8847,2.0328,2.0902,4.0162,6.698,2.1163,7.9371,0.52,3.918,6.5481,21.8391,29.2343,3.3177,7.2851,2.527,2.4711,1.0056,3.0315,2.2033,99.7547,27.8005,0.0,66.2306,4.906,4.906,51.5127,4.906,27.8005,79.3132,134.9141,190.5151,165.9853,44.1537,59.6893,81.7661,10.6296,497.9558,71.9542,16.3532,25.3475,9.8119,17.1709,3.2706,32.7065,31.0711,44.1537,0.8177,108.749,103.0253,17.857,23.9038,0.498,0.166,0.1905,0.0597,0.0818,24.5298,0.4374,0.7931,0.721,0.9589,0.34,0.7032,0.5258,0.7635,0.4807,0.9315,0.34,0.6289,0.2101,0.0227,0.0261,0.0909,0.0526,0.0248,0.0077,0.0168,0.0566,0.0078,0.0282,1
5,2,120.0,1.4359,1.0974,2.3735,2.7476,1379.0384,0.0468,2.241,4.6988,333.9041,159.2466,4.5663,112.2894,72.589,0.6788,0.1142,0.6531,0.1103,0.6263,0.0987,1.9762,14.0723,4.7354,4.497,1.9983,2.506,1.9639,4.1779,6.7089,1.8889,7.6893,0.2295,6.0,7.2289,30.6691,36.6589,1.4718,9.7595,2.8357,2.6749,1.0783,4.5257,2.2116,71.0616,35.9589,0.0,79.6233,2.5685,2.5685,66.7808,5.137,23.1164,65.0685,119.0068,159.2466,215.7534,40.2397,48.8014,36.8151,11.9863,460.6164,102.7397,26.5411,44.5205,7.7055,21.4041,2.5685,41.0959,24.8288,73.6301,1.7123,141.2671,135.274,26.2578,31.386,0.4606,0.2158,0.1592,0.0488,0.0368,6.8493,0.4503,0.75,0.871,0.9474,0.6047,0.7933,0.5205,0.6944,0.6452,0.8947,0.6047,0.7098,0.1572,0.0732,0.0581,0.1463,0.1387,0.0488,0.0473,0.0055,0.0228,0.0061,0.0268,1
1,1,53.0,1.2374,0.982,2.8736,3.5348,1212.2601,0.0448,1.3563,3.1954,341.5233,144.9631,3.7471,112.3344,84.8887,0.6676,0.1104,0.6396,0.1072,0.6604,0.0467,7.9091,9.3563,4.3247,4.2305,1.8735,1.7356,2.1494,4.1505,6.8029,2.7692,7.7477,0.5161,3.3103,6.6701,28.1915,33.0097,7.267,7.3781,2.5191,2.4749,0.9901,2.9177,2.1292,106.8796,13.5135,2.457,95.8231,38.0835,35.6265,49.14,3.6855,27.027,57.7396,97.0516,144.9631,196.5602,18.4275,50.3686,70.0246,19.656,461.9165,105.6511,23.3415,35.6265,9.828,31.941,4.914,56.5111,19.656,51.5971,2.457,130.2211,125.3071,34.6333,40.5525,0.4619,0.1966,0.145,0.0504,0.07,11.0565,0.4963,0.825,0.9068,0.9756,0.5439,0.8128,0.5602,0.7937,0.6949,0.9512,0.5263,0.7415,0.0857,0.0132,0.0118,0.0581,0.0564,0.0116,0.0104,0.0034,0.0271,0.0025,0.0168,1
4,1,41.0,1.0312,0.8516,4.0,2.535,999.942,0.0509,6.4167,10.6667,304.038,182.8979,6.5833,96.6646,48.0621,0.8713,0.0644,0.8475,0.0695,0.8511,0.0245,3.0,35.0833,4.6923,4.4952,2.0499,6.4167,2.9167,4.9444,5.6571,2.3478,7.2766,0.5385,12.25,7.5238,13.2653,16.8831,0.7071,16.3679,2.8558,2.7561,1.1135,4.7456,2.4225,28.5036,9.5012,4.7506,54.6318,2.3753,2.3753,52.2565,2.3753,42.7553,106.8884,102.1378,182.8979,147.2684,28.5036,52.2565,83.1354,33.2542,465.5582,102.1378,21.3777,42.7553,26.1283,9.5012,2.3753,7.1259,7.1259,45.1306,2.3753,61.7577,61.7577,31.509,40.1024,0.4656,0.1473,0.1829,0.0523,0.0831,14.2518,0.5249,0.7419,0.8312,0.9545,0.7143,0.8105,0.5487,0.6613,0.5974,0.9545,0.7143,0.7319,0.1622,0.375,0.3846,0.4545,0.4091,0.3636,0.2879,0.0312,0.0447,0.0219,0.029,0
2,2,32.0,1.2336,1.0,2.7273,3.5486,1135.1227,0.0432,2.9091,4.8636,299.7199,179.2717,5.0455,105.7134,74.3218,0.7432,0.093,0.7307,0.0827,0.7354,0.0,11.0,16.2273,4.5182,4.3109,1.9328,3.2727,1.8182,4.974,6.6604,1.6154,8.3,0.5714,5.9091,6.8462,19.375,21.5827,4.0,8.533,2.6064,2.4521,1.0537,3.6793,2.4384,61.6246,5.6022,0.0,61.6246,8.4034,2.8011,53.2213,0.0,28.0112,103.6415,123.2493,179.2717,156.8627,42.0168,42.0168,70.028,11.2045,448.1793,100.8403,28.0112,33.6134,14.0056,22.409,2.8011,22.409,11.2045,47.619,5.6022,86.8347,84.0336,54.2717,60.4557,0.4482,0.1569,0.1793,0.042,0.07,14.0056,0.5854,0.875,0.9062,0.9333,0.72,0.8586,0.6275,0.8571,0.5938,0.9333,0.68,0.7661,0.2113,0.05,0.0238,0.0952,0.0779,0.0476,0.039,0.0227,0.0506,0.009,0.0258,0
3,3,20.0,1.4756,1.1951,3.125,2.8306,976.1004,0.0573,3.625,5.125,267.9739,189.5425,5.375,66.5354,72.8227,0.8114,0.0702,0.7991,0.0665,0.7998,0.0,8.0,19.125,4.3824,4.2941,1.9085,3.5625,2.1875,4.3929,6.7091,1.2143,8.5854,0.6667,6.9375,6.8829,21.2329,23.0088,1.0,9.8226,2.7178,2.6318,1.0563,3.5789,2.5139,52.2876,6.5359,0.0,68.6275,3.268,3.268,62.0915,6.5359,22.8758,81.6993,124.183,189.5425,173.2026,16.3399,52.2876,62.0915,39.2157,477.1242,101.3072,19.6078,35.9477,35.9477,9.8039,0.0,35.9477,6.5359,52.2876,6.5359,101.3072,84.9673,69.3886,75.1922,0.4771,0.1732,0.1895,0.0523,0.0621,19.6078,0.5261,0.6604,0.8621,0.9375,0.7368,0.7992,0.5882,0.6604,0.6207,0.875,0.7368,0.7232,0.0862,0.1429,0.193,0.4,0.3083,0.2,0.2417,0.0222,0.0322,0.0192,0.0305,0
12,8,40.0,1.2319,0.9855,4.0417,2.8042,900.2495,0.0504,3.5833,5.75,302.6316,188.5965,5.0833,126.3179,66.4074,0.7733,0.0712,0.7775,0.0777,0.7738,0.0145,6.0,19.0,4.7544,4.3882,2.0175,3.7083,2.7917,4.8649,6.4714,1.5556,8.1731,0.4286,6.75,7.284,22.2707,29.8246,2.2361,15.5671,3.0358,2.8083,1.1975,4.6211,3.2479,52.6316,8.7719,0.0,120.614,65.7895,32.8947,54.8246,6.5789,32.8947,107.4561,127.193,188.5965,175.4386,6.5789,72.3684,65.7895,6.5789,502.193,105.2632,37.2807,30.7018,4.386,21.9298,10.9649,28.5088,19.7368,63.5965,0.0,111.8421,111.8421,48.8393,65.4048,0.5022,0.1754,0.1886,0.0724,0.0658,10.9649,0.5197,0.7375,0.8372,0.8182,0.5,0.7232,0.5614,0.6875,0.5698,0.7879,0.4667,0.628,0.0361,0.05,0.0857,0.1739,0.25,0.087,0.1413,0.011,0.0216,0.0164,0.0296,0
10,2,16.0,1.2784,1.0412,2.1111,3.1206,925.8693,0.0514,3.1111,5.3889,321.1921,185.4305,5.3333,86.0344,79.4618,0.7558,0.1026,0.7402,0.0926,0.7417,0.0,9.0,16.7778,4.2838,4.1386,1.8377,3.4444,2.1111,4.5065,6.2812,1.5,7.3846,0.4167,6.1667,6.3874,16.1972,19.8276,1.0,11.2919,2.5104,2.3827,0.9647,3.9476,2.4056,59.6026,6.6225,0.0,89.404,72.8477,59.6026,13.245,3.3113,33.1126,99.3377,109.2715,185.4305,208.6093,3.3113,26.4901,49.6689,16.5563,470.1987,89.404,16.5563,43.0464,6.6225,23.1788,0.0,3.3113,13.245,59.6026,0.0,76.1589,76.1589,53.6331,65.6543,0.4702,0.2086,0.1854,0.0265,0.0497,13.245,0.5563,0.746,0.9107,1.0,0.6667,0.8308,0.6192,0.7143,0.6964,1.0,0.6667,0.7694,0.0156,0.1875,0.1096,0.4118,0.3399,0.1765,0.1046,0.0182,0.0376,0.0111,0.0278,0
1,1,128.0,1.8343,1.3257,4.2836,2.5512,1175.509,0.0505,2.6269,5.2239,296.1083,148.9002,5.1791,82.5403,67.2718,0.7337,0.1037,0.7038,0.1029,0.7223,0.0356,4.1875,17.6418,4.5763,4.3853,2.0262,2.7015,2.1493,4.4027,6.6895,1.9714,7.587,0.4933,6.8507,7.0436,26.9027,33.012,2.6509,9.9981,2.7122,2.5846,1.1206,3.9027,2.2107,56.6836,13.5364,0.0,41.4552,13.5364,7.6142,27.9188,5.0761,21.9966,60.0677,98.9848,148.9002,213.198,22.8426,57.5296,58.3756,31.3029,478.0034,76.1421,12.6904,34.687,12.6904,10.9983,5.0761,41.4552,20.3046,64.2978,2.5381,128.5956,115.9052,22.7603,27.9289,0.478,0.2132,0.1489,0.0575,0.0584,18.6125,0.4272,0.7381,0.8182,0.8971,0.3913,0.7112,0.5245,0.7143,0.5966,0.8382,0.3768,0.6315,0.0968,0.1176,0.0675,0.1364,0.0819,0.1061,0.0416,0.0168,0.0369,0.0089,0.0241,1
6,5,60.0,1.5492,1.1606,4.9706,2.9071,1071.2252,0.0514,2.7353,5.6765,278.098,134.0058,5.4118,109.5284,66.2794,0.7952,0.0845,0.7666,0.1022,0.7938,0.0384,4.25,20.4118,4.5248,4.2085,1.9957,3.2647,2.7353,4.3506,6.4019,1.7619,7.5349,0.5806,7.1471,6.6914,21.6374,27.9245,1.7139,10.6829,2.534,2.3446,1.0178,5.0767,2.2679,48.9914,11.5274,0.0,59.0778,0.0,0.0,59.0778,8.6455,21.6138,61.9597,76.3689,134.0058,181.5562,0.0,93.6599,83.5735,25.9366,492.7954,123.9193,18.732,51.8732,5.7637,47.5504,0.0,30.2594,27.3775,46.1095,2.8818,106.6282,106.6282,31.1778,40.237,0.4928,0.1816,0.134,0.0937,0.0836,7.2046,0.4726,0.8254,0.8172,0.8615,0.5172,0.7553,0.5418,0.8016,0.6129,0.8308,0.5,0.6863,0.0,0.0769,0.0448,0.2121,0.2086,0.0606,0.041,0.0113,0.027,0.0085,0.0218,1
1,2,32.0,1.4625,1.1687,2.9744,3.1346,1243.659,0.0505,2.1026,4.1026,334.728,171.5481,4.6154,79.7054,83.8782,0.699,0.1085,0.6565,0.1035,0.7049,0.0788,3.25,12.2564,4.327,4.1656,1.841,2.2564,1.6667,5.5905,7.1379,1.6667,7.7692,0.4865,4.8205,6.4894,28.8889,32.0856,2.2407,7.5336,2.4957,2.3127,0.9873,3.5581,2.0277,81.59,25.1046,0.0,79.4979,60.6695,56.4854,18.8285,8.3682,20.9205,81.59,121.3389,171.5481,215.4812,6.2762,50.2092,33.4728,37.6569,470.7113,62.7615,12.5523,20.9205,4.1841,23.0126,2.0921,43.9331,23.0126,66.9456,2.0921,135.9833,125.523,60.437,67.1247,0.4707,0.2155,0.1715,0.0502,0.0335,6.2762,0.5146,0.7573,0.9024,0.9583,0.8125,0.8576,0.6004,0.7282,0.7317,0.875,0.8125,0.7869,0.0283,0.0,0.0,0.1579,0.1174,0.0526,0.0391,0.0238,0.0572,0.0053,0.023,1
1,1,64.0,1.3204,1.0493,2.6129,3.0026,1139.9643,0.0562,2.4032,4.5806,310.7221,163.0197,4.6452,83.8741,78.6304,0.719,0.1049,0.6852,0.1032,0.6792,0.0824,2.9524,14.7419,4.3098,4.1114,1.8862,2.5161,1.8871,4.986,7.3885,2.1786,8.5194,0.4545,5.6935,6.5241,30.0,34.8123,2.6453,12.2065,2.5121,2.3596,1.0023,4.5173,2.0212,67.8337,22.9759,1.0941,86.4333,40.4814,37.1991,42.6696,7.6586,26.2582,63.4573,106.1269,163.0197,191.4661,17.5055,38.2932,55.7987,21.8818,448.5777,98.4683,18.5996,35.0109,17.5055,25.1641,2.1882,51.4223,13.1291,67.8337,2.1882,134.5733,111.5974,32.8228,38.0879,0.4486,0.1915,0.163,0.0383,0.0558,10.9409,0.4212,0.5829,0.9262,0.8,0.5294,0.7096,0.4726,0.5714,0.6309,0.7429,0.5294,0.6187,0.0838,0.0976,0.1866,0.1639,0.1766,0.1148,0.1169,0.0118,0.028,0.0113,0.0293,1
2,9,94.0,1.0913,0.8731,1.78,2.6916,1085.8518,0.0527,1.5267,2.9933,354.6603,180.8847,3.52,81.7731,84.6293,0.613,0.1238,0.5944,0.139,0.6237,0.0,75.0,8.44,4.4845,4.3508,1.8934,1.9067,2.48,4.4077,6.8157,1.7736,8.4451,0.5962,3.22,6.7785,19.2893,25.4321,46.0,7.6972,2.6692,2.5492,0.9955,3.07,2.4644,118.4834,1.5798,0.7899,90.8373,45.0237,38.7046,29.2259,2.3697,22.9068,76.6193,131.9115,180.8847,195.8926,31.5956,33.1754,56.872,24.4866,466.8246,101.8957,22.9068,31.5956,26.8562,19.7472,0.7899,34.7551,6.3191,46.6035,2.3697,90.0474,81.3586,15.2364,20.0885,0.4668,0.1959,0.1809,0.0332,0.0569,19.7472,0.4092,0.7097,0.7118,0.9762,0.4444,0.7105,0.5205,0.6613,0.4498,0.9048,0.4306,0.6116,0.1389,0.0338,0.0147,0.0537,0.0586,0.0336,0.0123,0.0067,0.0291,0.0044,0.0214,1
2,2,21.0,1.3208,0.9623,1.5263,3.5358,720.9961,0.0572,3.1053,5.5789,314.5401,175.0742,5.5789,98.4976,73.3775,0.8211,0.0559,0.7886,0.0578,0.7874,0.0,9.5,17.7368,4.5194,4.2687,1.9228,3.6316,1.5789,4.7396,5.4571,1.9048,6.9796,0.3529,6.6316,6.873,18.3432,21.2598,0.5,5.8655,2.5589,2.3486,0.9591,2.757,2.3299,56.3798,5.9347,0.0,38.5757,2.9674,0.0,35.6083,2.9674,44.5104,97.9228,121.6617,175.0742,216.6172,26.7062,32.6409,77.1513,17.8042,501.4837,97.9228,35.6083,41.543,11.8694,8.9021,0.0,35.6083,5.9347,50.4451,0.0,91.9881,80.1187,54.4309,63.0855,0.5015,0.2166,0.1751,0.0326,0.0772,11.8694,0.5163,0.7808,0.8136,0.9091,0.5385,0.7605,0.5519,0.7534,0.5763,0.9091,0.5,0.6847,0.1098,0.2353,0.1605,0.2222,0.1345,0.2222,0.0994,0.0358,0.0399,0.0185,0.0302,0
2,1,20.0,1.5135,1.1892,3.4444,3.5594,968.5982,0.0508,2.5556,4.1111,303.2787,188.5246,4.8889,78.0321,76.2101,0.7415,0.0731,0.7246,0.0725,0.7155,0.0,9.0,13.5556,4.5556,4.3251,1.9467,2.6111,2.9444,4.6667,5.8684,2.1,7.2143,0.5714,5.2222,6.8617,19.5122,22.2222,2.0,9.2209,3.0537,2.9026,1.1844,3.8522,3.5056,73.7705,8.1967,0.0,40.9836,8.1967,0.0,32.7869,4.0984,24.5902,81.9672,155.7377,188.5246,200.8197,24.5902,45.082,69.6721,16.3934,504.0984,65.5738,12.2951,32.7869,12.2951,8.1967,0.0,40.9836,8.1967,49.1803,0.0,98.3607,90.1639,79.968,91.0746,0.5041,0.2008,0.1885,0.0451,0.0697,12.2951,0.582,0.8163,0.8261,1.0,0.6471,0.8224,0.6189,0.7551,0.5652,0.9091,0.6471,0.7191,0.1091,0.0625,0.0921,0.0588,0.1111,0.0588,0.0784,0.0082,0.0248,0.0176,0.0419,0
4,1,38.0,1.2213,1.0328,2.32,3.4384,1080.7623,0.0524,2.52,4.88,320.21,165.3543,4.88,102.543,74.2873,0.7635,0.0719,0.7407,0.0839,0.7439,0.0,12.5,15.24,4.5553,4.3132,1.9501,2.96,2.32,5.3978,6.4697,1.4167,7.5926,0.3333,5.32,7.3083,17.2589,20.1342,1.5,7.7319,2.8469,2.7085,1.0844,2.7088,2.5961,65.6168,5.2493,0.0,65.6168,2.6247,0.0,60.3675,7.874,20.9974,81.3648,118.1102,165.3543,220.4724,7.874,76.1155,55.1181,13.1234,517.0604,78.7402,20.9974,36.7454,7.874,5.2493,7.874,31.4961,13.1234,44.6194,0.0,89.2388,78.7402,45.299,52.8457,0.5171,0.2205,0.1654,0.0761,0.0551,13.1234,0.5276,0.7143,0.8254,0.9655,0.4762,0.7454,0.5879,0.6905,0.5873,0.931,0.4762,0.6713,0.0345,0.087,0.1575,0.1667,0.2267,0.0833,0.1567,0.0147,0.0309,0.0186,0.0349,0
4,5,28.0,1.2959,1.0204,3.6,2.9927,1106.7568,0.0501,3.4,6.5333,334.471,174.0614,5.7333,86.5192,66.916,0.7717,0.0599,0.7646,0.0666,0.7707,0.0,7.5,19.5333,4.6758,4.3549,2.0,3.6,2.0,4.1471,5.9556,1.2308,7.875,0.3333,8.0,7.1917,19.403,22.807,2.5,11.7125,2.8776,2.6728,1.0709,4.4422,2.5209,51.1945,6.8259,0.0,54.6075,10.2389,6.8259,44.3686,17.0648,30.7167,88.7372,105.802,174.0614,180.8874,47.7816,64.8464,37.5427,13.6519,457.3379,81.9113,17.0648,47.7816,10.2389,6.8259,0.0,23.8908,6.8259,54.6075,3.413,88.7372,88.7372,66.2218,77.8396,0.4573,0.1809,0.1741,0.0648,0.0375,10.2389,0.5666,0.8302,0.9608,0.7368,0.6364,0.7911,0.6587,0.7925,0.7255,0.7368,0.6364,0.7228,0.209,0.1538,0.1636,0.2143,0.2286,0.1429,0.1429,0.0167,0.0516,0.0162,0.0389,0
3,2,23.0,1.0115,0.8621,4.2143,3.4086,1000.7091,0.0451,3.6429,6.2143,303.1359,177.7003,5.7143,102.7845,70.3202,0.8159,0.054,0.7973,0.0618,0.7917,0.0,7.0,20.5,4.5226,4.3101,1.9268,4.5,2.9286,5.0735,5.6829,1.7333,7.9615,0.4,7.6429,7.0467,21.3235,24.1667,1.0,6.6842,2.6475,2.4928,1.0077,2.5803,2.1197,48.7805,6.9686,0.0,59.2334,17.4216,3.4843,41.8118,10.453,41.8118,108.0139,114.9826,177.7003,156.7944,31.3589,80.1394,59.2334,20.9059,473.8676,132.4042,20.9059,52.2648,27.8746,27.8746,3.4843,24.3902,27.8746,45.2962,3.4843,101.0453,101.0453,74.2979,84.2045,0.4739,0.1568,0.1777,0.0801,0.0592,17.4216,0.5958,0.9333,0.9216,0.913,0.5882,0.839,0.6272,0.8444,0.6863,0.8696,0.5882,0.7471,0.1667,0.0,0.0233,0.0769,0.0769,0.0,0.033,0.0141,0.0266,0.0113,0.0221,0
5,4,36.0,1.732,1.2353,5.0294,3.3376,947.9739,0.0625,1.7941,4.5,312.2449,124.4898,4.7353,65.5303,77.7727,0.665,0.1625,0.657,0.1353,0.6396,0.1398,2.0,14.4118,4.4382,4.2453,1.9061,2.2353,3.0588,4.3516,7.3039,1.8,8.2529,0.2963,5.5,6.6203,20.0,25.1572,1.4951,10.9225,2.6467,2.5511,0.9997,3.6562,2.4121,69.3878,34.6939,0.0,46.9388,6.1224,6.1224,36.7347,0.0,22.449,46.9388,81.6327,124.4898,226.5306,26.5306,65.3061,42.8571,16.3265,459.1837,165.3061,48.9796,59.1837,10.2041,42.8571,4.0816,24.4898,16.3265,48.9796,2.0408,91.8367,81.6327,40.8163,51.3412,0.4592,0.2265,0.1245,0.0653,0.0429,2.0408,0.4531,0.5586,0.9016,0.875,0.6667,0.7505,0.5347,0.5315,0.7869,0.875,0.6667,0.715,0.1048,0.4118,0.3056,0.4242,0.3173,0.3939,0.2638,0.0326,0.0508,0.0248,0.045,1
4,2,74.0,1.3655,1.0798,3.75,2.8478,1198.9303,0.0515,2.9,5.95,307.8913,150.0647,5.35,97.4639,68.1376,0.7427,0.1171,0.7298,0.1168,0.7563,0.0576,3.6364,19.325,4.5327,4.2291,1.9832,3.225,2.475,5.0359,6.5238,2.0741,7.7374,0.3636,6.775,7.1624,29.3447,33.9286,2.3845,9.5561,2.6778,2.5317,1.0783,3.38,2.145,51.7464,14.2303,0.0,58.2147,0.0,0.0,58.2147,9.0556,28.4605,73.7387,95.7309,150.0647,196.6365,0.0,45.2781,62.0957,15.5239,454.075,104.7865,19.4049,43.9845,11.6429,23.2859,6.4683,41.3972,16.8176,72.445,2.5873,133.2471,122.8978,37.9621,43.8921,0.4541,0.1966,0.1501,0.0453,0.0621,12.9366,0.4618,0.8092,0.8793,0.9429,0.4792,0.7776,0.4761,0.7697,0.6638,0.9429,0.4792,0.7139,0.0,0.0345,0.1071,0.1795,0.2218,0.0513,0.0949,0.0099,0.0199,0.0093,0.0231,1
4,5,92.0,1.2593,1.1,3.4468,2.9794,972.7457,0.0633,3.234,5.7447,286.3203,161.1877,5.7021,89.3545,71.9104,0.7739,0.0808,0.7763,0.0897,0.7707,0.0482,3.9167,20.0638,4.3863,4.158,1.9077,3.4468,2.2553,4.8915,6.9293,2.2439,8.2727,0.375,7.0426,6.858,21.542,30.0,2.465,10.93,2.6737,2.5078,1.0717,3.7471,2.3923,49.8409,12.7253,0.0,54.0827,0.0,0.0,54.0827,7.4231,34.9947,85.8961,83.7752,161.1877,194.0615,9.544,49.8409,62.5663,19.088,467.6564,98.6214,22.2694,32.8738,22.2694,15.9067,5.3022,32.8738,16.9671,50.9014,0.0,100.7423,92.2587,22.8441,31.8134,0.4677,0.1941,0.1612,0.0498,0.0626,13.7858,0.3849,0.5956,0.7697,0.7872,0.4746,0.6568,0.4231,0.5792,0.5526,0.7234,0.4746,0.5825,0.0469,0.1143,0.1524,0.2391,0.3117,0.1522,0.198,0.0129,0.025,0.0194,0.0342,1
1,2,126.0,1.4826,1.2238,2.0625,2.9022,1240.2679,0.0436,1.4375,2.6875,299.1304,160.0,3.7578,110.8631,76.5803,0.6302,0.1498,0.5845,0.1414,0.5916,0.1073,2.7234,8.9844,4.7441,4.5694,2.0183,1.7578,2.0391,4.4109,6.5309,1.9744,7.6774,0.2414,3.7109,7.1263,37.9549,42.7252,2.1108,6.8795,2.7619,2.6618,1.0909,3.003,2.2685,111.3043,40.8696,2.6087,60.0,26.9565,23.4783,23.4783,3.4783,23.4783,50.4348,106.9565,160.0,206.087,22.6087,72.1739,63.4783,12.1739,501.7391,85.2174,14.7826,33.913,15.6522,19.1304,1.7391,84.3478,33.0435,70.4348,2.6087,190.4348,160.8696,33.0043,37.1523,0.5017,0.2061,0.16,0.0722,0.0635,17.3913,0.4722,0.7595,0.8261,0.8313,0.5068,0.7309,0.5217,0.7131,0.6522,0.7108,0.4795,0.6389,0.0989,0.0494,0.0372,0.1102,0.0375,0.063,0.014,0.0165,0.0587,0.0062,0.0335,1
3,3,59.0,1.6231,1.2161,5.7027,3.1649,951.5317,0.0578,2.6216,5.3784,290.5109,141.6058,4.8919,78.5616,74.0876,0.7522,0.0668,0.7412,0.0857,0.7406,0.0418,2.4667,18.5135,4.4356,4.3615,1.8978,2.973,3.1351,4.6061,6.3529,2.76,7.85,0.4167,6.8378,6.9802,26.9373,30.0,1.6275,10.9978,2.6783,2.6105,1.0357,4.1297,2.2057,54.0146,21.8978,0.0,35.0365,8.7591,8.7591,26.2774,7.2993,27.7372,70.073,87.5912,141.6058,134.3066,80.292,49.635,70.073,29.1971,395.6204,113.8686,23.3577,43.7956,13.1387,26.2774,7.2993,33.5766,21.8978,51.0949,0.0,106.5693,87.5912,39.3245,43.7956,0.3956,0.1343,0.1416,0.0496,0.0701,14.5985,0.4409,0.7826,0.7938,0.9118,0.4375,0.7314,0.5022,0.7717,0.6289,0.8824,0.4375,0.6801,0.3741,0.0,0.0213,0.0556,0.0571,0.0556,0.036,0.017,0.0335,0.0136,0.0341,1
1,1,21.0,1.2105,1.0,2.3571,2.765,864.8974,0.0475,4.0714,5.4286,292.3077,219.2308,5.3571,96.8858,72.2818,0.7625,0.1091,0.7093,0.1057,0.7136,0.0,7.0,18.5714,4.6231,4.4577,1.9269,4.1429,1.9286,5.0625,5.2955,1.25,7.6071,0.5385,7.2143,7.1881,23.2558,26.1682,1.0,13.8033,3.0326,2.9105,1.1122,6.1549,2.9575,53.8462,7.6923,7.6923,65.3846,0.0,0.0,46.1538,3.8462,46.1538,119.2308,130.7692,219.2308,176.9231,30.7692,42.3077,57.6923,26.9231,496.1538,107.6923,15.3846,50.0,7.6923,34.6154,0.0,38.4615,7.6923,65.3846,3.8462,115.3846,107.6923,89.4454,100.6469,0.4962,0.1769,0.2192,0.0423,0.0577,11.5385,0.5923,0.8261,0.8596,1.0,0.6667,0.8381,0.6269,0.8261,0.7018,0.9091,0.6667,0.7759,0.1481,0.3333,0.1628,0.3846,0.1538,0.3077,0.0989,0.0286,0.0357,0.0118,0.0264,0
5,3,16.0,1.1584,1.0099,4.2778,3.6583,797.1514,0.0576,3.1111,5.6111,323.7179,179.4872,5.1667,81.064,80.6985,0.8001,0.0607,0.7807,0.0687,0.7985,0.0,9.0,17.3333,4.1415,3.9839,1.8077,3.2778,2.3889,4.5833,5.3676,1.2941,6.7255,0.6923,5.3333,6.4583,11.4094,15.0442,4.0,9.5917,2.4362,2.3441,0.9615,3.1972,2.4019,57.6923,6.4103,0.0,86.5385,57.6923,41.6667,28.8462,3.2051,38.4615,99.359,128.2051,179.4872,214.7436,3.2051,38.4615,44.8718,28.8462,477.5641,96.1538,6.4103,22.4359,35.2564,22.4359,9.6154,12.8205,3.2051,38.4615,0.0,54.4872,54.4872,36.5686,48.2186,0.4776,0.2147,0.1795,0.0385,0.0449,9.6154,0.5224,0.7164,0.8393,0.9167,0.5714,0.761,0.5577,0.7015,0.6071,0.9167,0.5714,0.6992,0.0147,0.1875,0.1591,0.4118,0.2614,0.2353,0.1438,0.0362,0.0413,0.0166,0.03,0
4,1,28.0,1.5,1.1486,4.3077,3.0754,1112.4764,0.0465,3.6154,5.6923,309.6234,196.6527,5.3846,117.0,65.8283,0.7829,0.0651,0.7695,0.0644,0.7652,0.0,6.5,18.3846,4.8571,4.395,2.0377,3.6154,1.7692,4.6038,5.775,1.9091,7.2414,0.25,7.6154,7.4242,22.0339,23.7624,1.5,8.8972,2.9599,2.7247,1.1727,3.7732,2.6404,54.3933,8.3682,0.0,29.2887,0.0,0.0,29.2887,4.1841,37.6569,100.4184,133.8912,196.6527,221.7573,16.7364,33.4728,41.841,20.9205,493.7238,108.7866,20.9205,33.4728,37.6569,12.5523,4.1841,16.7364,12.5523,75.3138,4.1841,108.7866,100.4184,92.1921,99.4243,0.4937,0.2218,0.1967,0.0335,0.0418,8.3682,0.6067,0.8113,0.8936,1.0,0.8,0.8762,0.6987,0.7925,0.766,1.0,0.8,0.8396,0.0702,0.0909,0.1842,0.25,0.2949,0.1667,0.2179,0.0147,0.0271,0.0192,0.0323,0
5,6,15.0,1.1429,0.873,3.5,3.53,878.9478,0.0593,2.5,4.5,331.5789,184.2105,4.2143,69.6667,72.6814,0.7184,0.0894,0.7123,0.0915,0.711,0.0,7.0,13.5714,4.7196,4.4497,2.0053,2.8571,2.8571,4.625,5.75,2.0,7.8333,0.4545,5.6429,7.5063,19.7674,23.9437,3.0,8.797,3.3223,3.1174,1.2711,4.0108,3.1936,73.6842,10.5263,0.0,57.8947,0.0,0.0,52.6316,10.5263,31.5789,84.2105,105.2632,184.2105,147.3684,68.4211,47.3684,73.6842,26.3158,452.6316,73.6842,10.5263,47.3684,5.2632,5.2632,5.2632,5.2632,26.3158,52.6316,5.2632,89.4737,89.4737,104.0389,126.0195,0.4526,0.1474,0.1842,0.0474,0.0737,21.0526,0.5684,0.75,0.9429,1.0,0.5714,0.8161,0.7316,0.75,0.8,1.0,0.5714,0.7803,0.3171,0.0833,0.098,0.0769,0.0989,0.0769,0.0769,0.0131,0.0345,0.013,0.0311,0
4,1,16.0,1.1515,0.9798,2.9375,3.5863,1013.194,0.048,3.75,6.1875,309.375,187.5,6.0625,101.5625,77.1275,0.786,0.1107,0.7978,0.084,0.7922,0.0,8.0,20.0,4.2625,4.0531,1.8219,4.125,2.0,5.3012,5.569,1.8182,7.8611,0.7368,6.8125,6.7248,18.239,21.0938,1.0,9.5066,2.4937,2.3292,0.976,3.8604,2.1067,50.0,6.25,0.0,100.0,62.5,43.75,37.5,9.375,53.125,106.25,112.5,187.5,175.0,0.0,53.125,81.25,43.75,496.875,90.625,15.625,46.875,6.25,15.625,6.25,18.75,18.75,50.0,3.125,90.625,84.375,56.9969,65.9181,0.4969,0.175,0.1875,0.0531,0.0813,21.875,0.5687,0.8393,0.8833,0.9412,0.5769,0.8102,0.6031,0.8036,0.6667,0.9412,0.5769,0.7471,0.0,0.0,0.0702,0.2667,0.2833,0.0,0.0833,0.0239,0.0411,0.0173,0.0322,0
6,1,58.0,1.363,1.1037,3.8108,2.5565,863.7698,0.0635,3.7027,7.2973,322.5806,163.6798,6.1351,85.6982,72.4398,0.8205,0.0662,0.8034,0.0732,0.8182,0.0709,1.6087,22.6216,4.2773,4.1212,1.8554,3.8919,2.8108,3.5463,6.5867,1.1429,7.4729,0.3636,7.6216,6.5745,19.202,28.8,0.7655,9.7962,2.4017,2.2424,0.965,3.4902,2.1179,44.2055,27.4791,0.0,93.19,64.5161,53.7634,25.0896,4.779,14.3369,93.19,118.2796,163.6798,201.9116,0.0,46.595,66.9056,14.3369,479.092,80.0478,14.3369,34.6476,14.3369,13.1422,3.5842,15.5317,15.5317,57.3477,3.5842,91.9952,86.0215,22.9415,34.4086,0.4791,0.2019,0.1637,0.0466,0.0669,8.3632,0.3955,0.4556,0.8394,0.8205,0.4821,0.6494,0.4349,0.4142,0.562,0.7179,0.4464,0.5351,0.0,0.3571,0.3333,0.3889,0.4489,0.3333,0.3514,0.0337,0.038,0.0283,0.0366,1
3,2,80.0,1.6943,1.2435,3.0,3.2526,782.4782,0.0691,2.766,4.1064,278.9017,187.8613,5.0426,39.0403,72.5158,0.7928,0.0827,0.7248,0.0931,0.7752,0.0902,1.88,14.7234,4.6303,4.3872,1.9884,2.9574,2.1064,5.2099,5.6791,1.8462,7.2526,0.2,5.1064,7.5292,23.0994,26.9036,1.2432,7.6149,2.8464,2.5408,1.1416,2.8452,2.2021,67.9191,36.1272,0.0,39.0173,27.4566,14.4509,11.5607,13.0058,52.0231,85.2601,96.8208,187.8613,176.3006,8.6705,73.6994,56.3584,1.4451,494.2197,83.815,18.7861,40.4624,11.5607,13.0058,0.0,34.6821,21.6763,56.3584,1.4451,114.1618,76.5896,33.3806,38.878,0.4942,0.1763,0.1879,0.0737,0.0564,14.4509,0.3902,0.5738,0.5462,0.7843,0.5128,0.6043,0.4422,0.5492,0.4231,0.7647,0.5128,0.5625,0.0469,0.2273,0.15,0.2826,0.0888,0.2609,0.0851,0.0741,0.0882,0.0226,0.0448,1
6,4,58.0,1.2013,1.0268,4.7083,2.7933,1066.9812,0.0461,3.3333,6.2083,320.4301,172.043,5.5833,99.1582,64.1098,0.7829,0.1196,0.7468,0.1086,0.7806,0.1267,1.1429,19.375,5.0066,4.7336,2.0495,3.7917,2.625,4.5517,6.1899,1.7333,7.2344,0.0,7.7917,7.5455,25.9109,31.2169,0.4666,9.3756,2.9393,2.7412,1.149,4.0618,2.3564,51.6129,45.1613,0.0,23.6559,12.9032,2.1505,10.7527,12.9032,32.2581,107.5269,113.9785,172.043,212.9032,0.0,77.4194,68.8172,0.0,531.1828,66.6667,4.3011,36.5591,4.3011,19.3548,2.1505,47.3118,32.2581,51.6129,6.4516,137.6344,126.8817,55.7224,67.1331,0.5312,0.2129,0.172,0.0774,0.0688,23.6559,0.5419,0.7475,0.825,0.9167,0.5625,0.7629,0.5677,0.697,0.6625,0.8611,0.5625,0.6958,0.0,0.3333,0.25,0.3478,0.1304,0.3043,0.1304,0.0357,0.0394,0.0203,0.0308,1
1,3,69.0,1.8217,1.2609,4.2286,3.0397,1281.6676,0.0429,3.4857,6.5714,295.6298,156.8123,5.3429,108.0365,68.1,0.7813,0.0758,0.7591,0.0853,0.8003,0.0393,3.1818,22.2286,4.4606,4.3819,1.9344,4.0286,3.2286,4.4444,6.053,2.027,7.3596,0.4118,8.7714,6.8339,20.3209,24.3506,1.9917,15.3383,2.651,2.5275,1.0352,6.3655,2.1511,44.9871,14.1388,1.2853,53.9846,19.2802,17.9949,32.1337,11.5681,38.5604,97.6864,73.2648,156.8123,209.5116,8.9974,47.5578,66.838,8.9974,480.7198,79.6915,20.5656,30.8483,16.7095,8.9974,2.5707,30.8483,21.8509,43.7018,1.2853,97.6864,96.401,26.1194,31.299,0.4807,0.2095,0.1568,0.0476,0.0668,20.5656,0.5129,0.8712,0.877,0.973,0.4808,0.8005,0.5887,0.816,0.6557,0.973,0.4808,0.7314,0.0412,0.0,0.0167,0.1176,0.0941,0.0,0.0336,0.015,0.0295,0.0112,0.0272,1
4,1,53.0,0.9663,0.7933,2.3958,3.6135,871.631,0.0579,2.5625,4.3333,318.0428,188.0734,4.5625,104.8316,76.9792,0.788,0.073,0.7709,0.0844,0.786,0.0454,2.0,13.625,4.3717,4.2074,1.9327,2.875,2.1458,4.592,5.661,1.2333,7.1705,0.5789,4.7083,6.6416,13.0159,20.098,1.354,6.7442,2.5321,2.4157,1.0353,2.6375,2.3043,73.3945,36.6972,0.0,85.6269,48.9297,38.2263,35.1682,4.5872,25.9939,87.156,131.4985,188.0734,163.6086,36.6972,59.633,70.3364,33.6391,481.6514,100.9174,16.8196,51.9878,18.3486,10.7034,3.0581,9.1743,6.1162,44.3425,3.0581,62.6911,62.6911,19.902,30.7309,0.4817,0.1636,0.1881,0.0596,0.0703,30.581,0.445,0.5888,0.7642,0.7949,0.3913,0.6348,0.4985,0.5794,0.5122,0.7949,0.3478,0.5586,0.1832,0.0833,0.087,0.1489,0.1853,0.0851,0.1108,0.0171,0.0369,0.0205,0.0374,1
