version: 1.0,published: 04/09/2019,date queried: 01/10/2020,email: kepa.bengoetxea@ehu.eus,grade: 9-12,domains: social_studies

Word,Domain,Grade,Grade 9-12 Frequency
proctor,social_studies,9-12,633
danforth,social_studies,9-12,377
conservative,social_studies,9-12,248
hath,social_studies,9-12,239
economist,social_studies,9-12,186
subregion,social_studies,9-12,168
liberal,social_studies,9-12,165
industrialization,social_studies,9-12,153
oceania,social_studies,9-12,147
satire,social_studies,9-12,143
recession,social_studies,9-12,135
regime,social_studies,9-12,133
archetypal,social_studies,9-12,129
monetary,social_studies,9-12,125
fiscal,social_studies,9-12,113
merge,social_studies,9-12,111
successor,social_studies,9-12,97
heroism,social_studies,9-12,94
parody,social_studies,9-12,90
allegory,social_studies,9-12,87
corporate,social_studies,9-12,87
counsel,social_studies,9-12,87
turmoil,social_studies,9-12,85
politically,social_studies,9-12,84
faction,social_studies,9-12,83
germanic,social_studies,9-12,80
defendant,social_studies,9-12,76
psyche,social_studies,9-12,76
territorial,social_studies,9-12,74
colonialism,social_studies,9-12,71
totalitarian,social_studies,9-12,71
modernist,social_studies,9-12,69
juvenile,social_studies,9-12,68
suppress,social_studies,9-12,67
demographic,social_studies,9-12,66
divorce,social_studies,9-12,66
authoritarian,social_studies,9-12,65
discontent,social_studies,9-12,64
disobedience,social_studies,9-12,64
preside,social_studies,9-12,64
commodity,social_studies,9-12,63
slaughter,social_studies,9-12,63
tenant,social_studies,9-12,63
upheld,social_studies,9-12,62
witchcraft,social_studies,9-12,61
sovereign,social_studies,9-12,60
multinational,social_studies,9-12,59
parliamentary,social_studies,9-12,59
capitalist,social_studies,9-12,58
guild,social_studies,9-12,58
recount,social_studies,9-12,58
fascist,social_studies,9-12,57
reelection,social_studies,9-12,56
slav,social_studies,9-12,56
bolshevik,social_studies,9-12,55
domination,social_studies,9-12,54
hinder,social_studies,9-12,54
modernize,social_studies,9-12,54
persecute,social_studies,9-12,52
testify,social_studies,9-12,52
thine,social_studies,9-12,52
centralize,social_studies,9-12,51
privately,social_studies,9-12,50
secession,social_studies,9-12,50
denounce,social_studies,9-12,49
rhetoric,social_studies,9-12,49
militant,social_studies,9-12,47
modernization,social_studies,9-12,46
naturalism,social_studies,9-12,46
bankruptcy,social_studies,9-12,45
constituent,social_studies,9-12,45
deputy,social_studies,9-12,45
militarism,social_studies,9-12,45
shalt,social_studies,9-12,45
upheaval,social_studies,9-12,45
bosom,social_studies,9-12,44
detente,social_studies,9-12,44
duchess,social_studies,9-12,44
emergence,social_studies,9-12,44
equity,social_studies,9-12,44
psalm,social_studies,9-12,44
purge,social_studies,9-12,44
realist,social_studies,9-12,44
slavic,social_studies,9-12,44
catholicism,social_studies,9-12,43
caucus,social_studies,9-12,43
decisive,social_studies,9-12,43
extremist,social_studies,9-12,43
ideology,social_studies,9-12,43
liquor,social_studies,9-12,43
proprietorship,social_studies,9-12,43
affirm,social_studies,9-12,42
deity,social_studies,9-12,42
nominee,social_studies,9-12,42
southward,social_studies,9-12,42
submission,social_studies,9-12,42
aboriginal,social_studies,9-12,41
annexation,social_studies,9-12,41
individualism,social_studies,9-12,41
superiority,social_studies,9-12,41
covenant,social_studies,9-12,40
franchise,social_studies,9-12,40
gamble,social_studies,9-12,40
ghetto,social_studies,9-12,40
lawsuit,social_studies,9-12,40
adoption,social_studies,9-12,39
aristocracy,social_studies,9-12,39
healthcare,social_studies,9-12,39
plunder,social_studies,9-12,39
anglican,social_studies,9-12,38
sikh,social_studies,9-12,38
anarchy,social_studies,9-12,37
indulgence,social_studies,9-12,37
lynch,social_studies,9-12,37
witty,social_studies,9-12,37
worldly,social_studies,9-12,37
censor,social_studies,9-12,36
centrally,social_studies,9-12,36
insure,social_studies,9-12,36
metaphysical,social_studies,9-12,36
squire,social_studies,9-12,36
strife,social_studies,9-12,36
virtuous,social_studies,9-12,36
ambush,social_studies,9-12,35
bestow,social_studies,9-12,35
conspiracy,social_studies,9-12,35
enlightened,social_studies,9-12,35
imperialist,social_studies,9-12,35
redress,social_studies,9-12,35
unskilled,social_studies,9-12,35
protectorate,social_studies,9-12,34
taxpayer,social_studies,9-12,34
vernacular,social_studies,9-12,34
activism,social_studies,9-12,33
adversary,social_studies,9-12,33
confrontation,social_studies,9-12,33
counterculture,social_studies,9-12,33
demonstrator,social_studies,9-12,33
edict,social_studies,9-12,33
epitaph,social_studies,9-12,33
grotesque,social_studies,9-12,33
tavern,social_studies,9-12,33
commune,social_studies,9-12,32
endorse,social_studies,9-12,32
feud,social_studies,9-12,32
fortify,social_studies,9-12,32
glasnost,social_studies,9-12,32
nubian,social_studies,9-12,32
offset,social_studies,9-12,32
partisan,social_studies,9-12,32
redeem,social_studies,9-12,32
repression,social_studies,9-12,32
translator,social_studies,9-12,32
appropriation,social_studies,9-12,31
forbade,social_studies,9-12,31
grandeur,social_studies,9-12,31
monstrous,social_studies,9-12,31
optimism,social_studies,9-12,31
satirical,social_studies,9-12,31
servitude,social_studies,9-12,31
stockholder,social_studies,9-12,31
cede,social_studies,9-12,30
devout,social_studies,9-12,30
entreat,social_studies,9-12,30
expire,social_studies,9-12,30
hapsburg,social_studies,9-12,30
opium,social_studies,9-12,30
perestroika,social_studies,9-12,30
privatization,social_studies,9-12,30
safeguard,social_studies,9-12,30
absolutism,social_studies,9-12,29
aide,social_studies,9-12,29
aristocratic,social_studies,9-12,29
assent,social_studies,9-12,29
brutality,social_studies,9-12,29
compulsory,social_studies,9-12,29
conservatism,social_studies,9-12,29
facto,social_studies,9-12,29
forgiveness,social_studies,9-12,29
illiterate,social_studies,9-12,29
prosecute,social_studies,9-12,29
afghan,social_studies,9-12,28
apostle,social_studies,9-12,28
belgian,social_studies,9-12,28
bicameral,social_studies,9-12,28
cultivation,social_studies,9-12,28
default,social_studies,9-12,28
lobbyist,social_studies,9-12,28
mobilization,social_studies,9-12,28
omen,social_studies,9-12,28
scripture,social_studies,9-12,28
takeover,social_studies,9-12,28
theology,social_studies,9-12,28
airlift,social_studies,9-12,27
autonomy,social_studies,9-12,27
bloc,social_studies,9-12,27
commend,social_studies,9-12,27
convent,social_studies,9-12,27
escarpment,social_studies,9-12,27
lawful,social_studies,9-12,27
sparsely,social_studies,9-12,27
theocracy,social_studies,9-12,27
treeless,social_studies,9-12,27
abridge,social_studies,9-12,26
banishment,social_studies,9-12,26
barbarian,social_studies,9-12,26
bloodshed,social_studies,9-12,26
disapproval,social_studies,9-12,26
downturn,social_studies,9-12,26
environmentalist,social_studies,9-12,26
fundamentalist,social_studies,9-12,26
liberalism,social_studies,9-12,26
morally,social_studies,9-12,26
peacetime,social_studies,9-12,26
prestige,social_studies,9-12,26
reconciliation,social_studies,9-12,26
reestablish,social_studies,9-12,26
tamil,social_studies,9-12,26
televise,social_studies,9-12,26
archaic,social_studies,9-12,25
assimilation,social_studies,9-12,25
baptist,social_studies,9-12,25
breach,social_studies,9-12,25
consolidate,social_studies,9-12,25
emigrant,social_studies,9-12,25
endow,social_studies,9-12,25
harass,social_studies,9-12,25
huguenot,social_studies,9-12,25
indifference,social_studies,9-12,25
merciful,social_studies,9-12,25
ordain,social_studies,9-12,25
prosecution,social_studies,9-12,25
prosecutor,social_studies,9-12,25
sabbath,social_studies,9-12,25
sarcasm,social_studies,9-12,25
adjourn,social_studies,9-12,24
amnesty,social_studies,9-12,24
anarchist,social_studies,9-12,24
bailiff,social_studies,9-12,24
bankrupt,social_studies,9-12,24
bondage,social_studies,9-12,24
conformity,social_studies,9-12,24
creditor,social_studies,9-12,24
excise,social_studies,9-12,24
mutiny,social_studies,9-12,24
nationalize,social_studies,9-12,24
peacekeeping,social_studies,9-12,24
provisional,social_studies,9-12,24
sectional,social_studies,9-12,24
sepoy,social_studies,9-12,24
treatise,social_studies,9-12,24
trinity,social_studies,9-12,24
unalienable,social_studies,9-12,24
abdicate,social_studies,9-12,23
affirmation,social_studies,9-12,23
allocate,social_studies,9-12,23
archbishop,social_studies,9-12,23
elective,social_studies,9-12,23
embankment,social_studies,9-12,23
empower,social_studies,9-12,23
espionage,social_studies,9-12,23
exempt,social_studies,9-12,23
feminist,social_studies,9-12,23
industrialist,social_studies,9-12,23
insurrection,social_studies,9-12,23
naught,social_studies,9-12,23
nordic,social_studies,9-12,23
nullify,social_studies,9-12,23
restructure,social_studies,9-12,23
righteousness,social_studies,9-12,23
substantive,social_studies,9-12,23
tenure,social_studies,9-12,23
unitary,social_studies,9-12,23
vibrant,social_studies,9-12,23
warlike,social_studies,9-12,23
withhold,social_studies,9-12,23
apparition,social_studies,9-12,22
blitzkrieg,social_studies,9-12,22
bourgeoisie,social_studies,9-12,22
charitable,social_studies,9-12,22
desegregation,social_studies,9-12,22
didst,social_studies,9-12,22
foothold,social_studies,9-12,22
heretic,social_studies,9-12,22
labour,social_studies,9-12,22
oust,social_studies,9-12,22
patronize,social_studies,9-12,22
precinct,social_studies,9-12,22
relocation,social_studies,9-12,22
retaliation,social_studies,9-12,22
sacrament,social_studies,9-12,22
solace,social_studies,9-12,22
treachery,social_studies,9-12,22
unleash,social_studies,9-12,22
verdict,social_studies,9-12,22
avarice,social_studies,9-12,21
baroque,social_studies,9-12,21
bombardment,social_studies,9-12,21
bounty,social_studies,9-12,21
conscription,social_studies,9-12,21
denial,social_studies,9-12,21
deregulation,social_studies,9-12,21
filibuster,social_studies,9-12,21
freeman,social_studies,9-12,21
grassroots,social_studies,9-12,21
isolationist,social_studies,9-12,21
joust,social_studies,9-12,21
martyr,social_studies,9-12,21
narrowly,social_studies,9-12,21
neoclassical,social_studies,9-12,21
repressive,social_studies,9-12,21
solidarity,social_studies,9-12,21
suffragist,social_studies,9-12,21
totalitarianism,social_studies,9-12,21
absurdity,social_studies,9-12,20
battleship,social_studies,9-12,20
chaldean,social_studies,9-12,20
combatant,social_studies,9-12,20
commentator,social_studies,9-12,20
courtly,social_studies,9-12,20
dramatist,social_studies,9-12,20
felony,social_studies,9-12,20
financially,social_studies,9-12,20
firearm,social_studies,9-12,20
gladiator,social_studies,9-12,20
kinsman,social_studies,9-12,20
legalize,social_studies,9-12,20
nativism,social_studies,9-12,20
ornate,social_studies,9-12,20
parson,social_studies,9-12,20
picket,social_studies,9-12,20
provincial,social_studies,9-12,20
responsive,social_studies,9-12,20
shipyard,social_studies,9-12,20
statesman,social_studies,9-12,20
tutsi,social_studies,9-12,20
utopia,social_studies,9-12,20
zulu,social_studies,9-12,20
advisory,social_studies,9-12,19
arbitration,social_studies,9-12,19
armband,social_studies,9-12,19
behead,social_studies,9-12,19
candide,social_studies,9-12,19
cartel,social_studies,9-12,19
cartographer,social_studies,9-12,19
corse,social_studies,9-12,19
dharma,social_studies,9-12,19
disarmament,social_studies,9-12,19
dismantle,social_studies,9-12,19
entitlement,social_studies,9-12,19
ethnically,social_studies,9-12,19
geographically,social_studies,9-12,19
injunction,social_studies,9-12,19
jobless,social_studies,9-12,19
obstruct,social_studies,9-12,19
openness,social_studies,9-12,19
papal,social_studies,9-12,19
patriarch,social_studies,9-12,19
reinforcement,social_studies,9-12,19
satirize,social_studies,9-12,19
serfdom,social_studies,9-12,19
skyrocket,social_studies,9-12,19
slander,social_studies,9-12,19
stronghold,social_studies,9-12,19
subcommittee,social_studies,9-12,19
taxable,social_studies,9-12,19
affiliation,social_studies,9-12,18
apothecary,social_studies,9-12,18
assassin,social_studies,9-12,18
autocracy,social_studies,9-12,18
ayatollah,social_studies,9-12,18
beanbag,social_studies,9-12,18
constitutionality,social_studies,9-12,18
counterattack,social_studies,9-12,18
delegation,social_studies,9-12,18
depositor,social_studies,9-12,18
duel,social_studies,9-12,18
forcibly,social_studies,9-12,18
heartland,social_studies,9-12,18
hijack,social_studies,9-12,18
hun,social_studies,9-12,18
influx,social_studies,9-12,18
landholder,social_studies,9-12,18
libel,social_studies,9-12,18
mechanize,social_studies,9-12,18
misdemeanor,social_studies,9-12,18
mundane,social_studies,9-12,18
outspoken,social_studies,9-12,18
poignant,social_studies,9-12,18
predecessor,social_studies,9-12,18
priestess,social_studies,9-12,18
profess,social_studies,9-12,18
secrecy,social_studies,9-12,18
soothsayer,social_studies,9-12,18
stockpile,social_studies,9-12,18
summons,social_studies,9-12,18
theses,social_studies,9-12,18
unrestricted,social_studies,9-12,18
unsuccessfully,social_studies,9-12,18
watchman,social_studies,9-12,18
wield,social_studies,9-12,18
abolitionism,social_studies,9-12,17
analyst,social_studies,9-12,17
atrocity,social_studies,9-12,17
blitz,social_studies,9-12,17
brethren,social_studies,9-12,17
brutally,social_studies,9-12,17
candid,social_studies,9-12,17
collectivization,social_studies,9-12,17
damnation,social_studies,9-12,17
diocletian,social_studies,9-12,17
disloyalty,social_studies,9-12,17
entangle,social_studies,9-12,17
exemption,social_studies,9-12,17
falsely,social_studies,9-12,17
idealistic,social_studies,9-12,17
importation,social_studies,9-12,17
incorporation,social_studies,9-12,17
insurgent,social_studies,9-12,17
livy,social_studies,9-12,17
maxim,social_studies,9-12,17
navigable,social_studies,9-12,17
neoclassicism,social_studies,9-12,17
northernmost,social_studies,9-12,17
oppressor,social_studies,9-12,17
plaintiff,social_studies,9-12,17
popularly,social_studies,9-12,17
predominantly,social_studies,9-12,17
progressivism,social_studies,9-12,17
quorum,social_studies,9-12,17
racist,social_studies,9-12,17
reaffirm,social_studies,9-12,17
shantytown,social_studies,9-12,17
shareholder,social_studies,9-12,17
shopkeeper,social_studies,9-12,17
toltec,social_studies,9-12,17
unanimously,social_studies,9-12,17
assail,social_studies,9-12,16
benevolent,social_studies,9-12,16
breech,social_studies,9-12,16
concur,social_studies,9-12,16
countee,social_studies,9-12,16
courtroom,social_studies,9-12,16
daoist,social_studies,9-12,16
defoe,social_studies,9-12,16
dictatorial,social_studies,9-12,16
disclosure,social_studies,9-12,16
expressly,social_studies,9-12,16
fief,social_studies,9-12,16
franciscan,social_studies,9-12,16
gerrymander,social_studies,9-12,16
goodwill,social_studies,9-12,16
guru,social_studies,9-12,16
idol,social_studies,9-12,16
immunities,social_studies,9-12,16
impressionist,social_studies,9-12,16
inferno,social_studies,9-12,16
literate,social_studies,9-12,16
millet,social_studies,9-12,16
modesty,social_studies,9-12,16
oratory,social_studies,9-12,16
overstatement,social_studies,9-12,16
patronage,social_studies,9-12,16
proletariat,social_studies,9-12,16
redistribution,social_studies,9-12,16
satirist,social_studies,9-12,16
sensational,social_studies,9-12,16
steamship,social_studies,9-12,16
stoicism,social_studies,9-12,16
terrorize,social_studies,9-12,16
unconditional,social_studies,9-12,16
unevenly,social_studies,9-12,16
virginian,social_studies,9-12,16
accountable,social_studies,9-12,15
alienate,social_studies,9-12,15
anabaptist,social_studies,9-12,15
attainder,social_studies,9-12,15
brazen,social_studies,9-12,15
cowardice,social_studies,9-12,15
depose,social_studies,9-12,15
diligence,social_studies,9-12,15
dole,social_studies,9-12,15
effigy,social_studies,9-12,15
hotly,social_studies,9-12,15
idyll,social_studies,9-12,15
intifada,social_studies,9-12,15
intoxicate,social_studies,9-12,15
mesoamerican,social_studies,9-12,15
monopolistic,social_studies,9-12,15
officeholder,social_studies,9-12,15
overwhelmingly,social_studies,9-12,15
perjury,social_studies,9-12,15
predestination,social_studies,9-12,15
reprieve,social_studies,9-12,15
sandinista,social_studies,9-12,15
seafaring,social_studies,9-12,15
sensibility,social_studies,9-12,15
shogunate,social_studies,9-12,15
visa,social_studies,9-12,15
accursed,social_studies,9-12,14
aforesaid,social_studies,9-12,14
akkadian,social_studies,9-12,14
ascertain,social_studies,9-12,14
aught,social_studies,9-12,14
cleric,social_studies,9-12,14
custody,social_studies,9-12,14
deportation,social_studies,9-12,14
disembark,social_studies,9-12,14
disillusionment,social_studies,9-12,14
essayist,social_studies,9-12,14
extermination,social_studies,9-12,14
garner,social_studies,9-12,14
glorify,social_studies,9-12,14
helot,social_studies,9-12,14
impudence,social_studies,9-12,14
indictment,social_studies,9-12,14
institutional,social_studies,9-12,14
intern,social_studies,9-12,14
kinship,social_studies,9-12,14
legitimacy,social_studies,9-12,14
linguistic,social_studies,9-12,14
longtime,social_studies,9-12,14
macroeconomic,social_studies,9-12,14
manly,social_studies,9-12,14
nationally,social_studies,9-12,14
nominal,social_studies,9-12,14
proslavery,social_studies,9-12,14
pulpit,social_studies,9-12,14
quipu,social_studies,9-12,14
regressive,social_studies,9-12,14
relinquish,social_studies,9-12,14
sizable,social_studies,9-12,14
squadron,social_studies,9-12,14
stoic,social_studies,9-12,14
stubbornly,social_studies,9-12,14
torpedo,social_studies,9-12,14
transgress,social_studies,9-12,14
turnout,social_studies,9-12,14
unmarried,social_studies,9-12,14
wadi,social_studies,9-12,14
zeal,social_studies,9-12,14
acquiesce,social_studies,9-12,13
aggressor,social_studies,9-12,13
annul,social_studies,9-12,13
autonomous,social_studies,9-12,13
baptize,social_studies,9-12,13
brahmin,social_studies,9-12,13
chairperson,social_studies,9-12,13
consort,social_studies,9-12,13
constituency,social_studies,9-12,13
copious,social_studies,9-12,13
covert,social_studies,9-12,13
deceit,social_studies,9-12,13
desegregate,social_studies,9-12,13
disarm,social_studies,9-12,13
divisive,social_studies,9-12,13
electorate,social_studies,9-12,13
emancipate,social_studies,9-12,13
entrust,social_studies,9-12,13
enumeration,social_studies,9-12,13
fortitude,social_studies,9-12,13
fulfillment,social_studies,9-12,13
greenback,social_studies,9-12,13
henceforth,social_studies,9-12,13
hereby,social_studies,9-12,13
impersonal,social_studies,9-12,13
incumbent,social_studies,9-12,13
industrialism,social_studies,9-12,13
justly,social_studies,9-12,13
kabuki,social_studies,9-12,13
kurdish,social_studies,9-12,13
landless,social_studies,9-12,13
lawlessness,social_studies,9-12,13
millionaire,social_studies,9-12,13
multiparty,social_studies,9-12,13
mythic,social_studies,9-12,13
napalm,social_studies,9-12,13
offence,social_studies,9-12,13
parochial,social_studies,9-12,13
passionately,social_studies,9-12,13
penal,social_studies,9-12,13
perchance,social_studies,9-12,13
polder,social_studies,9-12,13
propriety,social_studies,9-12,13
rapture,social_studies,9-12,13
rebuttal,social_studies,9-12,13
richly,social_studies,9-12,13
sabotage,social_studies,9-12,13
seward,social_studies,9-12,13
sexton,social_studies,9-12,13
spokesperson,social_studies,9-12,13
stagflation,social_studies,9-12,13
stockbroker,social_studies,9-12,13
sultanate,social_studies,9-12,13
uneducated,social_studies,9-12,13
unsigned,social_studies,9-12,13
unwritten,social_studies,9-12,13
wasteland,social_studies,9-12,13
allegorical,social_studies,9-12,12
allocation,social_studies,9-12,12
antithesis,social_studies,9-12,12
appointee,social_studies,9-12,12
apportionment,social_studies,9-12,12
attire,social_studies,9-12,12
bribery,social_studies,9-12,12
cloture,social_studies,9-12,12
colloquial,social_studies,9-12,12
consolidation,social_studies,9-12,12
delian,social_studies,9-12,12
demeanor,social_studies,9-12,12
despot,social_studies,9-12,12
disloyal,social_studies,9-12,12
dissident,social_studies,9-12,12
enslavement,social_studies,9-12,12
entrepreneurship,social_studies,9-12,12
feign,social_studies,9-12,12
friedan,social_studies,9-12,12
insistence,social_studies,9-12,12
intermediary,social_studies,9-12,12
ironwork,social_studies,9-12,12
kristallnacht,social_studies,9-12,12
lncan,social_studies,9-12,12
mannerism,social_studies,9-12,12
mirth,social_studies,9-12,12
normalcy,social_studies,9-12,12
piracy,social_studies,9-12,12
rationalism,social_studies,9-12,12
reapportionment,social_studies,9-12,12
saloon,social_studies,9-12,12
scalawag,social_studies,9-12,12
seminary,social_studies,9-12,12
seniority,social_studies,9-12,12
sinhalese,social_studies,9-12,12
slowdown,social_studies,9-12,12
southernmost,social_studies,9-12,12
spam,social_studies,9-12,12
thoughtless,social_studies,9-12,12
trustee,social_studies,9-12,12
tyrannical,social_studies,9-12,12
unfriendly,social_studies,9-12,12
unicameral,social_studies,9-12,12
unnerve,social_studies,9-12,12
unpaid,social_studies,9-12,12
varna,social_studies,9-12,12
vizier,social_studies,9-12,12
westernization,social_studies,9-12,12
absentee,social_studies,9-12,11
acquit,social_studies,9-12,11
anticommunist,social_studies,9-12,11
apportion,social_studies,9-12,11
armament,social_studies,9-12,11
asylum,social_studies,9-12,11
authorization,social_studies,9-12,11
autocratic,social_studies,9-12,11
bandit,social_studies,9-12,11
borough,social_studies,9-12,11
bracero,social_studies,9-12,11
brasilia,social_studies,9-12,11
bureaucrat,social_studies,9-12,11
clerical,social_studies,9-12,11
coldly,social_studies,9-12,11
collateral,social_studies,9-12,11
comedian,social_studies,9-12,11
contemplation,social_studies,9-12,11
crucify,social_studies,9-12,11
cruelly,social_studies,9-12,11
deadlock,social_studies,9-12,11
envoy,social_studies,9-12,11
fateful,social_studies,9-12,11
foreclosure,social_studies,9-12,11
horrific,social_studies,9-12,11
housework,social_studies,9-12,11
hysterical,social_studies,9-12,11
impatience,social_studies,9-12,11
impressionism,social_studies,9-12,11
indignant,social_studies,9-12,11
inmate,social_studies,9-12,11
intergovernmental,social_studies,9-12,11
kennan,social_studies,9-12,11
kingship,social_studies,9-12,11
legislate,social_studies,9-12,11
marshy,social_studies,9-12,11
masai,social_studies,9-12,11
masculine,social_studies,9-12,11
materialism,social_studies,9-12,11
matrilineal,social_studies,9-12,11
merciless,social_studies,9-12,11
nationalistic,social_studies,9-12,11
oligopoly,social_studies,9-12,11
pacify,social_studies,9-12,11
peaceably,social_studies,9-12,11
pidgin,social_studies,9-12,11
piteous,social_studies,9-12,11
populism,social_studies,9-12,11
prewar,social_studies,9-12,11
publicize,social_studies,9-12,11
racially,social_studies,9-12,11
remittance,social_studies,9-12,11
requisite,social_studies,9-12,11
revoke,social_studies,9-12,11
sinful,social_studies,9-12,11
spouse,social_studies,9-12,11
symbolist,social_studies,9-12,11
thatch,social_studies,9-12,11
triumvirate,social_studies,9-12,11
whither,social_studies,9-12,11
workweek,social_studies,9-12,11
abbot,social_studies,9-12,10
animosity,social_studies,9-12,10
carthaginian,social_studies,9-12,10
catacomb,social_studies,9-12,10
ceasefire,social_studies,9-12,10
chernozem,social_studies,9-12,10
confiscate,social_studies,9-12,10
constitutionally,social_studies,9-12,10
consumerism,social_studies,9-12,10
cult,social_studies,9-12,10
decentralize,social_studies,9-12,10
delinquency,social_studies,9-12,10
discriminatory,social_studies,9-12,10
dulles,social_studies,9-12,10
evangelical,social_studies,9-12,10
evict,social_studies,9-12,10
feminism,social_studies,9-12,10
fiat,social_studies,9-12,10
forefather,social_studies,9-12,10
fortification,social_studies,9-12,10
hieroglyphic,social_studies,9-12,10
implicitly,social_studies,9-12,10
inalienable,social_studies,9-12,10
inscrutable,social_studies,9-12,10
lawless,social_studies,9-12,10
lighthearted,social_studies,9-12,10
loophole,social_studies,9-12,10
makeshift,social_studies,9-12,10
meddle,social_studies,9-12,10
mediation,social_studies,9-12,10
mercantilist,social_studies,9-12,10
midterm,social_studies,9-12,10
minstrel,social_studies,9-12,10
misconduct,social_studies,9-12,10
moroccan,social_studies,9-12,10
nonpartisan,social_studies,9-12,10
nonreligious,social_studies,9-12,10
nonwhite,social_studies,9-12,10
overlord,social_studies,9-12,10
peacekeeper,social_studies,9-12,10
plagiarize,social_studies,9-12,10
polynesian,social_studies,9-12,10
ransack,social_studies,9-12,10
redemption,social_studies,9-12,10
resentful,social_studies,9-12,10
resettle,social_studies,9-12,10
sadat,social_studies,9-12,10
satrap,social_studies,9-12,10
savior,social_studies,9-12,10
scholastic,social_studies,9-12,10
spearhead,social_studies,9-12,10
statewide,social_studies,9-12,10
strategist,social_studies,9-12,10
superintendent,social_studies,9-12,10
technologically,social_studies,9-12,10
temperament,social_studies,9-12,10
turnpike,social_studies,9-12,10
tutu,social_studies,9-12,10
unconquerable,social_studies,9-12,10
untouchable,social_studies,9-12,10
ardent,social_studies,9-12,9
barbarous,social_studies,9-12,9
barricade,social_studies,9-12,9
battleground,social_studies,9-12,9
besiege,social_studies,9-12,9
candidacy,social_studies,9-12,9
chivalrous,social_studies,9-12,9
citadel,social_studies,9-12,9
crossbow,social_studies,9-12,9
cuisine,social_studies,9-12,9
disorderly,social_studies,9-12,9
dreamy,social_studies,9-12,9
dutiful,social_studies,9-12,9
eligibility,social_studies,9-12,9
emolument,social_studies,9-12,9
enactment,social_studies,9-12,9
enthusiastically,social_studies,9-12,9
entrench,social_studies,9-12,9
fastidious,social_studies,9-12,9
goodly,social_studies,9-12,9
gunfire,social_studies,9-12,9
hairstyle,social_studies,9-12,9
hobo,social_studies,9-12,9
illiteracy,social_studies,9-12,9
infernal,social_studies,9-12,9
kami,social_studies,9-12,9
magnanimity,social_studies,9-12,9
mistreatment,social_studies,9-12,9
mummification,social_studies,9-12,9
negotiator,social_studies,9-12,9
publicity,social_studies,9-12,9
readership,social_studies,9-12,9
rectitude,social_studies,9-12,9
reprisal,social_studies,9-12,9
sepulcher,social_studies,9-12,9
shameful,social_studies,9-12,9
spellbound,social_studies,9-12,9
steamy,social_studies,9-12,9
steelworker,social_studies,9-12,9
tirelessly,social_studies,9-12,9
upriver,social_studies,9-12,9
vigil,social_studies,9-12,9
wholesale,social_studies,9-12,9
adjournment,social_studies,9-12,8
appalling,social_studies,9-12,8
automaker,social_studies,9-12,8
cartography,social_studies,9-12,8
condemnation,social_studies,9-12,8
coronation,social_studies,9-12,8
decency,social_studies,9-12,8
endorsement,social_studies,9-12,8
finery,social_studies,9-12,8
gaius,social_studies,9-12,8
grimly,social_studies,9-12,8
overrule,social_studies,9-12,8
peacemaker,social_studies,9-12,8
pogrom,social_studies,9-12,8
seacoast,social_studies,9-12,8
seamstress,social_studies,9-12,8
secondly,social_studies,9-12,8
shaky,social_studies,9-12,8
skirmish,social_studies,9-12,8
songwriter,social_studies,9-12,8
westmoreland,social_studies,9-12,8
apathy,social_studies,9-12,7
boastful,social_studies,9-12,7
breadbasket,social_studies,9-12,7
columnist,social_studies,9-12,7
figurehead,social_studies,9-12,7
flurry,social_studies,9-12,7
gunboat,social_studies,9-12,7
headdress,social_studies,9-12,7
monopolize,social_studies,9-12,7
orphanage,social_studies,9-12,7
pleasantly,social_studies,9-12,7
souk,social_studies,9-12,7
festive,social_studies,9-12,6
hardworking,social_studies,9-12,6
moat,social_studies,9-12,5
