version: 1.0,published: 04/09/2019,date queried: 01/10/2020,email: kepa.bengoetxea@ehu.eus,grade: 4,"domains: general, social_studies, math, science"

Word,Domain,Grade,Grade 4 Frequency
range,general,4,57
essay,general,4,56
condition,general,4,44
scientific,general,4,41
reference,general,4,39
increase,general,4,37
growth,general,4,35
convert,general,4,33
customary,general,4,33
generalization,general,4,32
acute,general,4,31
inference,general,4,31
conclude,general,4,29
role,general,4,29
comparison,general,4,28
partial,general,4,27
select,general,4,26
specific,general,4,26
basic,general,4,25
progress,general,4,25
actual,general,4,24
appropriate,general,4,24
task,general,4,24
ability,general,4,23
conduct,general,4,23
conflict,general,4,23
influence,general,4,23
persuasive,general,4,23
primary,general,4,23
audience,general,4,22
historical,general,4,22
organization,general,4,22
positive,general,4,22
precise,general,4,22
transform,general,4,22
unfamiliar,general,4,22
variety,general,4,22
vary,general,4,21
boundary,general,4,20
career,general,4,20
exist,general,4,20
narrow,general,4,20
preserve,general,4,20
publish,general,4,20
reduce,general,4,20
simplify,general,4,20
suggest,general,4,20
advertisement,general,4,19
descriptive,general,4,19
eventually,general,4,19
involve,general,4,19
prevent,general,4,19
endanger,general,4,18
error,general,4,18
examine,general,4,18
generate,general,4,18
require,general,4,18
decrease,general,4,17
differ,general,4,17
draft,general,4,17
evenly,general,4,17
inspire,general,4,17
limit,general,4,17
rate,general,4,17
beyond,general,4,16
discussion,general,4,16
forecast,general,4,16
gain,general,4,16
individual,general,4,16
original,general,4,16
prove,general,4,16
accurate,general,4,15
composite,general,4,15
convince,general,4,15
establish,general,4,15
inform,general,4,15
instruction,general,4,15
particular,general,4,15
relative,general,4,15
safely,general,4,15
argument,general,4,14
complex,general,4,14
definite,general,4,14
department,general,4,14
outline,general,4,14
prompt,general,4,14
diverse,general,4,13
extreme,general,4,13
persuade,general,4,13
quantity,general,4,13
realistic,general,4,13
benefit,general,4,12
clarify,general,4,12
comprehend,general,4,12
historic,general,4,12
production,general,4,12
similarity,general,4,12
decimal,math,4,131
ounce,math,4,76
height,math,4,71
equivalent,math,4,66
per,math,4,64
quotient,math,4,61
cm,math,4,58
range,math,4,57
hundredth,math,4,52
parallel,math,4,52
tenth,math,4,49
gallon,math,4,47
degree,math,4,44
symmetry,math,4,43
segment,math,4,40
width,math,4,40
output,math,4,34
obtuse,math,4,33
ton,math,4,31
numerator,math,4,29
dot,math,4,27
input,math,4,27
negative,math,4,27
remainder,math,4,27
perpendicular,math,4,24
function,math,4,23
rotation,math,4,22
cylinder,math,4,21
distributive,math,4,21
simplify,math,4,20
milligram,math,4,3
electromagnet,science,4,33
organ,science,4,31
eclipse,science,4,28
moisture,science,4,21
humidity,science,4,18
radiation,science,4,18
snowflake,science,4,18
generator,science,4,17
visible,science,4,17
wavelength,science,4,17
pistil,science,4,16
reaction,science,4,16
redwood,science,4,16
sponge,science,4,16
basin,science,4,15
convection,science,4,15
attraction,science,4,14
conduction,science,4,14
deposition,science,4,14
static,science,4,14
acid,science,4,13
antarctic,science,4,13
downhill,science,4,13
fungi,science,4,13
jungle,science,4,13
lunar,science,4,13
marine,science,4,13
quartz,science,4,13
velocity,science,4,13
elk,science,4,12
rust,science,4,12
electronic,science,4,11
salamander,science,4,11
stamen,science,4,11
universe,science,4,11
accelerate,science,4,10
acceleration,science,4,10
atom,science,4,10
biologist,science,4,10
biome,science,4,10
gene,science,4,10
luster,science,4,10
barge,science,4,9
citrus,science,4,9
geyser,science,4,9
ridge,science,4,9
skeletal,science,4,9
appliance,science,4,8
arthropod,science,4,8
digestive,science,4,8
dwarf,science,4,8
genus,science,4,8
gravel,science,4,8
shaft,science,4,8
soybean,science,4,8
spectrum,science,4,8
sperm,science,4,8
amplitude,science,4,7
aquifer,science,4,7
beaker,science,4,7
biomes,science,4,7
chloroplast,science,4,7
circulatory,science,4,7
electrician,science,4,7
fertilization,science,4,7
formation,science,4,7
humid,science,4,7
hybrid,science,4,7
mosquito,science,4,7
nucleus,science,4,7
petroleum,science,4,7
raindrop,science,4,7
vessel,science,4,7
anemometer,science,4,6
barometer,science,4,6
bond,science,4,6
capsule,science,4,6
chlorophyll,science,4,6
continental,science,4,6
dandelion,science,4,6
debris,science,4,6
ecology,science,4,6
electromagnetic,science,4,6
ellipse,science,4,6
explode,science,4,6
ferry,science,4,6
fiber,science,4,6
funnel,science,4,6
galaxy,science,4,6
greenhouse,science,4,6
hummingbird,science,4,6
insulate,science,4,6
lagoon,science,4,6
lichen,science,4,6
mammoth,science,4,6
mangrove,science,4,6
meadow,science,4,6
microorganism,science,4,6
muscular,science,4,6
opal,science,4,6
ovary,science,4,6
polyp,science,4,6
protist,science,4,6
refraction,science,4,6
respiratory,science,4,6
runoff,science,4,6
seep,science,4,6
shellfish,science,4,6
solvent,science,4,6
transparent,science,4,6
tsunami,science,4,6
vacuum,science,4,6
vane,science,4,6
volcanic,science,4,6
abiotic,science,4,5
anther,science,4,5
clam,science,4,5
convex,science,4,5
ecologist,science,4,5
filament,science,4,5
geothermal,science,4,5
hydrogen,science,4,5
iceberg,science,4,5
immune,science,4,5
inertia,science,4,5
interdependent,science,4,5
laser,science,4,5
lightweight,science,4,5
meteor,science,4,5
molecule,science,4,5
molten,science,4,5
nuclear,science,4,5
opaque,science,4,5
pathogenic,science,4,5
pellet,science,4,5
permeability,science,4,5
pore,science,4,5
python,science,4,5
reproduction,science,4,5
salmon,science,4,5
shrub,science,4,5
spinal,science,4,5
stimulus,science,4,5
taiga,science,4,5
technician,science,4,5
alloy,science,4,4
anthill,science,4,4
biotic,science,4,4
bog,science,4,4
chemically,science,4,4
chlorine,science,4,4
cirrus,science,4,4
concave,science,4,4
cork,science,4,4
crest,science,4,4
cypress,science,4,4
digest,science,4,4
dormant,science,4,4
exoskeleton,science,4,4
filtration,science,4,4
heredity,science,4,4
insulation,science,4,4
jackrabbit,science,4,4
lightbulb,science,4,4
litmus,science,4,4
magnitude,science,4,4
metallic,science,4,4
milky,science,4,4
movable,science,4,4
mussel,science,4,4
neuron,science,4,4
nitrogen,science,4,4
octopus,science,4,4
outlet,science,4,4
oyster,science,4,4
parasite,science,4,4
pendulum,science,4,4
pesticide,science,4,4
phosphate,science,4,4
rover,science,4,4
scavenge,science,4,4
seismic,science,4,4
seismograph,science,4,4
sepal,science,4,4
shoreline,science,4,4
slab,science,4,4
solubility,science,4,4
solute,science,4,4
swarm,science,4,4
temperate,science,4,4
tentacle,science,4,4
terrace,science,4,4
translucent,science,4,4
tropism,science,4,4
collide,science,4,3
cumulus,science,4,3
fibrous,science,4,3
hailstone,science,4,3
incandescent,science,4,3
involuntary,science,4,3
mealworm,science,4,3
milligram,science,4,3
organic,science,4,3
strait,science,4,3
taproot,science,4,3
theory,science,4,3
coastal,social_studies,4,37
expedition,social_studies,4,19
confederate,social_studies,4,17
plantation,social_studies,4,16
tourism,social_studies,4,16
viceroy,social_studies,4,16
treaty,social_studies,4,15
badlands,social_studies,4,14
servant,social_studies,4,14
diverse,social_studies,4,13
steamboat,social_studies,4,13
coastline,social_studies,4,12
fertile,social_studies,4,12
barrier,social_studies,4,11
stock,social_studies,4,10
colonel,social_studies,4,9
resident,social_studies,4,9
timber,social_studies,4,9
mummy,social_studies,4,8
reconstruction,social_studies,4,8
abolitionist,social_studies,4,7
interstate,social_studies,4,7
invasion,social_studies,4,7
landowner,social_studies,4,7
panhandle,social_studies,4,7
rebuild,social_studies,4,7
wealthy,social_studies,4,7
agricultural,social_studies,4,6
cowhand,social_studies,4,6
descendant,social_studies,4,6
inset,social_studies,4,6
mainland,social_studies,4,6
metropolitan,social_studies,4,6
migrant,social_studies,4,6
potlatch,social_studies,4,6
pottery,social_studies,4,6
prospector,social_studies,4,6
savannah,social_studies,4,6
sod,social_studies,4,6
victory,social_studies,4,6
violence,social_studies,4,6
admit,social_studies,4,5
discrimination,social_studies,4,5
gorge,social_studies,4,5
industrial,social_studies,4,5
refinery,social_studies,4,5
register,social_studies,4,5
sacrifice,social_studies,4,5
segregate,social_studies,4,5
statehood,social_studies,4,5
textile,social_studies,4,5
timberline,social_studies,4,5
upland,social_studies,4,5
abolish,social_studies,4,4
admission,social_studies,4,4
agency,social_studies,4,4
ally,social_studies,4,4
archaeologist,social_studies,4,4
arid,social_studies,4,4
ban,social_studies,4,4
dugout,social_studies,4,4
hardship,social_studies,4,4
hieroglyph,social_studies,4,4
levy,social_studies,4,4
megalopolis,social_studies,4,4
missionary,social_studies,4,4
politics,social_studies,4,4
powwow,social_studies,4,4
priest,social_studies,4,4
resort,social_studies,4,4
scholar,social_studies,4,4
secede,social_studies,4,4
soviet,social_studies,4,4
surrender,social_studies,4,4
totem,social_studies,4,4
tributary,social_studies,4,4
wage,social_studies,4,4
warrior,social_studies,4,4
administration,social_studies,4,3
allusion,social_studies,4,3
aqueduct,social_studies,4,3
authority,social_studies,4,3
bargain,social_studies,4,3
blockade,social_studies,4,3
bomb,social_studies,4,3
commerce,social_studies,4,3
compensation,social_studies,4,3
conquer,social_studies,4,3
defeat,social_studies,4,3
disability,social_studies,4,3
dispute,social_studies,4,3
emancipation,social_studies,4,3
fleet,social_studies,4,3
fund,social_studies,4,3
headquarter,social_studies,4,3
hilly,social_studies,4,3
inlet,social_studies,4,3
invade,social_studies,4,3
lasso,social_studies,4,3
lowland,social_studies,4,3
missile,social_studies,4,3
mountainous,social_studies,4,3
newcomer,social_studies,4,3
nomad,social_studies,4,3
obedience,social_studies,4,3
politician,social_studies,4,3
pope,social_studies,4,3
presidential,social_studies,4,3
prison,social_studies,4,3
proclamation,social_studies,4,3
recruit,social_studies,4,3
reform,social_studies,4,3
regional,social_studies,4,3
relocate,social_studies,4,3
removal,social_studies,4,3
sacred,social_studies,4,3
saint,social_studies,4,3
spy,social_studies,4,3
sugarcane,social_studies,4,3
unfairly,social_studies,4,3
amend,social_studies,4,2
anger,social_studies,4,2
antecedent,social_studies,4,2
archipelago,social_studies,4,2
boomtown,social_studies,4,2
boost,social_studies,4,2
catholic,social_studies,4,2
ceremonial,social_studies,4,2
chairman,social_studies,4,2
cheaply,social_studies,4,2
civilize,social_studies,4,2
clan,social_studies,4,2
committee,social_studies,4,2
crisscross,social_studies,4,2
dictator,social_studies,4,2
economically,social_studies,4,2
flashback,social_studies,4,2
floodwater,social_studies,4,2
foothill,social_studies,4,2
globalization,social_studies,4,2
hatred,social_studies,4,2
institute,social_studies,4,2
institution,social_studies,4,2
investor,social_studies,4,2
machinery,social_studies,4,2
mapmaker,social_studies,4,2
membership,social_studies,4,2
mistreat,social_studies,4,2
modem,social_studies,4,2
naval,social_studies,4,2
ordinance,social_studies,4,2
oversee,social_studies,4,2
ownership,social_studies,4,2
passport,social_studies,4,2
pharaoh,social_studies,4,2
philippine,social_studies,4,2
pike,social_studies,4,2
pipeline,social_studies,4,2
poll,social_studies,4,2
progressive,social_studies,4,2
province,social_studies,4,2
punish,social_studies,4,2
railway,social_studies,4,2
ratify,social_studies,4,2
reluctantly,social_studies,4,2
renaissance,social_studies,4,2
rubble,social_studies,4,2
salutation,social_studies,4,2
sawmill,social_studies,4,2
seasonal,social_studies,4,2
serpent,social_studies,4,2
session,social_studies,4,2
sharecrop,social_studies,4,2
tenement,social_studies,4,2
unemployed,social_studies,4,2
urbanization,social_studies,4,2
