version: 1.0,published: 04/09/2019,date queried: 01/10/2020,email: kepa.bengoetxea@ehu.eus,grade: 4,domains: general

Word,Domain,Grade,Grade 4 Frequency
range,general,4,57
essay,general,4,56
condition,general,4,44
scientific,general,4,41
reference,general,4,39
increase,general,4,37
growth,general,4,35
convert,general,4,33
customary,general,4,33
generalization,general,4,32
acute,general,4,31
inference,general,4,31
conclude,general,4,29
role,general,4,29
comparison,general,4,28
partial,general,4,27
select,general,4,26
specific,general,4,26
basic,general,4,25
progress,general,4,25
actual,general,4,24
appropriate,general,4,24
task,general,4,24
ability,general,4,23
conduct,general,4,23
conflict,general,4,23
influence,general,4,23
persuasive,general,4,23
primary,general,4,23
audience,general,4,22
historical,general,4,22
organization,general,4,22
positive,general,4,22
precise,general,4,22
transform,general,4,22
unfamiliar,general,4,22
variety,general,4,22
vary,general,4,21
boundary,general,4,20
career,general,4,20
exist,general,4,20
narrow,general,4,20
preserve,general,4,20
publish,general,4,20
reduce,general,4,20
simplify,general,4,20
suggest,general,4,20
advertisement,general,4,19
descriptive,general,4,19
eventually,general,4,19
involve,general,4,19
prevent,general,4,19
endanger,general,4,18
error,general,4,18
examine,general,4,18
generate,general,4,18
require,general,4,18
decrease,general,4,17
differ,general,4,17
draft,general,4,17
evenly,general,4,17
inspire,general,4,17
limit,general,4,17
rate,general,4,17
beyond,general,4,16
discussion,general,4,16
forecast,general,4,16
gain,general,4,16
individual,general,4,16
original,general,4,16
prove,general,4,16
accurate,general,4,15
composite,general,4,15
convince,general,4,15
establish,general,4,15
inform,general,4,15
instruction,general,4,15
particular,general,4,15
relative,general,4,15
safely,general,4,15
argument,general,4,14
complex,general,4,14
definite,general,4,14
department,general,4,14
outline,general,4,14
prompt,general,4,14
diverse,general,4,13
extreme,general,4,13
persuade,general,4,13
quantity,general,4,13
realistic,general,4,13
benefit,general,4,12
clarify,general,4,12
comprehend,general,4,12
historic,general,4,12
production,general,4,12
similarity,general,4,12
