num_decendents_noun_phrase,left_embeddedness,num_modifiers_noun_phrase,sentences_per_paragraph_mean,sentences_length_mean,words_length_mean,lemmas_length_mean,mean_propositions_per_sentence,num_punct_marks_per_sentence,polysemic_index,hypernymy_index,hypernymy_verbs_index,hypernymy_nouns_index,sentences_length_no_stopwords_mean,words_length_no_stopwords_mean,sentences_per_paragraph_std,sentences_length_std,words_length_std,lemmas_length_std,sentences_length_no_stopwords_std,words_length_no_stopwords_std,noun_overlap_adjacent,noun_overlap_all,argument_overlap_adjacent,argument_overlap_all,stem_overlap_adjacent,stem_overlap_all,content_overlap_adjacent_mean,content_overlap_adjacent_std,content_overlap_all_mean,content_overlap_all_std,num_paragraphs_incidence,num_sentences_incidence,num_syllables_words_mean,num_syllables_words_std,lexical_density,noun_density,verb_density,adj_density,adv_density,simple_ttr,content_ttr,nttr,vttr,adj_ttr,adv_ttr,lemma_ttr,lemma_content_ttr,lemma_nttr,lemma_vttr,lemma_adj_ttr,lemma_adv_ttr,honore,maas,mtld,flesch_kincaid,flesch,dale_chall,smog,num_past_incidence,num_pres_incidence,num_future_incidence,num_indic_incidence,num_impera_incidence,num_past_irregular_mean,num_personal_pronouns_incidence,num_first_pers_pron_incidence,num_first_pers_sing_pron_incidence,num_third_pers_pron_incidence,min_wf_per_sentence,num_rare_nouns_4_incidence,num_rare_adj_4_incidence,num_rare_verbs_4_incidence,num_rare_advb_4_incidence,mean_rare_4,mean_distinct_rare_4,num_a1_words_incidence,num_a2_words_incidence,num_b1_words_incidence,num_b2_words_incidence,num_c1_words_incidence,num_content_words_not_a1_c1_words_incidence,num_lexic_words_incidence,num_noun_incidence,num_adj_incidence,num_adv_incidence,num_verb_incidence,mean_depth_per_sentence,num_subord_incidence,num_rel_subord_incidence,mean_vp_per_sentence,mean_np_per_sentence,num_pass_mean,agentless_passive_density_incidence,negation_density_incidence,gerund_density_incidence,infinitive_density_incidence,all_connectives_incidence,causal_connectives_incidence,logical_connectives_incidence,adversative_connectives_incidence,temporal_connectives_incidence,conditional_connectives_incidence,similarity_adjacent_mean,similarity_pairs_par_mean,similarity_adjacent_par_mean,similarity_adjacent_std,similarity_pairs_par_std,similarity_adjacent_par_std
1.0781,3.44,1.1953,2.2727,16.96,4.6283,4.2513,1.84,266.72,6.5,5.0,1.5574,7.234,21.44,4.6283,0.7497,83.0867,2.4272,2.151,10.4693,2.4272,0.2857,0.2632,1.0,1.0,0.2857,0.2632,0.0572,0.0643,0.0492,0.0631,0.0,0.0,0.0,0.0,0.0,0.0,0.0,0.0,0.0,0.0,0.0,0.0,0.0,0.0,0.0,0.0,0.0,0.0,0.0,0.0,0.0,0.0,0.0,0.0,0.0,0.0,0.0,0.0,0.0,0.0,0.0,0.0,0.0,0.0,0.0,0.0,0.0,0.0,0.0,0.0,0.0,0.0,0.0,0.0,0.0,0.0,0.0,0.0,0.0,0.0,0.0,0.0,0.0,0.0,0.0,0.0,0.0,0.0,0.0,0.0,0.0,0.0,0.0,0.0,0.0,0.0,0.0,0.0,0.0,0.0,0.0,0.0,0.0,0.0,0.0,0.0,0.0,0.0
0.9279,4.2258,1.0673,2.3846,16.8387,4.3864,4.1981,1.6774,326.1613,7.2906,5.0303,2.3649,7.1978,19.2903,4.3864,1.0769,92.2294,2.2513,2.1935,12.219,2.2513,0.1111,0.1034,1.0,0.931,0.1111,0.1034,0.0284,0.0537,0.0344,0.0728,0.0,0.0,0.0,0.0,0.0,0.0,0.0,0.0,0.0,0.0,0.0,0.0,0.0,0.0,0.0,0.0,0.0,0.0,0.0,0.0,0.0,0.0,0.0,0.0,0.0,0.0,0.0,0.0,0.0,0.0,0.0,0.0,0.0,0.0,0.0,0.0,0.0,0.0,0.0,0.0,0.0,0.0,0.0,0.0,0.0,0.0,0.0,0.0,0.0,0.0,0.0,0.0,0.0,0.0,0.0,0.0,0.0,0.0,0.0,0.0,0.0,0.0,0.0,0.0,0.0,0.0,0.0,0.0,0.0,0.0,0.0,0.0,0.0,0.0,0.0,0.0,0.0,0.0
1.1071,4.4,1.2679,2.3333,13.5429,4.5308,4.2379,1.0,281.1714,7.9125,5.3529,1.9531,7.122,15.0857,4.5308,0.9428,78.9677,2.2814,2.2105,6.6991,2.2814,0.1,0.1,1.0,0.9,0.1,0.1,0.0455,0.0675,0.0351,0.0622,0.0,0.0,0.0,0.0,0.0,0.0,0.0,0.0,0.0,0.0,0.0,0.0,0.0,0.0,0.0,0.0,0.0,0.0,0.0,0.0,0.0,0.0,0.0,0.0,0.0,0.0,0.0,0.0,0.0,0.0,0.0,0.0,0.0,0.0,0.0,0.0,0.0,0.0,0.0,0.0,0.0,0.0,0.0,0.0,0.0,0.0,0.0,0.0,0.0,0.0,0.0,0.0,0.0,0.0,0.0,0.0,0.0,0.0,0.0,0.0,0.0,0.0,0.0,0.0,0.0,0.0,0.0,0.0,0.0,0.0,0.0,0.0,0.0,0.0,0.0,0.0,0.0,0.0
1.0305,5.84,1.1768,1.7857,18.56,4.6009,4.3662,2.56,279.2,7.0,5.4403,1.6866,8.1739,20.92,4.6009,0.7726,90.9251,2.4786,2.3978,7.9796,2.4786,0.3636,0.3571,1.0,0.8571,0.3636,0.3571,0.0304,0.0378,0.0296,0.0378,0.0,0.0,0.0,0.0,0.0,0.0,0.0,0.0,0.0,0.0,0.0,0.0,0.0,0.0,0.0,0.0,0.0,0.0,0.0,0.0,0.0,0.0,0.0,0.0,0.0,0.0,0.0,0.0,0.0,0.0,0.0,0.0,0.0,0.0,0.0,0.0,0.0,0.0,0.0,0.0,0.0,0.0,0.0,0.0,0.0,0.0,0.0,0.0,0.0,0.0,0.0,0.0,0.0,0.0,0.0,0.0,0.0,0.0,0.0,0.0,0.0,0.0,0.0,0.0,0.0,0.0,0.0,0.0,0.0,0.0,0.0,0.0,0.0,0.0,0.0,0.0,0.0,0.0
1.1328,5.4762,1.2734,2.1,18.0476,4.883,4.6516,2.1429,204.8095,6.9839,5.3433,2.0182,7.6582,20.2857,4.883,0.7,80.7114,2.6702,2.5408,10.7621,2.6702,0.3636,0.3571,1.0,0.8571,0.3636,0.3571,0.0384,0.0435,0.0341,0.0412,0.0,0.0,0.0,0.0,0.0,0.0,0.0,0.0,0.0,0.0,0.0,0.0,0.0,0.0,0.0,0.0,0.0,0.0,0.0,0.0,0.0,0.0,0.0,0.0,0.0,0.0,0.0,0.0,0.0,0.0,0.0,0.0,0.0,0.0,0.0,0.0,0.0,0.0,0.0,0.0,0.0,0.0,0.0,0.0,0.0,0.0,0.0,0.0,0.0,0.0,0.0,0.0,0.0,0.0,0.0,0.0,0.0,0.0,0.0,0.0,0.0,0.0,0.0,0.0,0.0,0.0,0.0,0.0,0.0,0.0,0.0,0.0,0.0,0.0,0.0,0.0,0.0,0.0
0.9119,5.6061,1.0622,1.65,14.6061,4.6228,4.4052,1.3333,290.4848,7.4271,5.1172,2.1905,7.3659,16.4848,4.6228,0.7921,82.6244,2.2084,2.1415,9.6456,2.2084,0.0,0.0588,1.0,0.5882,0.0,0.0588,0.0,0.0,0.0033,0.0131,0.0,0.0,0.0,0.0,0.0,0.0,0.0,0.0,0.0,0.0,0.0,0.0,0.0,0.0,0.0,0.0,0.0,0.0,0.0,0.0,0.0,0.0,0.0,0.0,0.0,0.0,0.0,0.0,0.0,0.0,0.0,0.0,0.0,0.0,0.0,0.0,0.0,0.0,0.0,0.0,0.0,0.0,0.0,0.0,0.0,0.0,0.0,0.0,0.0,0.0,0.0,0.0,0.0,0.0,0.0,0.0,0.0,0.0,0.0,0.0,0.0,0.0,0.0,0.0,0.0,0.0,0.0,0.0,0.0,0.0,0.0,0.0,0.0,0.0,0.0,0.0,0.0,0.0
1.1243,4.4333,1.2108,3.75,17.3,4.7388,4.4612,1.5333,313.0333,7.0077,5.4677,1.9014,7.4154,19.3,4.7388,1.3919,93.1634,2.3589,2.2186,7.3989,2.3589,0.4545,0.551,1.0,1.0,0.4545,0.551,0.044,0.0533,0.0551,0.0536,0.0,0.0,0.0,0.0,0.0,0.0,0.0,0.0,0.0,0.0,0.0,0.0,0.0,0.0,0.0,0.0,0.0,0.0,0.0,0.0,0.0,0.0,0.0,0.0,0.0,0.0,0.0,0.0,0.0,0.0,0.0,0.0,0.0,0.0,0.0,0.0,0.0,0.0,0.0,0.0,0.0,0.0,0.0,0.0,0.0,0.0,0.0,0.0,0.0,0.0,0.0,0.0,0.0,0.0,0.0,0.0,0.0,0.0,0.0,0.0,0.0,0.0,0.0,0.0,0.0,0.0,0.0,0.0,0.0,0.0,0.0,0.0,0.0,0.0,0.0,0.0,0.0,0.0
1.0787,4.28,1.2598,2.6316,14.24,4.3462,4.1974,1.24,443.1,7.2434,5.1976,1.7347,7.46,16.88,4.3462,1.529,99.68,2.1932,2.1177,11.1994,2.1932,0.0645,0.0317,1.0,0.9048,0.0968,0.0476,0.0359,0.0566,0.0212,0.0467,0.0,0.0,0.0,0.0,0.0,0.0,0.0,0.0,0.0,0.0,0.0,0.0,0.0,0.0,0.0,0.0,0.0,0.0,0.0,0.0,0.0,0.0,0.0,0.0,0.0,0.0,0.0,0.0,0.0,0.0,0.0,0.0,0.0,0.0,0.0,0.0,0.0,0.0,0.0,0.0,0.0,0.0,0.0,0.0,0.0,0.0,0.0,0.0,0.0,0.0,0.0,0.0,0.0,0.0,0.0,0.0,0.0,0.0,0.0,0.0,0.0,0.0,0.0,0.0,0.0,0.0,0.0,0.0,0.0,0.0,0.0,0.0,0.0,0.0,0.0,0.0,0.0,0.0
0.8779,4.1,1.0465,3.3333,16.1333,4.9274,4.7614,1.9,270.3333,7.7668,4.5771,2.0595,6.9011,17.9333,4.9274,1.8257,86.8807,2.6176,2.5652,9.6986,2.6176,0.381,0.28,1.0,0.96,0.381,0.28,0.0562,0.0668,0.041,0.0581,0.0,0.0,0.0,0.0,0.0,0.0,0.0,0.0,0.0,0.0,0.0,0.0,0.0,0.0,0.0,0.0,0.0,0.0,0.0,0.0,0.0,0.0,0.0,0.0,0.0,0.0,0.0,0.0,0.0,0.0,0.0,0.0,0.0,0.0,0.0,0.0,0.0,0.0,0.0,0.0,0.0,0.0,0.0,0.0,0.0,0.0,0.0,0.0,0.0,0.0,0.0,0.0,0.0,0.0,0.0,0.0,0.0,0.0,0.0,0.0,0.0,0.0,0.0,0.0,0.0,0.0,0.0,0.0,0.0,0.0,0.0,0.0,0.0,0.0,0.0,0.0,0.0,0.0
0.8745,5.2593,1.0736,2.7,21.1111,4.8925,4.6792,2.7037,313.5926,7.0456,5.1106,2.0789,6.7447,23.6296,4.8925,1.1874,107.646,2.6719,2.5832,10.8428,2.6719,0.4706,0.4,1.0,0.9,0.4706,0.4,0.0645,0.0479,0.0555,0.0546,0.0,0.0,0.0,0.0,0.0,0.0,0.0,0.0,0.0,0.0,0.0,0.0,0.0,0.0,0.0,0.0,0.0,0.0,0.0,0.0,0.0,0.0,0.0,0.0,0.0,0.0,0.0,0.0,0.0,0.0,0.0,0.0,0.0,0.0,0.0,0.0,0.0,0.0,0.0,0.0,0.0,0.0,0.0,0.0,0.0,0.0,0.0,0.0,0.0,0.0,0.0,0.0,0.0,0.0,0.0,0.0,0.0,0.0,0.0,0.0,0.0,0.0,0.0,0.0,0.0,0.0,0.0,0.0,0.0,0.0,0.0,0.0,0.0,0.0,0.0,0.0,0.0,0.0
0.8258,3.4615,0.9663,1.8571,17.8462,4.5022,4.2773,2.5385,290.1538,7.7451,4.3444,1.9494,6.9722,20.4615,4.5022,0.833,89.2308,2.182,2.134,9.3613,2.182,0.1667,0.125,1.0,1.0,0.1667,0.125,0.0186,0.0331,0.014,0.0297,0.0,0.0,0.0,0.0,0.0,0.0,0.0,0.0,0.0,0.0,0.0,0.0,0.0,0.0,0.0,0.0,0.0,0.0,0.0,0.0,0.0,0.0,0.0,0.0,0.0,0.0,0.0,0.0,0.0,0.0,0.0,0.0,0.0,0.0,0.0,0.0,0.0,0.0,0.0,0.0,0.0,0.0,0.0,0.0,0.0,0.0,0.0,0.0,0.0,0.0,0.0,0.0,0.0,0.0,0.0,0.0,0.0,0.0,0.0,0.0,0.0,0.0,0.0,0.0,0.0,0.0,0.0,0.0,0.0,0.0,0.0,0.0,0.0,0.0,0.0,0.0,0.0,0.0
0.9887,4.125,1.1356,3.0,21.125,4.9592,4.702,2.5,285.0417,6.9427,5.1693,2.1408,6.9915,23.7917,4.9592,1.5811,101.3119,2.5222,2.3727,7.8686,2.5222,0.6875,0.4118,1.0,1.0,0.6875,0.4412,0.0753,0.0366,0.0556,0.0431,0.0,0.0,0.0,0.0,0.0,0.0,0.0,0.0,0.0,0.0,0.0,0.0,0.0,0.0,0.0,0.0,0.0,0.0,0.0,0.0,0.0,0.0,0.0,0.0,0.0,0.0,0.0,0.0,0.0,0.0,0.0,0.0,0.0,0.0,0.0,0.0,0.0,0.0,0.0,0.0,0.0,0.0,0.0,0.0,0.0,0.0,0.0,0.0,0.0,0.0,0.0,0.0,0.0,0.0,0.0,0.0,0.0,0.0,0.0,0.0,0.0,0.0,0.0,0.0,0.0,0.0,0.0,0.0,0.0,0.0,0.0,0.0,0.0,0.0,0.0,0.0,0.0,0.0
1.0667,4.1739,1.1758,2.0909,20.6522,4.3684,4.2168,2.4348,291.8261,7.6964,4.6057,1.8133,6.7,22.7391,4.3684,0.9959,96.8673,2.1959,2.1318,8.8721,2.1959,0.25,0.1667,1.0,1.0,0.25,0.2222,0.0311,0.04,0.0237,0.0361,0.0,0.0,0.0,0.0,0.0,0.0,0.0,0.0,0.0,0.0,0.0,0.0,0.0,0.0,0.0,0.0,0.0,0.0,0.0,0.0,0.0,0.0,0.0,0.0,0.0,0.0,0.0,0.0,0.0,0.0,0.0,0.0,0.0,0.0,0.0,0.0,0.0,0.0,0.0,0.0,0.0,0.0,0.0,0.0,0.0,0.0,0.0,0.0,0.0,0.0,0.0,0.0,0.0,0.0,0.0,0.0,0.0,0.0,0.0,0.0,0.0,0.0,0.0,0.0,0.0,0.0,0.0,0.0,0.0,0.0,0.0,0.0,0.0,0.0,0.0,0.0,0.0,0.0
0.9591,4.1795,1.0364,4.875,16.1538,4.2818,4.0499,1.7949,375.9487,7.8859,4.2642,1.91,6.7957,18.1538,4.2818,1.2686,99.579,2.1919,2.127,9.3,2.1919,0.0968,0.0732,1.0,0.9268,0.0968,0.0732,0.024,0.046,0.0198,0.0392,0.0,0.0,0.0,0.0,0.0,0.0,0.0,0.0,0.0,0.0,0.0,0.0,0.0,0.0,0.0,0.0,0.0,0.0,0.0,0.0,0.0,0.0,0.0,0.0,0.0,0.0,0.0,0.0,0.0,0.0,0.0,0.0,0.0,0.0,0.0,0.0,0.0,0.0,0.0,0.0,0.0,0.0,0.0,0.0,0.0,0.0,0.0,0.0,0.0,0.0,0.0,0.0,0.0,0.0,0.0,0.0,0.0,0.0,0.0,0.0,0.0,0.0,0.0,0.0,0.0,0.0,0.0,0.0,0.0,0.0,0.0,0.0,0.0,0.0,0.0,0.0,0.0,0.0
0.8306,4.4194,0.9454,3.1,15.2903,4.1113,3.9097,1.871,282.871,6.5539,4.8389,2.16,7.5541,17.3226,4.1113,2.3,83.7485,2.2441,2.1785,7.7309,2.2441,0.0476,0.0339,1.0,1.0,0.0476,0.0339,0.0477,0.0632,0.0281,0.0508,0.0,0.0,0.0,0.0,0.0,0.0,0.0,0.0,0.0,0.0,0.0,0.0,0.0,0.0,0.0,0.0,0.0,0.0,0.0,0.0,0.0,0.0,0.0,0.0,0.0,0.0,0.0,0.0,0.0,0.0,0.0,0.0,0.0,0.0,0.0,0.0,0.0,0.0,0.0,0.0,0.0,0.0,0.0,0.0,0.0,0.0,0.0,0.0,0.0,0.0,0.0,0.0,0.0,0.0,0.0,0.0,0.0,0.0,0.0,0.0,0.0,0.0,0.0,0.0,0.0,0.0,0.0,0.0,0.0,0.0,0.0,0.0,0.0,0.0,0.0,0.0,0.0,0.0
0.9646,5.0513,1.0796,3.5455,16.4872,4.7163,4.4702,1.9487,358.1538,7.0554,5.306,1.7321,7.8718,18.4359,4.7163,1.0757,101.6338,2.53,2.4091,5.3961,2.53,0.3929,0.4286,1.0,1.0,0.3929,0.4286,0.0525,0.0615,0.0523,0.0543,0.0,0.0,0.0,0.0,0.0,0.0,0.0,0.0,0.0,0.0,0.0,0.0,0.0,0.0,0.0,0.0,0.0,0.0,0.0,0.0,0.0,0.0,0.0,0.0,0.0,0.0,0.0,0.0,0.0,0.0,0.0,0.0,0.0,0.0,0.0,0.0,0.0,0.0,0.0,0.0,0.0,0.0,0.0,0.0,0.0,0.0,0.0,0.0,0.0,0.0,0.0,0.0,0.0,0.0,0.0,0.0,0.0,0.0,0.0,0.0,0.0,0.0,0.0,0.0,0.0,0.0,0.0,0.0,0.0,0.0,0.0,0.0,0.0,0.0,0.0,0.0,0.0,0.0
1.0706,5.0,1.2235,3.8,18.2105,4.3743,4.1301,1.8947,391.1579,7.7198,5.5141,1.8454,7.8553,20.3421,4.3743,1.249,110.7703,2.2144,2.1417,11.4001,2.2144,0.2857,0.2295,1.0,0.9016,0.2857,0.2295,0.0584,0.0802,0.0413,0.0666,0.0,0.0,0.0,0.0,0.0,0.0,0.0,0.0,0.0,0.0,0.0,0.0,0.0,0.0,0.0,0.0,0.0,0.0,0.0,0.0,0.0,0.0,0.0,0.0,0.0,0.0,0.0,0.0,0.0,0.0,0.0,0.0,0.0,0.0,0.0,0.0,0.0,0.0,0.0,0.0,0.0,0.0,0.0,0.0,0.0,0.0,0.0,0.0,0.0,0.0,0.0,0.0,0.0,0.0,0.0,0.0,0.0,0.0,0.0,0.0,0.0,0.0,0.0,0.0,0.0,0.0,0.0,0.0,0.0,0.0,0.0,0.0,0.0,0.0,0.0,0.0,0.0,0.0
1.0826,3.9487,1.2107,2.1667,15.641,4.5512,4.3911,1.4359,338.9487,6.585,5.3799,2.1912,7.3333,17.8974,4.5512,1.0138,96.4178,2.4729,2.4428,11.3945,2.4729,0.0,0.0,1.0,0.625,0.0,0.0,0.003,0.0133,0.0059,0.024,0.0,0.0,0.0,0.0,0.0,0.0,0.0,0.0,0.0,0.0,0.0,0.0,0.0,0.0,0.0,0.0,0.0,0.0,0.0,0.0,0.0,0.0,0.0,0.0,0.0,0.0,0.0,0.0,0.0,0.0,0.0,0.0,0.0,0.0,0.0,0.0,0.0,0.0,0.0,0.0,0.0,0.0,0.0,0.0,0.0,0.0,0.0,0.0,0.0,0.0,0.0,0.0,0.0,0.0,0.0,0.0,0.0,0.0,0.0,0.0,0.0,0.0,0.0,0.0,0.0,0.0,0.0,0.0,0.0,0.0,0.0,0.0,0.0,0.0,0.0,0.0,0.0,0.0
0.9755,2.7333,1.1837,4.5,14.8889,4.4266,4.2396,1.3778,389.7111,8.8066,5.249,1.97,7.5103,16.8444,4.4266,1.5,98.7617,2.2681,2.2529,9.4539,2.2681,0.1429,0.0889,1.0,0.8667,0.1429,0.0889,0.0222,0.0412,0.0247,0.049,0.0,0.0,0.0,0.0,0.0,0.0,0.0,0.0,0.0,0.0,0.0,0.0,0.0,0.0,0.0,0.0,0.0,0.0,0.0,0.0,0.0,0.0,0.0,0.0,0.0,0.0,0.0,0.0,0.0,0.0,0.0,0.0,0.0,0.0,0.0,0.0,0.0,0.0,0.0,0.0,0.0,0.0,0.0,0.0,0.0,0.0,0.0,0.0,0.0,0.0,0.0,0.0,0.0,0.0,0.0,0.0,0.0,0.0,0.0,0.0,0.0,0.0,0.0,0.0,0.0,0.0,0.0,0.0,0.0,0.0,0.0,0.0,0.0,0.0,0.0,0.0,0.0,0.0
0.9769,3.0811,1.1111,3.7,16.4595,4.51,4.3483,1.9459,345.3243,7.0065,4.6964,1.8039,7.1148,18.2432,4.51,0.781,98.7568,2.2635,2.1711,8.6162,2.2635,0.2593,0.2264,1.0,1.0,0.2593,0.2453,0.0465,0.0583,0.0367,0.0506,0.0,0.0,0.0,0.0,0.0,0.0,0.0,0.0,0.0,0.0,0.0,0.0,0.0,0.0,0.0,0.0,0.0,0.0,0.0,0.0,0.0,0.0,0.0,0.0,0.0,0.0,0.0,0.0,0.0,0.0,0.0,0.0,0.0,0.0,0.0,0.0,0.0,0.0,0.0,0.0,0.0,0.0,0.0,0.0,0.0,0.0,0.0,0.0,0.0,0.0,0.0,0.0,0.0,0.0,0.0,0.0,0.0,0.0,0.0,0.0,0.0,0.0,0.0,0.0,0.0,0.0,0.0,0.0,0.0,0.0,0.0,0.0,0.0,0.0,0.0,0.0,0.0,0.0
0.8105,3.8333,0.9281,1.8462,16.75,4.8479,4.5851,2.2917,235.0,7.4742,5.2667,2.459,7.191,18.7917,4.8479,0.8635,80.3302,2.4943,2.4327,9.7808,2.4943,0.1818,0.1333,1.0,0.6667,0.1818,0.1333,0.0192,0.0408,0.0141,0.0359,0.0,0.0,0.0,0.0,0.0,0.0,0.0,0.0,0.0,0.0,0.0,0.0,0.0,0.0,0.0,0.0,0.0,0.0,0.0,0.0,0.0,0.0,0.0,0.0,0.0,0.0,0.0,0.0,0.0,0.0,0.0,0.0,0.0,0.0,0.0,0.0,0.0,0.0,0.0,0.0,0.0,0.0,0.0,0.0,0.0,0.0,0.0,0.0,0.0,0.0,0.0,0.0,0.0,0.0,0.0,0.0,0.0,0.0,0.0,0.0,0.0,0.0,0.0,0.0,0.0,0.0,0.0,0.0,0.0,0.0,0.0,0.0,0.0,0.0,0.0,0.0,0.0,0.0
0.9571,4.3939,1.0245,2.5385,14.2121,4.9154,4.6963,1.5455,271.8485,6.8755,5.0345,1.5588,7.2642,15.9697,4.9154,1.0824,80.3959,2.6827,2.6096,7.0731,2.6827,0.35,0.3636,1.0,1.0,0.35,0.3636,0.041,0.0655,0.0547,0.0697,0.0,0.0,0.0,0.0,0.0,0.0,0.0,0.0,0.0,0.0,0.0,0.0,0.0,0.0,0.0,0.0,0.0,0.0,0.0,0.0,0.0,0.0,0.0,0.0,0.0,0.0,0.0,0.0,0.0,0.0,0.0,0.0,0.0,0.0,0.0,0.0,0.0,0.0,0.0,0.0,0.0,0.0,0.0,0.0,0.0,0.0,0.0,0.0,0.0,0.0,0.0,0.0,0.0,0.0,0.0,0.0,0.0,0.0,0.0,0.0,0.0,0.0,0.0,0.0,0.0,0.0,0.0,0.0,0.0,0.0,0.0,0.0,0.0,0.0,0.0,0.0,0.0,0.0
1.0882,6.4286,1.2279,2.3333,19.9524,4.6592,4.4428,2.2857,252.4286,7.6321,5.1081,1.8413,7.5294,22.381,4.6592,0.8165,89.2298,2.4486,2.2992,9.4339,2.4486,0.5,0.3529,1.0,1.0,0.5,0.3529,0.0663,0.0483,0.0526,0.0476,0.0,0.0,0.0,0.0,0.0,0.0,0.0,0.0,0.0,0.0,0.0,0.0,0.0,0.0,0.0,0.0,0.0,0.0,0.0,0.0,0.0,0.0,0.0,0.0,0.0,0.0,0.0,0.0,0.0,0.0,0.0,0.0,0.0,0.0,0.0,0.0,0.0,0.0,0.0,0.0,0.0,0.0,0.0,0.0,0.0,0.0,0.0,0.0,0.0,0.0,0.0,0.0,0.0,0.0,0.0,0.0,0.0,0.0,0.0,0.0,0.0,0.0,0.0,0.0,0.0,0.0,0.0,0.0,0.0,0.0,0.0,0.0,0.0,0.0,0.0,0.0,0.0,0.0
0.9529,4.7105,1.0681,3.8,14.7895,4.5704,4.352,1.6842,325.2105,6.8294,4.9,1.8242,7.2521,16.7105,4.5704,0.9798,89.9609,2.3761,2.2402,7.3122,2.3761,0.1071,0.0862,1.0,0.8621,0.1071,0.0862,0.0224,0.0397,0.0159,0.0326,0.0,0.0,0.0,0.0,0.0,0.0,0.0,0.0,0.0,0.0,0.0,0.0,0.0,0.0,0.0,0.0,0.0,0.0,0.0,0.0,0.0,0.0,0.0,0.0,0.0,0.0,0.0,0.0,0.0,0.0,0.0,0.0,0.0,0.0,0.0,0.0,0.0,0.0,0.0,0.0,0.0,0.0,0.0,0.0,0.0,0.0,0.0,0.0,0.0,0.0,0.0,0.0,0.0,0.0,0.0,0.0,0.0,0.0,0.0,0.0,0.0,0.0,0.0,0.0,0.0,0.0,0.0,0.0,0.0,0.0,0.0,0.0,0.0,0.0,0.0,0.0,0.0,0.0
0.9588,3.25,1.0722,2.4615,16.1875,4.6189,4.4499,1.7812,300.6875,5.7336,6.133,1.9545,8.146,18.5,4.6189,1.4473,90.1282,2.3513,2.2444,6.6849,2.3513,0.3158,0.2432,1.0,0.973,0.3684,0.2703,0.042,0.0646,0.0345,0.0529,0.0,0.0,0.0,0.0,0.0,0.0,0.0,0.0,0.0,0.0,0.0,0.0,0.0,0.0,0.0,0.0,0.0,0.0,0.0,0.0,0.0,0.0,0.0,0.0,0.0,0.0,0.0,0.0,0.0,0.0,0.0,0.0,0.0,0.0,0.0,0.0,0.0,0.0,0.0,0.0,0.0,0.0,0.0,0.0,0.0,0.0,0.0,0.0,0.0,0.0,0.0,0.0,0.0,0.0,0.0,0.0,0.0,0.0,0.0,0.0,0.0,0.0,0.0,0.0,0.0,0.0,0.0,0.0,0.0,0.0,0.0,0.0,0.0,0.0,0.0,0.0,0.0,0.0
1.0931,4.875,1.2108,2.6667,17.1875,4.7422,4.5396,1.7812,287.375,6.1846,4.7135,2.0253,6.8586,19.2812,4.7422,1.2472,95.6959,2.3955,2.3169,7.7024,2.3955,0.15,0.1667,1.0,1.0,0.15,0.1667,0.0297,0.0496,0.035,0.054,0.0,0.0,0.0,0.0,0.0,0.0,0.0,0.0,0.0,0.0,0.0,0.0,0.0,0.0,0.0,0.0,0.0,0.0,0.0,0.0,0.0,0.0,0.0,0.0,0.0,0.0,0.0,0.0,0.0,0.0,0.0,0.0,0.0,0.0,0.0,0.0,0.0,0.0,0.0,0.0,0.0,0.0,0.0,0.0,0.0,0.0,0.0,0.0,0.0,0.0,0.0,0.0,0.0,0.0,0.0,0.0,0.0,0.0,0.0,0.0,0.0,0.0,0.0,0.0,0.0,0.0,0.0,0.0,0.0,0.0,0.0,0.0,0.0,0.0,0.0,0.0,0.0,0.0
0.8897,2.75,0.9853,2.6667,11.5625,4.7096,4.5397,1.1562,239.8125,7.2831,4.7795,1.9661,7.2206,13.0625,4.7096,1.5986,64.3773,2.5098,2.4521,7.0619,2.5098,0.0,0.0476,1.0,0.5952,0.0,0.0476,0.0131,0.0316,0.0097,0.0271,0.0,0.0,0.0,0.0,0.0,0.0,0.0,0.0,0.0,0.0,0.0,0.0,0.0,0.0,0.0,0.0,0.0,0.0,0.0,0.0,0.0,0.0,0.0,0.0,0.0,0.0,0.0,0.0,0.0,0.0,0.0,0.0,0.0,0.0,0.0,0.0,0.0,0.0,0.0,0.0,0.0,0.0,0.0,0.0,0.0,0.0,0.0,0.0,0.0,0.0,0.0,0.0,0.0,0.0,0.0,0.0,0.0,0.0,0.0,0.0,0.0,0.0,0.0,0.0,0.0,0.0,0.0,0.0,0.0,0.0,0.0,0.0,0.0,0.0,0.0,0.0,0.0,0.0
1.1406,5.2188,1.1875,3.2,17.0938,4.7649,4.5354,1.9375,347.0312,6.15,5.4372,2.0667,7.2429,19.8125,4.7649,1.6613,95.174,2.4035,2.2796,8.748,2.4035,0.4545,0.449,1.0,0.9184,0.4545,0.449,0.0548,0.0678,0.0518,0.0623,0.0,0.0,0.0,0.0,0.0,0.0,0.0,0.0,0.0,0.0,0.0,0.0,0.0,0.0,0.0,0.0,0.0,0.0,0.0,0.0,0.0,0.0,0.0,0.0,0.0,0.0,0.0,0.0,0.0,0.0,0.0,0.0,0.0,0.0,0.0,0.0,0.0,0.0,0.0,0.0,0.0,0.0,0.0,0.0,0.0,0.0,0.0,0.0,0.0,0.0,0.0,0.0,0.0,0.0,0.0,0.0,0.0,0.0,0.0,0.0,0.0,0.0,0.0,0.0,0.0,0.0,0.0,0.0,0.0,0.0,0.0,0.0,0.0,0.0,0.0,0.0,0.0,0.0
0.8762,5.3429,0.9429,3.5,16.5143,4.1752,4.0106,1.7714,318.9143,7.5976,4.7427,2.1531,7.0926,18.6,4.1752,1.6279,96.294,2.1607,2.101,8.5497,2.1607,0.24,0.193,1.0,1.0,0.24,0.193,0.0454,0.05,0.0389,0.0475,0.0,0.0,0.0,0.0,0.0,0.0,0.0,0.0,0.0,0.0,0.0,0.0,0.0,0.0,0.0,0.0,0.0,0.0,0.0,0.0,0.0,0.0,0.0,0.0,0.0,0.0,0.0,0.0,0.0,0.0,0.0,0.0,0.0,0.0,0.0,0.0,0.0,0.0,0.0,0.0,0.0,0.0,0.0,0.0,0.0,0.0,0.0,0.0,0.0,0.0,0.0,0.0,0.0,0.0,0.0,0.0,0.0,0.0,0.0,0.0,0.0,0.0,0.0,0.0,0.0,0.0,0.0,0.0,0.0,0.0,0.0,0.0,0.0,0.0,0.0,0.0,0.0,0.0
0.9019,2.5897,1.014,4.875,15.7179,4.2709,4.1149,2.1026,358.2308,7.5785,4.6318,1.8796,6.9008,17.9487,4.2709,1.3636,96.8919,2.2211,2.1048,8.8751,2.2211,0.3226,0.3253,1.0,0.9398,0.4194,0.4458,0.0553,0.0639,0.0523,0.0541,0.0,0.0,0.0,0.0,0.0,0.0,0.0,0.0,0.0,0.0,0.0,0.0,0.0,0.0,0.0,0.0,0.0,0.0,0.0,0.0,0.0,0.0,0.0,0.0,0.0,0.0,0.0,0.0,0.0,0.0,0.0,0.0,0.0,0.0,0.0,0.0,0.0,0.0,0.0,0.0,0.0,0.0,0.0,0.0,0.0,0.0,0.0,0.0,0.0,0.0,0.0,0.0,0.0,0.0,0.0,0.0,0.0,0.0,0.0,0.0,0.0,0.0,0.0,0.0,0.0,0.0,0.0,0.0,0.0,0.0,0.0,0.0,0.0,0.0,0.0,0.0,0.0,0.0
0.9832,3.9167,1.2458,2.4,13.6667,4.5255,4.3969,0.8889,278.5,7.3578,5.3986,1.6,7.0583,16.4722,4.5255,1.0198,80.8531,2.3109,2.2236,8.2882,2.3109,0.3333,0.3333,1.0,0.8485,0.3333,0.3333,0.0763,0.1045,0.0648,0.0971,0.0,0.0,0.0,0.0,0.0,0.0,0.0,0.0,0.0,0.0,0.0,0.0,0.0,0.0,0.0,0.0,0.0,0.0,0.0,0.0,0.0,0.0,0.0,0.0,0.0,0.0,0.0,0.0,0.0,0.0,0.0,0.0,0.0,0.0,0.0,0.0,0.0,0.0,0.0,0.0,0.0,0.0,0.0,0.0,0.0,0.0,0.0,0.0,0.0,0.0,0.0,0.0,0.0,0.0,0.0,0.0,0.0,0.0,0.0,0.0,0.0,0.0,0.0,0.0,0.0,0.0,0.0,0.0,0.0,0.0,0.0,0.0,0.0,0.0,0.0,0.0,0.0,0.0
1.0376,5.027,1.108,4.625,16.1351,4.2169,4.1034,1.4865,381.2162,7.6547,5.0419,1.8333,7.5607,18.7297,4.2169,1.9325,96.8108,2.0709,2.0163,8.9432,2.0709,0.3448,0.2317,1.0,0.878,0.3448,0.2317,0.0388,0.0554,0.025,0.0457,0.0,0.0,0.0,0.0,0.0,0.0,0.0,0.0,0.0,0.0,0.0,0.0,0.0,0.0,0.0,0.0,0.0,0.0,0.0,0.0,0.0,0.0,0.0,0.0,0.0,0.0,0.0,0.0,0.0,0.0,0.0,0.0,0.0,0.0,0.0,0.0,0.0,0.0,0.0,0.0,0.0,0.0,0.0,0.0,0.0,0.0,0.0,0.0,0.0,0.0,0.0,0.0,0.0,0.0,0.0,0.0,0.0,0.0,0.0,0.0,0.0,0.0,0.0,0.0,0.0,0.0,0.0,0.0,0.0,0.0,0.0,0.0,0.0,0.0,0.0,0.0,0.0,0.0
0.8824,3.0769,0.9958,3.9,17.1538,4.9163,4.6741,2.1538,371.641,6.9068,4.7116,2.1653,6.8219,19.3333,4.9163,1.044,105.7434,2.6328,2.4717,8.2317,2.6328,0.4138,0.3871,1.0,0.9839,0.4138,0.3871,0.0415,0.0475,0.0385,0.0404,0.0,0.0,0.0,0.0,0.0,0.0,0.0,0.0,0.0,0.0,0.0,0.0,0.0,0.0,0.0,0.0,0.0,0.0,0.0,0.0,0.0,0.0,0.0,0.0,0.0,0.0,0.0,0.0,0.0,0.0,0.0,0.0,0.0,0.0,0.0,0.0,0.0,0.0,0.0,0.0,0.0,0.0,0.0,0.0,0.0,0.0,0.0,0.0,0.0,0.0,0.0,0.0,0.0,0.0,0.0,0.0,0.0,0.0,0.0,0.0,0.0,0.0,0.0,0.0,0.0,0.0,0.0,0.0,0.0,0.0,0.0,0.0,0.0,0.0,0.0,0.0,0.0,0.0
0.8286,3.72,0.8786,2.2727,13.76,4.6087,4.3565,1.48,214.28,7.8509,4.5076,1.6786,6.5921,16.36,4.6087,0.8624,67.41,2.6617,2.5442,8.4137,2.6617,0.0714,0.1,1.0,1.0,0.0714,0.1,0.0036,0.0129,0.014,0.0509,0.0,0.0,0.0,0.0,0.0,0.0,0.0,0.0,0.0,0.0,0.0,0.0,0.0,0.0,0.0,0.0,0.0,0.0,0.0,0.0,0.0,0.0,0.0,0.0,0.0,0.0,0.0,0.0,0.0,0.0,0.0,0.0,0.0,0.0,0.0,0.0,0.0,0.0,0.0,0.0,0.0,0.0,0.0,0.0,0.0,0.0,0.0,0.0,0.0,0.0,0.0,0.0,0.0,0.0,0.0,0.0,0.0,0.0,0.0,0.0,0.0,0.0,0.0,0.0,0.0,0.0,0.0,0.0,0.0,0.0,0.0,0.0,0.0,0.0,0.0,0.0,0.0,0.0
0.8235,4.76,1.0,2.7778,19.76,4.965,4.716,2.72,281.12,7.749,5.3005,1.8395,7.5984,21.96,4.965,1.1331,96.8038,2.5565,2.41,8.8611,2.5565,0.3125,0.3214,1.0,1.0,0.3125,0.3214,0.0531,0.0562,0.0417,0.051,0.0,0.0,0.0,0.0,0.0,0.0,0.0,0.0,0.0,0.0,0.0,0.0,0.0,0.0,0.0,0.0,0.0,0.0,0.0,0.0,0.0,0.0,0.0,0.0,0.0,0.0,0.0,0.0,0.0,0.0,0.0,0.0,0.0,0.0,0.0,0.0,0.0,0.0,0.0,0.0,0.0,0.0,0.0,0.0,0.0,0.0,0.0,0.0,0.0,0.0,0.0,0.0,0.0,0.0,0.0,0.0,0.0,0.0,0.0,0.0,0.0,0.0,0.0,0.0,0.0,0.0,0.0,0.0,0.0,0.0,0.0,0.0,0.0,0.0,0.0,0.0,0.0,0.0
0.9051,3.5,0.9489,2.8889,14.8462,4.3747,4.0551,1.9231,204.4615,8.5707,4.6928,1.3913,7.4048,16.8077,4.3747,1.2862,74.2308,2.2101,2.0089,8.1099,2.2101,0.3529,0.375,1.0,1.0,0.3529,0.4062,0.0615,0.0783,0.0585,0.0686,0.0,0.0,0.0,0.0,0.0,0.0,0.0,0.0,0.0,0.0,0.0,0.0,0.0,0.0,0.0,0.0,0.0,0.0,0.0,0.0,0.0,0.0,0.0,0.0,0.0,0.0,0.0,0.0,0.0,0.0,0.0,0.0,0.0,0.0,0.0,0.0,0.0,0.0,0.0,0.0,0.0,0.0,0.0,0.0,0.0,0.0,0.0,0.0,0.0,0.0,0.0,0.0,0.0,0.0,0.0,0.0,0.0,0.0,0.0,0.0,0.0,0.0,0.0,0.0,0.0,0.0,0.0,0.0,0.0,0.0,0.0,0.0,0.0,0.0,0.0,0.0,0.0,0.0
0.8651,2.4091,1.0159,1.8333,15.0909,4.6147,4.4893,2.0455,205.0455,7.7778,4.1316,1.7797,6.6545,17.4091,4.6147,0.5528,69.1552,2.2459,2.2283,6.9325,2.2459,0.1,0.0909,1.0,0.8182,0.1,0.0909,0.0285,0.0358,0.0259,0.0351,0.0,0.0,0.0,0.0,0.0,0.0,0.0,0.0,0.0,0.0,0.0,0.0,0.0,0.0,0.0,0.0,0.0,0.0,0.0,0.0,0.0,0.0,0.0,0.0,0.0,0.0,0.0,0.0,0.0,0.0,0.0,0.0,0.0,0.0,0.0,0.0,0.0,0.0,0.0,0.0,0.0,0.0,0.0,0.0,0.0,0.0,0.0,0.0,0.0,0.0,0.0,0.0,0.0,0.0,0.0,0.0,0.0,0.0,0.0,0.0,0.0,0.0,0.0,0.0,0.0,0.0,0.0,0.0,0.0,0.0,0.0,0.0,0.0,0.0,0.0,0.0,0.0,0.0
0.9045,5.037,1.0281,2.7,17.1481,4.8612,4.6101,2.1481,269.6667,7.8821,4.6878,1.8082,6.5,19.4815,4.8612,1.4177,87.4387,2.446,2.3438,7.3099,2.446,0.4706,0.3939,1.0,1.0,0.4706,0.3939,0.0371,0.0311,0.034,0.0416,0.0,0.0,0.0,0.0,0.0,0.0,0.0,0.0,0.0,0.0,0.0,0.0,0.0,0.0,0.0,0.0,0.0,0.0,0.0,0.0,0.0,0.0,0.0,0.0,0.0,0.0,0.0,0.0,0.0,0.0,0.0,0.0,0.0,0.0,0.0,0.0,0.0,0.0,0.0,0.0,0.0,0.0,0.0,0.0,0.0,0.0,0.0,0.0,0.0,0.0,0.0,0.0,0.0,0.0,0.0,0.0,0.0,0.0,0.0,0.0,0.0,0.0,0.0,0.0,0.0,0.0,0.0,0.0,0.0,0.0,0.0,0.0,0.0,0.0,0.0,0.0,0.0,0.0
0.9831,3.7805,1.1483,2.9286,15.4634,4.4098,4.1447,1.5122,336.6585,7.6804,5.4774,1.8152,7.7086,17.5122,4.4098,1.6241,97.7992,2.0421,1.9136,7.9729,2.0421,0.2222,0.1379,1.0,0.8621,0.2222,0.1379,0.0279,0.0453,0.0184,0.0405,0.0,0.0,0.0,0.0,0.0,0.0,0.0,0.0,0.0,0.0,0.0,0.0,0.0,0.0,0.0,0.0,0.0,0.0,0.0,0.0,0.0,0.0,0.0,0.0,0.0,0.0,0.0,0.0,0.0,0.0,0.0,0.0,0.0,0.0,0.0,0.0,0.0,0.0,0.0,0.0,0.0,0.0,0.0,0.0,0.0,0.0,0.0,0.0,0.0,0.0,0.0,0.0,0.0,0.0,0.0,0.0,0.0,0.0,0.0,0.0,0.0,0.0,0.0,0.0,0.0,0.0,0.0,0.0,0.0,0.0,0.0,0.0,0.0,0.0,0.0,0.0,0.0,0.0
0.7588,4.6341,0.8894,4.5556,13.8049,4.1182,3.9164,1.5122,329.3171,7.3731,4.8256,1.6774,7.6961,16.0488,4.1182,1.6405,87.3097,2.1017,2.0146,7.5222,2.1017,0.1562,0.1647,1.0,1.0,0.1562,0.1647,0.033,0.0584,0.0268,0.0492,0.0,0.0,0.0,0.0,0.0,0.0,0.0,0.0,0.0,0.0,0.0,0.0,0.0,0.0,0.0,0.0,0.0,0.0,0.0,0.0,0.0,0.0,0.0,0.0,0.0,0.0,0.0,0.0,0.0,0.0,0.0,0.0,0.0,0.0,0.0,0.0,0.0,0.0,0.0,0.0,0.0,0.0,0.0,0.0,0.0,0.0,0.0,0.0,0.0,0.0,0.0,0.0,0.0,0.0,0.0,0.0,0.0,0.0,0.0,0.0,0.0,0.0,0.0,0.0,0.0,0.0,0.0,0.0,0.0,0.0,0.0,0.0,0.0,0.0,0.0,0.0,0.0,0.0
0.8677,3.6667,1.0,3.0,19.0,4.5272,4.2802,2.6296,317.037,7.3746,5.3696,1.5778,7.8071,20.8519,4.5272,0.8165,96.8814,2.3712,2.2255,10.01,2.3712,0.6111,0.5667,1.0,1.0,0.6111,0.5667,0.0505,0.0544,0.0483,0.0503,0.0,0.0,0.0,0.0,0.0,0.0,0.0,0.0,0.0,0.0,0.0,0.0,0.0,0.0,0.0,0.0,0.0,0.0,0.0,0.0,0.0,0.0,0.0,0.0,0.0,0.0,0.0,0.0,0.0,0.0,0.0,0.0,0.0,0.0,0.0,0.0,0.0,0.0,0.0,0.0,0.0,0.0,0.0,0.0,0.0,0.0,0.0,0.0,0.0,0.0,0.0,0.0,0.0,0.0,0.0,0.0,0.0,0.0,0.0,0.0,0.0,0.0,0.0,0.0,0.0,0.0,0.0,0.0,0.0,0.0,0.0,0.0,0.0,0.0,0.0,0.0,0.0,0.0
0.856,3.44,1.048,5.0,13.02,4.7778,4.6103,1.18,385.88,7.5125,5.1207,1.8778,7.1761,14.74,4.7778,1.5492,91.14,2.7397,2.6407,8.8788,2.7397,0.1,0.0714,1.0,0.7679,0.1,0.0804,0.0207,0.04,0.0167,0.0382,0.0,0.0,0.0,0.0,0.0,0.0,0.0,0.0,0.0,0.0,0.0,0.0,0.0,0.0,0.0,0.0,0.0,0.0,0.0,0.0,0.0,0.0,0.0,0.0,0.0,0.0,0.0,0.0,0.0,0.0,0.0,0.0,0.0,0.0,0.0,0.0,0.0,0.0,0.0,0.0,0.0,0.0,0.0,0.0,0.0,0.0,0.0,0.0,0.0,0.0,0.0,0.0,0.0,0.0,0.0,0.0,0.0,0.0,0.0,0.0,0.0,0.0,0.0,0.0,0.0,0.0,0.0,0.0,0.0,0.0,0.0,0.0,0.0,0.0,0.0,0.0,0.0,0.0
0.9028,5.3333,1.037,3.6667,17.5152,4.7574,4.5271,2.5455,350.4545,6.6291,5.677,1.913,8.2612,19.5152,4.7574,1.7638,99.0807,2.3324,2.2297,9.8538,2.3324,0.2083,0.1897,1.0,0.9483,0.2083,0.1897,0.0355,0.0579,0.029,0.0541,0.0,0.0,0.0,0.0,0.0,0.0,0.0,0.0,0.0,0.0,0.0,0.0,0.0,0.0,0.0,0.0,0.0,0.0,0.0,0.0,0.0,0.0,0.0,0.0,0.0,0.0,0.0,0.0,0.0,0.0,0.0,0.0,0.0,0.0,0.0,0.0,0.0,0.0,0.0,0.0,0.0,0.0,0.0,0.0,0.0,0.0,0.0,0.0,0.0,0.0,0.0,0.0,0.0,0.0,0.0,0.0,0.0,0.0,0.0,0.0,0.0,0.0,0.0,0.0,0.0,0.0,0.0,0.0,0.0,0.0,0.0,0.0,0.0,0.0,0.0,0.0,0.0,0.0
0.9004,3.6522,1.0041,2.5556,14.7391,4.2309,4.0,1.9565,387.3261,7.8865,4.3705,1.5,7.0,16.6087,4.2309,1.0123,98.8731,2.1025,1.9774,6.5358,2.1025,0.1786,0.1556,1.0,1.0,0.2143,0.1778,0.0399,0.0488,0.0372,0.0465,0.0,0.0,0.0,0.0,0.0,0.0,0.0,0.0,0.0,0.0,0.0,0.0,0.0,0.0,0.0,0.0,0.0,0.0,0.0,0.0,0.0,0.0,0.0,0.0,0.0,0.0,0.0,0.0,0.0,0.0,0.0,0.0,0.0,0.0,0.0,0.0,0.0,0.0,0.0,0.0,0.0,0.0,0.0,0.0,0.0,0.0,0.0,0.0,0.0,0.0,0.0,0.0,0.0,0.0,0.0,0.0,0.0,0.0,0.0,0.0,0.0,0.0,0.0,0.0,0.0,0.0,0.0,0.0,0.0,0.0,0.0,0.0,0.0,0.0,0.0,0.0,0.0,0.0
0.8232,3.4634,0.9394,4.5556,12.9512,4.2552,4.0938,1.3902,344.0732,8.1107,4.5459,1.6824,6.98,15.3171,4.2552,1.499,81.9107,2.2579,2.2066,7.9124,2.2579,0.1562,0.0964,1.0,0.988,0.1562,0.0964,0.0367,0.0566,0.0261,0.0517,0.0,0.0,0.0,0.0,0.0,0.0,0.0,0.0,0.0,0.0,0.0,0.0,0.0,0.0,0.0,0.0,0.0,0.0,0.0,0.0,0.0,0.0,0.0,0.0,0.0,0.0,0.0,0.0,0.0,0.0,0.0,0.0,0.0,0.0,0.0,0.0,0.0,0.0,0.0,0.0,0.0,0.0,0.0,0.0,0.0,0.0,0.0,0.0,0.0,0.0,0.0,0.0,0.0,0.0,0.0,0.0,0.0,0.0,0.0,0.0,0.0,0.0,0.0,0.0,0.0,0.0,0.0,0.0,0.0,0.0,0.0,0.0,0.0,0.0,0.0,0.0,0.0,0.0
0.7879,3.625,0.9394,3.0769,13.3,4.4848,4.2243,1.55,341.0,6.2601,5.7546,1.9451,8.528,15.675,4.4848,0.9166,83.0585,2.3266,2.2171,7.7537,2.3266,0.3333,0.2979,1.0,0.8723,0.3333,0.2979,0.0374,0.0513,0.0334,0.0517,0.0,0.0,0.0,0.0,0.0,0.0,0.0,0.0,0.0,0.0,0.0,0.0,0.0,0.0,0.0,0.0,0.0,0.0,0.0,0.0,0.0,0.0,0.0,0.0,0.0,0.0,0.0,0.0,0.0,0.0,0.0,0.0,0.0,0.0,0.0,0.0,0.0,0.0,0.0,0.0,0.0,0.0,0.0,0.0,0.0,0.0,0.0,0.0,0.0,0.0,0.0,0.0,0.0,0.0,0.0,0.0,0.0,0.0,0.0,0.0,0.0,0.0,0.0,0.0,0.0,0.0,0.0,0.0,0.0,0.0,0.0,0.0,0.0,0.0,0.0,0.0,0.0,0.0
0.9106,5.5862,1.0726,3.625,17.3103,4.2419,3.9919,2.4138,317.1724,8.3865,5.0052,1.9205,7.6154,19.5862,4.2419,1.4087,91.5977,2.0863,1.997,8.105,2.0863,0.4286,0.3696,1.0,1.0,0.4286,0.3696,0.0437,0.0399,0.0427,0.0415,0.0,0.0,0.0,0.0,0.0,0.0,0.0,0.0,0.0,0.0,0.0,0.0,0.0,0.0,0.0,0.0,0.0,0.0,0.0,0.0,0.0,0.0,0.0,0.0,0.0,0.0,0.0,0.0,0.0,0.0,0.0,0.0,0.0,0.0,0.0,0.0,0.0,0.0,0.0,0.0,0.0,0.0,0.0,0.0,0.0,0.0,0.0,0.0,0.0,0.0,0.0,0.0,0.0,0.0,0.0,0.0,0.0,0.0,0.0,0.0,0.0,0.0,0.0,0.0,0.0,0.0,0.0,0.0,0.0,0.0,0.0,0.0,0.0,0.0,0.0,0.0,0.0,0.0
0.8144,4.1818,1.006,2.75,12.9091,4.3898,4.23,1.4242,269.303,7.395,4.9735,1.9219,7.2184,14.9394,4.3898,1.3617,73.0248,2.3071,2.2231,6.9016,2.3071,0.2381,0.2,1.0,0.825,0.2381,0.2,0.0491,0.07,0.0477,0.0637,0.0,0.0,0.0,0.0,0.0,0.0,0.0,0.0,0.0,0.0,0.0,0.0,0.0,0.0,0.0,0.0,0.0,0.0,0.0,0.0,0.0,0.0,0.0,0.0,0.0,0.0,0.0,0.0,0.0,0.0,0.0,0.0,0.0,0.0,0.0,0.0,0.0,0.0,0.0,0.0,0.0,0.0,0.0,0.0,0.0,0.0,0.0,0.0,0.0,0.0,0.0,0.0,0.0,0.0,0.0,0.0,0.0,0.0,0.0,0.0,0.0,0.0,0.0,0.0,0.0,0.0,0.0,0.0,0.0,0.0,0.0,0.0,0.0,0.0,0.0,0.0,0.0,0.0
0.7405,4.0625,0.9351,4.0,14.625,4.6139,4.3297,1.6562,306.6875,7.3609,4.9942,1.8421,7.4896,16.5312,4.6139,2.2913,81.4286,2.333,2.2043,8.6421,2.333,0.4583,0.3478,1.0,1.0,0.4583,0.3478,0.0517,0.0454,0.0399,0.0543,0.0,0.0,0.0,0.0,0.0,0.0,0.0,0.0,0.0,0.0,0.0,0.0,0.0,0.0,0.0,0.0,0.0,0.0,0.0,0.0,0.0,0.0,0.0,0.0,0.0,0.0,0.0,0.0,0.0,0.0,0.0,0.0,0.0,0.0,0.0,0.0,0.0,0.0,0.0,0.0,0.0,0.0,0.0,0.0,0.0,0.0,0.0,0.0,0.0,0.0,0.0,0.0,0.0,0.0,0.0,0.0,0.0,0.0,0.0,0.0,0.0,0.0,0.0,0.0,0.0,0.0,0.0,0.0,0.0,0.0,0.0,0.0,0.0,0.0,0.0,0.0,0.0,0.0
0.8855,3.8462,0.9847,3.25,14.5769,4.5424,4.2825,1.6538,192.3077,7.759,5.4539,2.0,7.4719,16.5769,4.5424,1.479,72.8846,2.2785,2.1351,7.5964,2.2785,0.2778,0.2368,1.0,0.8947,0.2778,0.2368,0.0512,0.0604,0.038,0.0499,0.0,0.0,0.0,0.0,0.0,0.0,0.0,0.0,0.0,0.0,0.0,0.0,0.0,0.0,0.0,0.0,0.0,0.0,0.0,0.0,0.0,0.0,0.0,0.0,0.0,0.0,0.0,0.0,0.0,0.0,0.0,0.0,0.0,0.0,0.0,0.0,0.0,0.0,0.0,0.0,0.0,0.0,0.0,0.0,0.0,0.0,0.0,0.0,0.0,0.0,0.0,0.0,0.0,0.0,0.0,0.0,0.0,0.0,0.0,0.0,0.0,0.0,0.0,0.0,0.0,0.0,0.0,0.0,0.0,0.0,0.0,0.0,0.0,0.0,0.0,0.0,0.0,0.0
1.0591,4.9412,1.2365,3.0909,17.2647,4.6365,4.4765,1.7941,350.1471,6.2185,5.181,1.8434,7.3622,19.7353,4.6365,1.3111,99.1782,2.5171,2.4106,7.1715,2.5171,0.2609,0.2667,1.0,1.0,0.2609,0.2667,0.0474,0.0574,0.0375,0.0557,0.0,0.0,0.0,0.0,0.0,0.0,0.0,0.0,0.0,0.0,0.0,0.0,0.0,0.0,0.0,0.0,0.0,0.0,0.0,0.0,0.0,0.0,0.0,0.0,0.0,0.0,0.0,0.0,0.0,0.0,0.0,0.0,0.0,0.0,0.0,0.0,0.0,0.0,0.0,0.0,0.0,0.0,0.0,0.0,0.0,0.0,0.0,0.0,0.0,0.0,0.0,0.0,0.0,0.0,0.0,0.0,0.0,0.0,0.0,0.0,0.0,0.0,0.0,0.0,0.0,0.0,0.0,0.0,0.0,0.0,0.0,0.0,0.0,0.0,0.0,0.0,0.0,0.0
0.9493,3.8039,1.1821,2.4286,15.1765,4.436,4.24,1.3529,437.8627,7.5305,5.2282,1.7065,7.4027,17.7647,4.436,1.2178,107.3139,2.1782,2.1294,8.1592,2.1782,0.0667,0.0769,1.0,0.8654,0.0667,0.0769,0.0125,0.0369,0.0155,0.0374,0.0,0.0,0.0,0.0,0.0,0.0,0.0,0.0,0.0,0.0,0.0,0.0,0.0,0.0,0.0,0.0,0.0,0.0,0.0,0.0,0.0,0.0,0.0,0.0,0.0,0.0,0.0,0.0,0.0,0.0,0.0,0.0,0.0,0.0,0.0,0.0,0.0,0.0,0.0,0.0,0.0,0.0,0.0,0.0,0.0,0.0,0.0,0.0,0.0,0.0,0.0,0.0,0.0,0.0,0.0,0.0,0.0,0.0,0.0,0.0,0.0,0.0,0.0,0.0,0.0,0.0,0.0,0.0,0.0,0.0,0.0,0.0,0.0,0.0,0.0,0.0,0.0,0.0
0.8895,3.2059,0.9684,3.4,16.1471,4.1823,4.035,1.7647,316.7941,8.5847,4.6968,1.9888,7.1313,18.0588,4.1823,1.1136,92.7578,2.1953,2.1199,9.6343,2.1953,0.3333,0.2979,1.0,0.9787,0.3333,0.2979,0.0366,0.0439,0.0324,0.0451,0.0,0.0,0.0,0.0,0.0,0.0,0.0,0.0,0.0,0.0,0.0,0.0,0.0,0.0,0.0,0.0,0.0,0.0,0.0,0.0,0.0,0.0,0.0,0.0,0.0,0.0,0.0,0.0,0.0,0.0,0.0,0.0,0.0,0.0,0.0,0.0,0.0,0.0,0.0,0.0,0.0,0.0,0.0,0.0,0.0,0.0,0.0,0.0,0.0,0.0,0.0,0.0,0.0,0.0,0.0,0.0,0.0,0.0,0.0,0.0,0.0,0.0,0.0,0.0,0.0,0.0,0.0,0.0,0.0,0.0,0.0,0.0,0.0,0.0,0.0,0.0,0.0,0.0
0.9928,2.9231,1.1439,2.8889,13.8846,4.7131,4.4062,1.3077,207.4615,6.8122,5.6087,1.92,7.7045,15.9231,4.7131,0.737,69.4231,2.2118,2.058,6.2691,2.2118,0.4118,0.3333,1.0,0.963,0.4118,0.3333,0.05,0.0626,0.0363,0.0552,0.0,0.0,0.0,0.0,0.0,0.0,0.0,0.0,0.0,0.0,0.0,0.0,0.0,0.0,0.0,0.0,0.0,0.0,0.0,0.0,0.0,0.0,0.0,0.0,0.0,0.0,0.0,0.0,0.0,0.0,0.0,0.0,0.0,0.0,0.0,0.0,0.0,0.0,0.0,0.0,0.0,0.0,0.0,0.0,0.0,0.0,0.0,0.0,0.0,0.0,0.0,0.0,0.0,0.0,0.0,0.0,0.0,0.0,0.0,0.0,0.0,0.0,0.0,0.0,0.0,0.0,0.0,0.0,0.0,0.0,0.0,0.0,0.0,0.0,0.0,0.0,0.0,0.0
0.914,5.2903,1.1719,3.1,18.3226,5.0836,4.8327,1.5484,317.871,6.2378,6.3557,2.3889,7.9337,20.5161,5.0836,1.1358,100.3569,2.6677,2.5494,9.7579,2.6677,0.5238,0.3846,1.0,1.0,0.5238,0.3846,0.0513,0.0545,0.0363,0.0474,0.0,0.0,0.0,0.0,0.0,0.0,0.0,0.0,0.0,0.0,0.0,0.0,0.0,0.0,0.0,0.0,0.0,0.0,0.0,0.0,0.0,0.0,0.0,0.0,0.0,0.0,0.0,0.0,0.0,0.0,0.0,0.0,0.0,0.0,0.0,0.0,0.0,0.0,0.0,0.0,0.0,0.0,0.0,0.0,0.0,0.0,0.0,0.0,0.0,0.0,0.0,0.0,0.0,0.0,0.0,0.0,0.0,0.0,0.0,0.0,0.0,0.0,0.0,0.0,0.0,0.0,0.0,0.0,0.0,0.0,0.0,0.0,0.0,0.0,0.0,0.0,0.0,0.0
0.7743,2.5918,0.8097,5.4444,12.898,4.0364,3.8212,1.6122,396.9592,8.5458,4.4189,1.6942,7.6832,14.7143,4.0364,1.4229,89.3597,2.1311,2.0726,7.12,2.1311,0.125,0.1186,1.0,0.9831,0.125,0.1186,0.0279,0.0449,0.024,0.0438,0.0,0.0,0.0,0.0,0.0,0.0,0.0,0.0,0.0,0.0,0.0,0.0,0.0,0.0,0.0,0.0,0.0,0.0,0.0,0.0,0.0,0.0,0.0,0.0,0.0,0.0,0.0,0.0,0.0,0.0,0.0,0.0,0.0,0.0,0.0,0.0,0.0,0.0,0.0,0.0,0.0,0.0,0.0,0.0,0.0,0.0,0.0,0.0,0.0,0.0,0.0,0.0,0.0,0.0,0.0,0.0,0.0,0.0,0.0,0.0,0.0,0.0,0.0,0.0,0.0,0.0,0.0,0.0,0.0,0.0,0.0,0.0,0.0,0.0,0.0,0.0,0.0,0.0
0.9676,5.2727,1.0324,4.125,15.697,4.6757,4.4233,2.0606,332.7576,6.0702,5.2871,1.7468,7.4385,17.7576,4.6757,2.6663,88.7955,2.4506,2.3023,9.2639,2.4506,0.08,0.075,1.0,0.7875,0.08,0.075,0.011,0.0276,0.0132,0.0342,0.0,0.0,0.0,0.0,0.0,0.0,0.0,0.0,0.0,0.0,0.0,0.0,0.0,0.0,0.0,0.0,0.0,0.0,0.0,0.0,0.0,0.0,0.0,0.0,0.0,0.0,0.0,0.0,0.0,0.0,0.0,0.0,0.0,0.0,0.0,0.0,0.0,0.0,0.0,0.0,0.0,0.0,0.0,0.0,0.0,0.0,0.0,0.0,0.0,0.0,0.0,0.0,0.0,0.0,0.0,0.0,0.0,0.0,0.0,0.0,0.0,0.0,0.0,0.0,0.0,0.0,0.0,0.0,0.0,0.0,0.0,0.0,0.0,0.0,0.0,0.0,0.0,0.0
0.8019,4.975,0.8599,2.2222,14.2,4.2609,4.0504,1.825,348.0,7.7302,4.524,1.8611,7.4,16.975,4.2609,1.3147,88.679,2.2321,2.0682,9.8805,2.2321,0.0,0.025,1.0,0.95,0.0,0.025,0.0232,0.0352,0.0185,0.0341,0.0,0.0,0.0,0.0,0.0,0.0,0.0,0.0,0.0,0.0,0.0,0.0,0.0,0.0,0.0,0.0,0.0,0.0,0.0,0.0,0.0,0.0,0.0,0.0,0.0,0.0,0.0,0.0,0.0,0.0,0.0,0.0,0.0,0.0,0.0,0.0,0.0,0.0,0.0,0.0,0.0,0.0,0.0,0.0,0.0,0.0,0.0,0.0,0.0,0.0,0.0,0.0,0.0,0.0,0.0,0.0,0.0,0.0,0.0,0.0,0.0,0.0,0.0,0.0,0.0,0.0,0.0,0.0,0.0,0.0,0.0,0.0,0.0,0.0,0.0,0.0,0.0,0.0
1.0529,3.2903,1.3077,2.8182,18.0323,4.9615,4.7454,1.6774,313.6129,6.6114,5.0898,1.9437,7.4167,20.129,4.9615,1.1923,98.7667,2.6032,2.5633,11.6224,2.6032,0.1,0.1389,1.0,0.8611,0.1,0.1389,0.0224,0.0415,0.0286,0.057,0.0,0.0,0.0,0.0,0.0,0.0,0.0,0.0,0.0,0.0,0.0,0.0,0.0,0.0,0.0,0.0,0.0,0.0,0.0,0.0,0.0,0.0,0.0,0.0,0.0,0.0,0.0,0.0,0.0,0.0,0.0,0.0,0.0,0.0,0.0,0.0,0.0,0.0,0.0,0.0,0.0,0.0,0.0,0.0,0.0,0.0,0.0,0.0,0.0,0.0,0.0,0.0,0.0,0.0,0.0,0.0,0.0,0.0,0.0,0.0,0.0,0.0,0.0,0.0,0.0,0.0,0.0,0.0,0.0,0.0,0.0,0.0,0.0,0.0,0.0,0.0,0.0,0.0
0.8971,7.0,0.9951,3.875,20.7097,4.0616,3.8736,2.8387,379.8387,7.2763,4.9797,1.9397,7.6923,23.0968,4.0616,0.7806,113.4316,1.9708,1.8608,8.5435,1.9708,0.3043,0.2979,1.0,1.0,0.3043,0.3191,0.0408,0.0493,0.0387,0.0472,0.0,0.0,0.0,0.0,0.0,0.0,0.0,0.0,0.0,0.0,0.0,0.0,0.0,0.0,0.0,0.0,0.0,0.0,0.0,0.0,0.0,0.0,0.0,0.0,0.0,0.0,0.0,0.0,0.0,0.0,0.0,0.0,0.0,0.0,0.0,0.0,0.0,0.0,0.0,0.0,0.0,0.0,0.0,0.0,0.0,0.0,0.0,0.0,0.0,0.0,0.0,0.0,0.0,0.0,0.0,0.0,0.0,0.0,0.0,0.0,0.0,0.0,0.0,0.0,0.0,0.0,0.0,0.0,0.0,0.0,0.0,0.0,0.0,0.0,0.0,0.0,0.0,0.0
0.9028,4.0,1.0607,5.4444,14.0408,4.2294,4.0912,1.4286,424.102,7.6811,4.7172,2.0,6.985,16.4694,4.2294,1.499,97.2776,2.2824,2.2097,8.6239,2.2824,0.075,0.084,1.0,0.8739,0.075,0.084,0.0219,0.0417,0.0161,0.036,0.0,0.0,0.0,0.0,0.0,0.0,0.0,0.0,0.0,0.0,0.0,0.0,0.0,0.0,0.0,0.0,0.0,0.0,0.0,0.0,0.0,0.0,0.0,0.0,0.0,0.0,0.0,0.0,0.0,0.0,0.0,0.0,0.0,0.0,0.0,0.0,0.0,0.0,0.0,0.0,0.0,0.0,0.0,0.0,0.0,0.0,0.0,0.0,0.0,0.0,0.0,0.0,0.0,0.0,0.0,0.0,0.0,0.0,0.0,0.0,0.0,0.0,0.0,0.0,0.0,0.0,0.0,0.0,0.0,0.0,0.0,0.0,0.0,0.0,0.0,0.0,0.0,0.0
1.0694,3.303,1.2312,2.2,15.4242,4.4879,4.3117,1.4242,311.1515,7.8972,5.0333,1.9583,7.0833,17.3333,4.4879,0.6532,87.2527,2.2249,2.1446,6.27,2.2249,0.1667,0.1739,1.0,0.8696,0.1667,0.1739,0.0323,0.0567,0.0321,0.0581,0.0,0.0,0.0,0.0,0.0,0.0,0.0,0.0,0.0,0.0,0.0,0.0,0.0,0.0,0.0,0.0,0.0,0.0,0.0,0.0,0.0,0.0,0.0,0.0,0.0,0.0,0.0,0.0,0.0,0.0,0.0,0.0,0.0,0.0,0.0,0.0,0.0,0.0,0.0,0.0,0.0,0.0,0.0,0.0,0.0,0.0,0.0,0.0,0.0,0.0,0.0,0.0,0.0,0.0,0.0,0.0,0.0,0.0,0.0,0.0,0.0,0.0,0.0,0.0,0.0,0.0,0.0,0.0,0.0,0.0,0.0,0.0,0.0,0.0,0.0,0.0,0.0,0.0
0.9265,1.949,1.0064,3.92,8.9592,4.3757,4.1535,1.1224,484.8878,7.6004,4.7721,1.6313,7.1315,10.4592,4.3757,1.4119,88.2377,2.2837,2.1844,7.5851,2.2837,0.2192,0.1845,1.0,0.6369,0.2329,0.1905,0.0285,0.0499,0.0251,0.0501,0.0,0.0,0.0,0.0,0.0,0.0,0.0,0.0,0.0,0.0,0.0,0.0,0.0,0.0,0.0,0.0,0.0,0.0,0.0,0.0,0.0,0.0,0.0,0.0,0.0,0.0,0.0,0.0,0.0,0.0,0.0,0.0,0.0,0.0,0.0,0.0,0.0,0.0,0.0,0.0,0.0,0.0,0.0,0.0,0.0,0.0,0.0,0.0,0.0,0.0,0.0,0.0,0.0,0.0,0.0,0.0,0.0,0.0,0.0,0.0,0.0,0.0,0.0,0.0,0.0,0.0,0.0,0.0,0.0,0.0,0.0,0.0,0.0,0.0,0.0,0.0,0.0,0.0
1.2,4.5758,1.3474,4.125,16.5758,4.9536,4.7369,1.8485,336.3333,7.0678,5.1017,2.0685,7.2308,19.0606,4.9536,0.927,93.7666,2.634,2.4942,7.6671,2.634,0.52,0.4,1.0,1.0,0.52,0.4,0.073,0.0882,0.0527,0.0764,0.0,0.0,0.0,0.0,0.0,0.0,0.0,0.0,0.0,0.0,0.0,0.0,0.0,0.0,0.0,0.0,0.0,0.0,0.0,0.0,0.0,0.0,0.0,0.0,0.0,0.0,0.0,0.0,0.0,0.0,0.0,0.0,0.0,0.0,0.0,0.0,0.0,0.0,0.0,0.0,0.0,0.0,0.0,0.0,0.0,0.0,0.0,0.0,0.0,0.0,0.0,0.0,0.0,0.0,0.0,0.0,0.0,0.0,0.0,0.0,0.0,0.0,0.0,0.0,0.0,0.0,0.0,0.0,0.0,0.0,0.0,0.0,0.0,0.0,0.0,0.0,0.0,0.0
0.7937,3.0455,1.0317,2.0,15.8182,5.0179,4.794,1.6364,190.0455,6.3731,5.3529,2.0526,7.3125,17.4545,5.0179,0.603,72.488,2.4773,2.3694,5.7027,2.4773,0.6364,0.6154,1.0,0.9231,0.6364,0.6154,0.0779,0.0744,0.0805,0.0782,0.0,0.0,0.0,0.0,0.0,0.0,0.0,0.0,0.0,0.0,0.0,0.0,0.0,0.0,0.0,0.0,0.0,0.0,0.0,0.0,0.0,0.0,0.0,0.0,0.0,0.0,0.0,0.0,0.0,0.0,0.0,0.0,0.0,0.0,0.0,0.0,0.0,0.0,0.0,0.0,0.0,0.0,0.0,0.0,0.0,0.0,0.0,0.0,0.0,0.0,0.0,0.0,0.0,0.0,0.0,0.0,0.0,0.0,0.0,0.0,0.0,0.0,0.0,0.0,0.0,0.0,0.0,0.0,0.0,0.0,0.0,0.0,0.0,0.0,0.0,0.0,0.0,0.0
1.0343,4.6667,1.1176,3.75,19.5,4.3412,4.1289,1.8667,338.3,5.899,5.3009,2.0253,7.0612,22.3333,4.3412,1.199,105.0107,2.0554,1.9363,7.8881,2.0554,0.4091,0.3404,1.0,1.0,0.4091,0.3617,0.0477,0.0496,0.0443,0.0518,0.0,0.0,0.0,0.0,0.0,0.0,0.0,0.0,0.0,0.0,0.0,0.0,0.0,0.0,0.0,0.0,0.0,0.0,0.0,0.0,0.0,0.0,0.0,0.0,0.0,0.0,0.0,0.0,0.0,0.0,0.0,0.0,0.0,0.0,0.0,0.0,0.0,0.0,0.0,0.0,0.0,0.0,0.0,0.0,0.0,0.0,0.0,0.0,0.0,0.0,0.0,0.0,0.0,0.0,0.0,0.0,0.0,0.0,0.0,0.0,0.0,0.0,0.0,0.0,0.0,0.0,0.0,0.0,0.0,0.0,0.0,0.0,0.0,0.0,0.0,0.0,0.0,0.0
0.7721,5.2121,0.8791,3.3,18.0303,4.6365,4.397,2.6667,378.697,6.4904,4.6183,1.9633,6.8106,20.1212,4.6365,1.005,101.9948,2.4033,2.268,8.6436,2.4033,0.1304,0.0698,1.0,1.0,0.1304,0.0698,0.0246,0.035,0.0162,0.0292,0.0,0.0,0.0,0.0,0.0,0.0,0.0,0.0,0.0,0.0,0.0,0.0,0.0,0.0,0.0,0.0,0.0,0.0,0.0,0.0,0.0,0.0,0.0,0.0,0.0,0.0,0.0,0.0,0.0,0.0,0.0,0.0,0.0,0.0,0.0,0.0,0.0,0.0,0.0,0.0,0.0,0.0,0.0,0.0,0.0,0.0,0.0,0.0,0.0,0.0,0.0,0.0,0.0,0.0,0.0,0.0,0.0,0.0,0.0,0.0,0.0,0.0,0.0,0.0,0.0,0.0,0.0,0.0,0.0,0.0,0.0,0.0,0.0,0.0,0.0,0.0,0.0,0.0
0.9524,4.4375,1.1217,2.0,16.8125,4.4432,4.2481,1.8438,306.25,7.3045,5.6408,1.9762,8.1639,18.7812,4.4432,1.1726,93.608,2.2472,2.1823,8.554,2.2472,0.25,0.1852,1.0,0.8519,0.25,0.1852,0.0299,0.0419,0.0243,0.0396,0.0,0.0,0.0,0.0,0.0,0.0,0.0,0.0,0.0,0.0,0.0,0.0,0.0,0.0,0.0,0.0,0.0,0.0,0.0,0.0,0.0,0.0,0.0,0.0,0.0,0.0,0.0,0.0,0.0,0.0,0.0,0.0,0.0,0.0,0.0,0.0,0.0,0.0,0.0,0.0,0.0,0.0,0.0,0.0,0.0,0.0,0.0,0.0,0.0,0.0,0.0,0.0,0.0,0.0,0.0,0.0,0.0,0.0,0.0,0.0,0.0,0.0,0.0,0.0,0.0,0.0,0.0,0.0,0.0,0.0,0.0,0.0,0.0,0.0,0.0,0.0,0.0,0.0
1.0,4.3846,1.1779,3.0,14.0769,4.6004,4.4296,1.2308,336.9487,6.5477,5.0162,1.9605,7.1468,16.359,4.6004,0.6794,86.776,2.3905,2.3151,8.3004,2.3905,0.1154,0.0714,1.0,1.0,0.1154,0.0714,0.0193,0.0379,0.0161,0.035,0.0,0.0,0.0,0.0,0.0,0.0,0.0,0.0,0.0,0.0,0.0,0.0,0.0,0.0,0.0,0.0,0.0,0.0,0.0,0.0,0.0,0.0,0.0,0.0,0.0,0.0,0.0,0.0,0.0,0.0,0.0,0.0,0.0,0.0,0.0,0.0,0.0,0.0,0.0,0.0,0.0,0.0,0.0,0.0,0.0,0.0,0.0,0.0,0.0,0.0,0.0,0.0,0.0,0.0,0.0,0.0,0.0,0.0,0.0,0.0,0.0,0.0,0.0,0.0,0.0,0.0,0.0,0.0,0.0,0.0,0.0,0.0,0.0,0.0,0.0,0.0,0.0,0.0
0.9078,5.0833,1.034,4.0,15.9722,4.46,4.3375,1.6667,345.75,6.8189,4.995,1.7262,7.322,17.9444,4.46,1.1547,94.4929,2.39,2.3275,8.1614,2.39,0.4815,0.3333,1.0,1.0,0.4815,0.3333,0.056,0.0697,0.0368,0.0571,0.0,0.0,0.0,0.0,0.0,0.0,0.0,0.0,0.0,0.0,0.0,0.0,0.0,0.0,0.0,0.0,0.0,0.0,0.0,0.0,0.0,0.0,0.0,0.0,0.0,0.0,0.0,0.0,0.0,0.0,0.0,0.0,0.0,0.0,0.0,0.0,0.0,0.0,0.0,0.0,0.0,0.0,0.0,0.0,0.0,0.0,0.0,0.0,0.0,0.0,0.0,0.0,0.0,0.0,0.0,0.0,0.0,0.0,0.0,0.0,0.0,0.0,0.0,0.0,0.0,0.0,0.0,0.0,0.0,0.0,0.0,0.0,0.0,0.0,0.0,0.0,0.0,0.0
0.8896,5.4783,1.0061,2.5556,20.1739,4.5793,4.3304,2.8696,301.5652,7.115,4.7114,2.0714,7.0506,23.0435,4.5793,0.6849,94.624,2.2803,2.2015,10.3272,2.2803,0.4286,0.4,1.0,0.9,0.4286,0.4,0.0729,0.0584,0.0687,0.0692,0.0,0.0,0.0,0.0,0.0,0.0,0.0,0.0,0.0,0.0,0.0,0.0,0.0,0.0,0.0,0.0,0.0,0.0,0.0,0.0,0.0,0.0,0.0,0.0,0.0,0.0,0.0,0.0,0.0,0.0,0.0,0.0,0.0,0.0,0.0,0.0,0.0,0.0,0.0,0.0,0.0,0.0,0.0,0.0,0.0,0.0,0.0,0.0,0.0,0.0,0.0,0.0,0.0,0.0,0.0,0.0,0.0,0.0,0.0,0.0,0.0,0.0,0.0,0.0,0.0,0.0,0.0,0.0,0.0,0.0,0.0,0.0,0.0,0.0,0.0,0.0,0.0,0.0
1.0049,4.3214,1.2537,3.5,20.1786,4.2661,4.0875,2.1429,341.25,7.203,5.1633,1.9221,7.2605,23.0357,4.2661,1.118,104.8509,2.5472,2.4329,9.7815,2.5472,0.4,0.35,1.0,0.95,0.4,0.35,0.031,0.0403,0.0314,0.0415,0.0,0.0,0.0,0.0,0.0,0.0,0.0,0.0,0.0,0.0,0.0,0.0,0.0,0.0,0.0,0.0,0.0,0.0,0.0,0.0,0.0,0.0,0.0,0.0,0.0,0.0,0.0,0.0,0.0,0.0,0.0,0.0,0.0,0.0,0.0,0.0,0.0,0.0,0.0,0.0,0.0,0.0,0.0,0.0,0.0,0.0,0.0,0.0,0.0,0.0,0.0,0.0,0.0,0.0,0.0,0.0,0.0,0.0,0.0,0.0,0.0,0.0,0.0,0.0,0.0,0.0,0.0,0.0,0.0,0.0,0.0,0.0,0.0,0.0,0.0,0.0,0.0,0.0
1.0779,5.95,1.1732,3.6364,16.975,4.6329,4.4101,1.65,402.35,6.6326,4.9841,1.7653,7.0325,19.4,4.6329,1.0679,106.0088,2.3402,2.2342,7.3342,2.3402,0.4483,0.3051,1.0,0.9831,0.4828,0.322,0.0469,0.0526,0.039,0.0511,0.0,0.0,0.0,0.0,0.0,0.0,0.0,0.0,0.0,0.0,0.0,0.0,0.0,0.0,0.0,0.0,0.0,0.0,0.0,0.0,0.0,0.0,0.0,0.0,0.0,0.0,0.0,0.0,0.0,0.0,0.0,0.0,0.0,0.0,0.0,0.0,0.0,0.0,0.0,0.0,0.0,0.0,0.0,0.0,0.0,0.0,0.0,0.0,0.0,0.0,0.0,0.0,0.0,0.0,0.0,0.0,0.0,0.0,0.0,0.0,0.0,0.0,0.0,0.0,0.0,0.0,0.0,0.0,0.0,0.0,0.0,0.0,0.0,0.0,0.0,0.0,0.0,0.0
0.9555,3.2807,1.0324,4.0714,12.7544,4.1252,3.9666,1.2632,392.0702,8.2178,5.5655,1.7407,7.8352,14.1053,4.1252,1.1628,95.4451,2.0176,1.9173,8.4369,2.0176,0.4884,0.4124,1.0,0.8041,0.4884,0.4124,0.0603,0.06,0.0547,0.0636,0.0,0.0,0.0,0.0,0.0,0.0,0.0,0.0,0.0,0.0,0.0,0.0,0.0,0.0,0.0,0.0,0.0,0.0,0.0,0.0,0.0,0.0,0.0,0.0,0.0,0.0,0.0,0.0,0.0,0.0,0.0,0.0,0.0,0.0,0.0,0.0,0.0,0.0,0.0,0.0,0.0,0.0,0.0,0.0,0.0,0.0,0.0,0.0,0.0,0.0,0.0,0.0,0.0,0.0,0.0,0.0,0.0,0.0,0.0,0.0,0.0,0.0,0.0,0.0,0.0,0.0,0.0,0.0,0.0,0.0,0.0,0.0,0.0,0.0,0.0,0.0,0.0,0.0
0.9091,3.1515,1.0695,4.125,16.0,4.3257,4.1543,1.697,309.9697,7.0321,4.8967,1.764,7.8316,18.1212,4.3257,1.0533,90.5097,2.2234,2.1578,8.2673,2.2234,0.28,0.1786,1.0,0.9464,0.28,0.1786,0.0384,0.0423,0.027,0.0445,0.0,0.0,0.0,0.0,0.0,0.0,0.0,0.0,0.0,0.0,0.0,0.0,0.0,0.0,0.0,0.0,0.0,0.0,0.0,0.0,0.0,0.0,0.0,0.0,0.0,0.0,0.0,0.0,0.0,0.0,0.0,0.0,0.0,0.0,0.0,0.0,0.0,0.0,0.0,0.0,0.0,0.0,0.0,0.0,0.0,0.0,0.0,0.0,0.0,0.0,0.0,0.0,0.0,0.0,0.0,0.0,0.0,0.0,0.0,0.0,0.0,0.0,0.0,0.0,0.0,0.0,0.0,0.0,0.0,0.0,0.0,0.0,0.0,0.0,0.0,0.0,0.0,0.0
0.903,4.5556,1.0242,4.5,15.037,4.4275,4.2175,1.5185,219.2222,7.9333,5.0822,1.807,7.1798,17.2593,4.4275,2.3629,76.6741,2.4768,2.3802,11.332,2.4768,0.4762,0.3281,1.0,0.8906,0.4762,0.3281,0.0612,0.0541,0.0375,0.054,0.0,0.0,0.0,0.0,0.0,0.0,0.0,0.0,0.0,0.0,0.0,0.0,0.0,0.0,0.0,0.0,0.0,0.0,0.0,0.0,0.0,0.0,0.0,0.0,0.0,0.0,0.0,0.0,0.0,0.0,0.0,0.0,0.0,0.0,0.0,0.0,0.0,0.0,0.0,0.0,0.0,0.0,0.0,0.0,0.0,0.0,0.0,0.0,0.0,0.0,0.0,0.0,0.0,0.0,0.0,0.0,0.0,0.0,0.0,0.0,0.0,0.0,0.0,0.0,0.0,0.0,0.0,0.0,0.0,0.0,0.0,0.0,0.0,0.0,0.0,0.0,0.0,0.0
1.0728,4.0,1.2119,2.3636,16.1923,4.4548,4.2085,1.6154,238.7692,8.0538,5.0452,1.9375,6.8053,18.4615,4.4548,1.1499,80.9615,2.1459,2.0285,8.8545,2.1459,0.4,0.44,1.0,1.0,0.4,0.44,0.0464,0.0584,0.0488,0.0574,0.0,0.0,0.0,0.0,0.0,0.0,0.0,0.0,0.0,0.0,0.0,0.0,0.0,0.0,0.0,0.0,0.0,0.0,0.0,0.0,0.0,0.0,0.0,0.0,0.0,0.0,0.0,0.0,0.0,0.0,0.0,0.0,0.0,0.0,0.0,0.0,0.0,0.0,0.0,0.0,0.0,0.0,0.0,0.0,0.0,0.0,0.0,0.0,0.0,0.0,0.0,0.0,0.0,0.0,0.0,0.0,0.0,0.0,0.0,0.0,0.0,0.0,0.0,0.0,0.0,0.0,0.0,0.0,0.0,0.0,0.0,0.0,0.0,0.0,0.0,0.0,0.0,0.0
1.0417,3.8621,1.1607,2.0714,15.1379,4.6095,4.4357,1.5172,273.4138,6.814,5.2612,1.82,7.3095,17.3448,4.6095,0.7986,80.1024,2.3815,2.3244,7.4984,2.3815,0.4,0.3,1.0,0.85,0.4,0.3,0.0487,0.062,0.0456,0.0651,0.0,0.0,0.0,0.0,0.0,0.0,0.0,0.0,0.0,0.0,0.0,0.0,0.0,0.0,0.0,0.0,0.0,0.0,0.0,0.0,0.0,0.0,0.0,0.0,0.0,0.0,0.0,0.0,0.0,0.0,0.0,0.0,0.0,0.0,0.0,0.0,0.0,0.0,0.0,0.0,0.0,0.0,0.0,0.0,0.0,0.0,0.0,0.0,0.0,0.0,0.0,0.0,0.0,0.0,0.0,0.0,0.0,0.0,0.0,0.0,0.0,0.0,0.0,0.0,0.0,0.0,0.0,0.0,0.0,0.0,0.0,0.0,0.0,0.0,0.0,0.0,0.0,0.0
1.0206,4.2857,1.2062,2.3333,17.7143,4.3126,4.1573,1.8214,291.9643,7.4329,5.4866,1.8551,7.6102,19.75,4.3126,1.3123,92.0461,2.1399,2.0752,12.4546,2.1399,0.125,0.1034,1.0,0.6897,0.125,0.1034,0.0145,0.0295,0.012,0.0264,0.0,0.0,0.0,0.0,0.0,0.0,0.0,0.0,0.0,0.0,0.0,0.0,0.0,0.0,0.0,0.0,0.0,0.0,0.0,0.0,0.0,0.0,0.0,0.0,0.0,0.0,0.0,0.0,0.0,0.0,0.0,0.0,0.0,0.0,0.0,0.0,0.0,0.0,0.0,0.0,0.0,0.0,0.0,0.0,0.0,0.0,0.0,0.0,0.0,0.0,0.0,0.0,0.0,0.0,0.0,0.0,0.0,0.0,0.0,0.0,0.0,0.0,0.0,0.0,0.0,0.0,0.0,0.0,0.0,0.0,0.0,0.0,0.0,0.0,0.0,0.0,0.0,0.0
0.8449,2.9429,0.9251,2.5,13.8857,4.2336,4.0553,1.5714,281.5714,6.7991,4.9595,1.8052,7.4896,15.8571,4.2336,1.118,80.9669,2.1829,2.0978,9.2339,2.1829,0.0476,0.1429,1.0,0.5429,0.0476,0.1429,0.0062,0.0194,0.0147,0.0312,0.0,0.0,0.0,0.0,0.0,0.0,0.0,0.0,0.0,0.0,0.0,0.0,0.0,0.0,0.0,0.0,0.0,0.0,0.0,0.0,0.0,0.0,0.0,0.0,0.0,0.0,0.0,0.0,0.0,0.0,0.0,0.0,0.0,0.0,0.0,0.0,0.0,0.0,0.0,0.0,0.0,0.0,0.0,0.0,0.0,0.0,0.0,0.0,0.0,0.0,0.0,0.0,0.0,0.0,0.0,0.0,0.0,0.0,0.0,0.0,0.0,0.0,0.0,0.0,0.0,0.0,0.0,0.0,0.0,0.0,0.0,0.0,0.0,0.0,0.0,0.0,0.0,0.0
1.0094,3.875,1.1878,3.0769,15.875,4.3525,4.185,1.85,350.8,7.4831,4.9034,1.6538,7.4254,18.05,4.3525,1.0714,99.1393,2.1249,2.0066,6.6217,2.1249,0.2593,0.2653,1.0,1.0,0.2593,0.2857,0.0456,0.0523,0.0447,0.0522,0.0,0.0,0.0,0.0,0.0,0.0,0.0,0.0,0.0,0.0,0.0,0.0,0.0,0.0,0.0,0.0,0.0,0.0,0.0,0.0,0.0,0.0,0.0,0.0,0.0,0.0,0.0,0.0,0.0,0.0,0.0,0.0,0.0,0.0,0.0,0.0,0.0,0.0,0.0,0.0,0.0,0.0,0.0,0.0,0.0,0.0,0.0,0.0,0.0,0.0,0.0,0.0,0.0,0.0,0.0,0.0,0.0,0.0,0.0,0.0,0.0,0.0,0.0,0.0,0.0,0.0,0.0,0.0,0.0,0.0,0.0,0.0,0.0,0.0,0.0,0.0,0.0,0.0
1.0899,2.8667,1.2584,1.875,17.4,4.3927,4.1781,1.9333,166.7333,6.8707,4.9059,1.9189,7.2083,19.5333,4.3927,0.7806,65.1048,2.1073,1.9551,9.1423,2.1073,0.4286,0.3333,1.0,1.0,0.4286,0.3333,0.0478,0.0474,0.0371,0.0463,0.0,0.0,0.0,0.0,0.0,0.0,0.0,0.0,0.0,0.0,0.0,0.0,0.0,0.0,0.0,0.0,0.0,0.0,0.0,0.0,0.0,0.0,0.0,0.0,0.0,0.0,0.0,0.0,0.0,0.0,0.0,0.0,0.0,0.0,0.0,0.0,0.0,0.0,0.0,0.0,0.0,0.0,0.0,0.0,0.0,0.0,0.0,0.0,0.0,0.0,0.0,0.0,0.0,0.0,0.0,0.0,0.0,0.0,0.0,0.0,0.0,0.0,0.0,0.0,0.0,0.0,0.0,0.0,0.0,0.0,0.0,0.0,0.0,0.0,0.0,0.0,0.0,0.0
0.9586,5.8846,1.0651,3.25,19.6538,4.6726,4.4901,2.6154,286.5385,7.4545,4.7282,1.9765,6.8545,21.8846,4.6726,1.0897,98.2692,2.4255,2.3704,8.1398,2.4255,0.3333,0.4118,1.0,1.0,0.3333,0.4118,0.0422,0.0481,0.0416,0.0423,0.0,0.0,0.0,0.0,0.0,0.0,0.0,0.0,0.0,0.0,0.0,0.0,0.0,0.0,0.0,0.0,0.0,0.0,0.0,0.0,0.0,0.0,0.0,0.0,0.0,0.0,0.0,0.0,0.0,0.0,0.0,0.0,0.0,0.0,0.0,0.0,0.0,0.0,0.0,0.0,0.0,0.0,0.0,0.0,0.0,0.0,0.0,0.0,0.0,0.0,0.0,0.0,0.0,0.0,0.0,0.0,0.0,0.0,0.0,0.0,0.0,0.0,0.0,0.0,0.0,0.0,0.0,0.0,0.0,0.0,0.0,0.0,0.0,0.0,0.0,0.0,0.0,0.0
0.8703,4.0286,0.9514,3.5,15.1714,4.8517,4.6217,1.9143,320.7143,6.6358,4.9776,1.6947,7.4141,16.8286,4.8517,1.4318,88.4639,2.5079,2.3881,8.9106,2.5079,0.32,0.3519,1.0,0.9074,0.32,0.3519,0.04,0.0496,0.0466,0.0544,0.0,0.0,0.0,0.0,0.0,0.0,0.0,0.0,0.0,0.0,0.0,0.0,0.0,0.0,0.0,0.0,0.0,0.0,0.0,0.0,0.0,0.0,0.0,0.0,0.0,0.0,0.0,0.0,0.0,0.0,0.0,0.0,0.0,0.0,0.0,0.0,0.0,0.0,0.0,0.0,0.0,0.0,0.0,0.0,0.0,0.0,0.0,0.0,0.0,0.0,0.0,0.0,0.0,0.0,0.0,0.0,0.0,0.0,0.0,0.0,0.0,0.0,0.0,0.0,0.0,0.0,0.0,0.0,0.0,0.0,0.0,0.0,0.0,0.0,0.0,0.0,0.0,0.0
0.9948,3.475,1.2539,4.4444,14.525,4.4815,4.2892,1.425,317.4,7.8629,5.0053,1.7284,7.4404,16.675,4.4815,1.8922,90.7086,2.0391,2.0029,9.272,2.0391,0.3548,0.2941,1.0,0.9176,0.3548,0.2941,0.0332,0.0481,0.034,0.053,0.0,0.0,0.0,0.0,0.0,0.0,0.0,0.0,0.0,0.0,0.0,0.0,0.0,0.0,0.0,0.0,0.0,0.0,0.0,0.0,0.0,0.0,0.0,0.0,0.0,0.0,0.0,0.0,0.0,0.0,0.0,0.0,0.0,0.0,0.0,0.0,0.0,0.0,0.0,0.0,0.0,0.0,0.0,0.0,0.0,0.0,0.0,0.0,0.0,0.0,0.0,0.0,0.0,0.0,0.0,0.0,0.0,0.0,0.0,0.0,0.0,0.0,0.0,0.0,0.0,0.0,0.0,0.0,0.0,0.0,0.0,0.0,0.0,0.0,0.0,0.0,0.0,0.0
0.9155,4.0,1.0516,1.7778,18.8125,4.4119,4.1983,2.8125,397.125,8.6082,5.0,1.6535,8.1009,22.5,4.4119,0.8535,104.7436,2.3617,2.3113,11.017,2.3617,0.1429,0.1053,1.0,0.8421,0.1429,0.1053,0.036,0.0664,0.0313,0.0587,0.0,0.0,0.0,0.0,0.0,0.0,0.0,0.0,0.0,0.0,0.0,0.0,0.0,0.0,0.0,0.0,0.0,0.0,0.0,0.0,0.0,0.0,0.0,0.0,0.0,0.0,0.0,0.0,0.0,0.0,0.0,0.0,0.0,0.0,0.0,0.0,0.0,0.0,0.0,0.0,0.0,0.0,0.0,0.0,0.0,0.0,0.0,0.0,0.0,0.0,0.0,0.0,0.0,0.0,0.0,0.0,0.0,0.0,0.0,0.0,0.0,0.0,0.0,0.0,0.0,0.0,0.0,0.0,0.0,0.0,0.0,0.0,0.0,0.0,0.0,0.0,0.0,0.0
0.8872,2.4,1.0602,3.0,13.3333,4.4127,4.2328,1.4333,213.5667,6.9826,4.1818,1.7971,6.7937,14.9,4.4127,1.2649,71.8022,2.368,2.3387,6.1609,2.368,0.0,0.0789,1.0,0.8684,0.0,0.0789,0.0366,0.059,0.0428,0.072,0.0,0.0,0.0,0.0,0.0,0.0,0.0,0.0,0.0,0.0,0.0,0.0,0.0,0.0,0.0,0.0,0.0,0.0,0.0,0.0,0.0,0.0,0.0,0.0,0.0,0.0,0.0,0.0,0.0,0.0,0.0,0.0,0.0,0.0,0.0,0.0,0.0,0.0,0.0,0.0,0.0,0.0,0.0,0.0,0.0,0.0,0.0,0.0,0.0,0.0,0.0,0.0,0.0,0.0,0.0,0.0,0.0,0.0,0.0,0.0,0.0,0.0,0.0,0.0,0.0,0.0,0.0,0.0,0.0,0.0,0.0,0.0,0.0,0.0,0.0,0.0,0.0,0.0
0.9083,3.825,0.9913,4.0,15.725,4.3802,4.2157,1.975,361.425,8.2707,4.7692,1.9333,7.0775,17.85,4.3802,1.7889,98.2026,2.3069,2.2339,8.3143,2.3069,0.2333,0.1842,1.0,0.8684,0.2333,0.1842,0.0225,0.0397,0.0213,0.0366,0.0,0.0,0.0,0.0,0.0,0.0,0.0,0.0,0.0,0.0,0.0,0.0,0.0,0.0,0.0,0.0,0.0,0.0,0.0,0.0,0.0,0.0,0.0,0.0,0.0,0.0,0.0,0.0,0.0,0.0,0.0,0.0,0.0,0.0,0.0,0.0,0.0,0.0,0.0,0.0,0.0,0.0,0.0,0.0,0.0,0.0,0.0,0.0,0.0,0.0,0.0,0.0,0.0,0.0,0.0,0.0,0.0,0.0,0.0,0.0,0.0,0.0,0.0,0.0,0.0,0.0,0.0,0.0,0.0,0.0,0.0,0.0,0.0,0.0,0.0,0.0,0.0,0.0
0.9557,4.2143,1.0823,2.3333,14.2857,4.5653,4.4171,1.1786,242.1071,7.0192,5.564,1.6552,7.5526,16.3571,4.5653,0.8498,74.2307,3.1134,3.0386,7.1774,3.1134,0.5625,0.5652,1.0,1.0,0.5625,0.5652,0.0835,0.0763,0.0851,0.0734,0.0,0.0,0.0,0.0,0.0,0.0,0.0,0.0,0.0,0.0,0.0,0.0,0.0,0.0,0.0,0.0,0.0,0.0,0.0,0.0,0.0,0.0,0.0,0.0,0.0,0.0,0.0,0.0,0.0,0.0,0.0,0.0,0.0,0.0,0.0,0.0,0.0,0.0,0.0,0.0,0.0,0.0,0.0,0.0,0.0,0.0,0.0,0.0,0.0,0.0,0.0,0.0,0.0,0.0,0.0,0.0,0.0,0.0,0.0,0.0,0.0,0.0,0.0,0.0,0.0,0.0,0.0,0.0,0.0,0.0,0.0,0.0,0.0,0.0,0.0,0.0,0.0,0.0
1.1392,4.0,1.3608,2.25,17.5556,4.4413,4.3043,1.6296,279.1852,7.4913,5.0479,2.0,7.2474,20.1111,4.4413,0.8292,89.5161,2.2074,2.1414,8.4474,2.2074,0.4667,0.4286,1.0,1.0,0.4667,0.4286,0.0646,0.0434,0.0683,0.0503,0.0,0.0,0.0,0.0,0.0,0.0,0.0,0.0,0.0,0.0,0.0,0.0,0.0,0.0,0.0,0.0,0.0,0.0,0.0,0.0,0.0,0.0,0.0,0.0,0.0,0.0,0.0,0.0,0.0,0.0,0.0,0.0,0.0,0.0,0.0,0.0,0.0,0.0,0.0,0.0,0.0,0.0,0.0,0.0,0.0,0.0,0.0,0.0,0.0,0.0,0.0,0.0,0.0,0.0,0.0,0.0,0.0,0.0,0.0,0.0,0.0,0.0,0.0,0.0,0.0,0.0,0.0,0.0,0.0,0.0,0.0,0.0,0.0,0.0,0.0,0.0,0.0,0.0
1.0909,6.5882,1.303,1.8889,18.1765,4.7394,4.5246,1.6471,206.1765,7.0738,5.2385,1.9706,6.72,21.2353,4.7394,0.3143,72.7059,2.5761,2.4371,6.5217,2.5761,0.75,0.75,1.0,1.0,0.875,0.875,0.0644,0.0441,0.0644,0.0441,0.0,0.0,0.0,0.0,0.0,0.0,0.0,0.0,0.0,0.0,0.0,0.0,0.0,0.0,0.0,0.0,0.0,0.0,0.0,0.0,0.0,0.0,0.0,0.0,0.0,0.0,0.0,0.0,0.0,0.0,0.0,0.0,0.0,0.0,0.0,0.0,0.0,0.0,0.0,0.0,0.0,0.0,0.0,0.0,0.0,0.0,0.0,0.0,0.0,0.0,0.0,0.0,0.0,0.0,0.0,0.0,0.0,0.0,0.0,0.0,0.0,0.0,0.0,0.0,0.0,0.0,0.0,0.0,0.0,0.0,0.0,0.0,0.0,0.0,0.0,0.0,0.0,0.0
0.8099,4.4722,0.9421,4.0,18.5556,4.4058,4.2251,2.2222,404.3333,6.9396,5.4848,1.8544,7.8075,20.8889,4.4058,1.3333,109.7761,2.3478,2.2012,8.5172,2.3478,0.2963,0.3065,1.0,0.9839,0.2963,0.3226,0.031,0.0531,0.0323,0.0538,0.0,0.0,0.0,0.0,0.0,0.0,0.0,0.0,0.0,0.0,0.0,0.0,0.0,0.0,0.0,0.0,0.0,0.0,0.0,0.0,0.0,0.0,0.0,0.0,0.0,0.0,0.0,0.0,0.0,0.0,0.0,0.0,0.0,0.0,0.0,0.0,0.0,0.0,0.0,0.0,0.0,0.0,0.0,0.0,0.0,0.0,0.0,0.0,0.0,0.0,0.0,0.0,0.0,0.0,0.0,0.0,0.0,0.0,0.0,0.0,0.0,0.0,0.0,0.0,0.0,0.0,0.0,0.0,0.0,0.0,0.0,0.0,0.0,0.0,0.0,0.0,0.0,0.0
0.9955,3.65,1.1562,4.0,15.7,4.3003,4.139,2.1,372.025,7.4953,4.5111,1.9167,6.906,18.2,4.3003,1.0,98.0465,2.2636,2.2163,8.3042,2.2636,0.1667,0.1385,1.0,0.9846,0.1667,0.1385,0.0344,0.0455,0.0323,0.0452,0.0,0.0,0.0,0.0,0.0,0.0,0.0,0.0,0.0,0.0,0.0,0.0,0.0,0.0,0.0,0.0,0.0,0.0,0.0,0.0,0.0,0.0,0.0,0.0,0.0,0.0,0.0,0.0,0.0,0.0,0.0,0.0,0.0,0.0,0.0,0.0,0.0,0.0,0.0,0.0,0.0,0.0,0.0,0.0,0.0,0.0,0.0,0.0,0.0,0.0,0.0,0.0,0.0,0.0,0.0,0.0,0.0,0.0,0.0,0.0,0.0,0.0,0.0,0.0,0.0,0.0,0.0,0.0,0.0,0.0,0.0,0.0,0.0,0.0,0.0,0.0,0.0,0.0
1.1429,3.7778,1.2808,3.2727,16.0,4.6572,4.4085,1.7222,341.6389,7.3082,5.1852,1.8481,6.7927,18.0833,4.6572,1.2856,94.6573,2.3694,2.2109,8.8235,2.3694,0.52,0.46,1.0,0.94,0.56,0.48,0.0686,0.075,0.0587,0.0712,0.0,0.0,0.0,0.0,0.0,0.0,0.0,0.0,0.0,0.0,0.0,0.0,0.0,0.0,0.0,0.0,0.0,0.0,0.0,0.0,0.0,0.0,0.0,0.0,0.0,0.0,0.0,0.0,0.0,0.0,0.0,0.0,0.0,0.0,0.0,0.0,0.0,0.0,0.0,0.0,0.0,0.0,0.0,0.0,0.0,0.0,0.0,0.0,0.0,0.0,0.0,0.0,0.0,0.0,0.0,0.0,0.0,0.0,0.0,0.0,0.0,0.0,0.0,0.0,0.0,0.0,0.0,0.0,0.0,0.0,0.0,0.0,0.0,0.0,0.0,0.0,0.0,0.0
0.7409,4.0,0.8773,4.2,14.1429,4.3545,4.1773,1.7381,352.0714,8.2748,5.0316,1.8261,7.7029,16.3095,4.3545,0.9798,90.5585,2.2983,2.1843,7.6142,2.2983,0.3125,0.2778,1.0,0.9167,0.3438,0.2917,0.0549,0.0733,0.0419,0.0652,0.0,0.0,0.0,0.0,0.0,0.0,0.0,0.0,0.0,0.0,0.0,0.0,0.0,0.0,0.0,0.0,0.0,0.0,0.0,0.0,0.0,0.0,0.0,0.0,0.0,0.0,0.0,0.0,0.0,0.0,0.0,0.0,0.0,0.0,0.0,0.0,0.0,0.0,0.0,0.0,0.0,0.0,0.0,0.0,0.0,0.0,0.0,0.0,0.0,0.0,0.0,0.0,0.0,0.0,0.0,0.0,0.0,0.0,0.0,0.0,0.0,0.0,0.0,0.0,0.0,0.0,0.0,0.0,0.0,0.0,0.0,0.0,0.0,0.0,0.0,0.0,0.0,0.0
0.8069,3.4333,0.9241,3.3333,12.3,4.9945,4.7438,1.5333,215.8667,8.1658,5.0962,1.8793,7.0,14.0667,4.9945,0.9428,66.2375,2.553,2.3875,6.1206,2.553,0.4286,0.3077,1.0,0.9744,0.4286,0.3077,0.0584,0.0548,0.0425,0.0573,0.0,0.0,0.0,0.0,0.0,0.0,0.0,0.0,0.0,0.0,0.0,0.0,0.0,0.0,0.0,0.0,0.0,0.0,0.0,0.0,0.0,0.0,0.0,0.0,0.0,0.0,0.0,0.0,0.0,0.0,0.0,0.0,0.0,0.0,0.0,0.0,0.0,0.0,0.0,0.0,0.0,0.0,0.0,0.0,0.0,0.0,0.0,0.0,0.0,0.0,0.0,0.0,0.0,0.0,0.0,0.0,0.0,0.0,0.0,0.0,0.0,0.0,0.0,0.0,0.0,0.0,0.0,0.0,0.0,0.0,0.0,0.0,0.0,0.0,0.0,0.0,0.0,0.0
0.8722,7.96,0.9556,2.0833,18.28,4.6776,4.3947,2.6,280.0,6.2328,5.0055,2.0811,6.9908,20.6,4.6776,1.0375,89.5533,2.3637,2.2079,7.6368,2.3637,0.3077,0.35,1.0,1.0,0.3077,0.35,0.0311,0.042,0.039,0.0468,0.0,0.0,0.0,0.0,0.0,0.0,0.0,0.0,0.0,0.0,0.0,0.0,0.0,0.0,0.0,0.0,0.0,0.0,0.0,0.0,0.0,0.0,0.0,0.0,0.0,0.0,0.0,0.0,0.0,0.0,0.0,0.0,0.0,0.0,0.0,0.0,0.0,0.0,0.0,0.0,0.0,0.0,0.0,0.0,0.0,0.0,0.0,0.0,0.0,0.0,0.0,0.0,0.0,0.0,0.0,0.0,0.0,0.0,0.0,0.0,0.0,0.0,0.0,0.0,0.0,0.0,0.0,0.0,0.0,0.0,0.0,0.0,0.0,0.0,0.0,0.0,0.0,0.0
0.9748,4.4,1.0314,3.5,14.0571,4.2789,4.124,1.5143,321.8,7.8874,4.1905,1.7209,6.7805,16.1143,4.2789,1.5,81.9665,2.313,2.2326,7.2221,2.313,0.32,0.1818,1.0,0.9091,0.36,0.2182,0.0557,0.0883,0.0364,0.0771,0.0,0.0,0.0,0.0,0.0,0.0,0.0,0.0,0.0,0.0,0.0,0.0,0.0,0.0,0.0,0.0,0.0,0.0,0.0,0.0,0.0,0.0,0.0,0.0,0.0,0.0,0.0,0.0,0.0,0.0,0.0,0.0,0.0,0.0,0.0,0.0,0.0,0.0,0.0,0.0,0.0,0.0,0.0,0.0,0.0,0.0,0.0,0.0,0.0,0.0,0.0,0.0,0.0,0.0,0.0,0.0,0.0,0.0,0.0,0.0,0.0,0.0,0.0,0.0,0.0,0.0,0.0,0.0,0.0,0.0,0.0,0.0,0.0,0.0,0.0,0.0,0.0,0.0
0.8669,3.5294,0.9637,3.1875,12.7451,4.3726,4.0975,1.3333,370.0,6.9388,5.9195,1.66,8.5652,14.4902,4.3726,1.1302,90.1215,2.2172,2.0242,7.2311,2.2172,0.1143,0.1515,1.0,0.9091,0.1143,0.1515,0.011,0.025,0.0167,0.032,0.0,0.0,0.0,0.0,0.0,0.0,0.0,0.0,0.0,0.0,0.0,0.0,0.0,0.0,0.0,0.0,0.0,0.0,0.0,0.0,0.0,0.0,0.0,0.0,0.0,0.0,0.0,0.0,0.0,0.0,0.0,0.0,0.0,0.0,0.0,0.0,0.0,0.0,0.0,0.0,0.0,0.0,0.0,0.0,0.0,0.0,0.0,0.0,0.0,0.0,0.0,0.0,0.0,0.0,0.0,0.0,0.0,0.0,0.0,0.0,0.0,0.0,0.0,0.0,0.0,0.0,0.0,0.0,0.0,0.0,0.0,0.0,0.0,0.0,0.0,0.0,0.0,0.0
1.1571,3.8235,1.2356,3.4,16.7647,4.8551,4.6047,2.0,334.6176,6.5076,5.1565,1.809,7.2695,18.7941,4.8551,0.9165,96.3059,2.4426,2.2419,8.076,2.4426,0.4583,0.4222,1.0,0.9556,0.4583,0.4222,0.067,0.053,0.0637,0.062,0.0,0.0,0.0,0.0,0.0,0.0,0.0,0.0,0.0,0.0,0.0,0.0,0.0,0.0,0.0,0.0,0.0,0.0,0.0,0.0,0.0,0.0,0.0,0.0,0.0,0.0,0.0,0.0,0.0,0.0,0.0,0.0,0.0,0.0,0.0,0.0,0.0,0.0,0.0,0.0,0.0,0.0,0.0,0.0,0.0,0.0,0.0,0.0,0.0,0.0,0.0,0.0,0.0,0.0,0.0,0.0,0.0,0.0,0.0,0.0,0.0,0.0,0.0,0.0,0.0,0.0,0.0,0.0,0.0,0.0,0.0,0.0,0.0,0.0,0.0,0.0,0.0,0.0
1.0456,3.3125,1.2116,4.8,13.7917,4.3785,4.1862,1.2708,391.3542,8.0328,4.8584,1.4639,7.4109,15.5625,4.3785,0.9798,94.5509,2.3563,2.2622,7.8286,2.3563,0.1579,0.1458,1.0,0.8333,0.1579,0.1458,0.0245,0.0432,0.0216,0.0416,0.0,0.0,0.0,0.0,0.0,0.0,0.0,0.0,0.0,0.0,0.0,0.0,0.0,0.0,0.0,0.0,0.0,0.0,0.0,0.0,0.0,0.0,0.0,0.0,0.0,0.0,0.0,0.0,0.0,0.0,0.0,0.0,0.0,0.0,0.0,0.0,0.0,0.0,0.0,0.0,0.0,0.0,0.0,0.0,0.0,0.0,0.0,0.0,0.0,0.0,0.0,0.0,0.0,0.0,0.0,0.0,0.0,0.0,0.0,0.0,0.0,0.0,0.0,0.0,0.0,0.0,0.0,0.0,0.0,0.0,0.0,0.0,0.0,0.0,0.0,0.0,0.0,0.0
0.8142,3.7692,0.9823,3.9,14.7179,4.385,4.1693,1.641,363.8718,7.8635,4.9776,2.101,7.2742,16.6923,4.385,1.5133,90.7275,2.3639,2.302,6.509,2.3639,0.3448,0.2206,1.0,0.9118,0.3448,0.2206,0.0529,0.0738,0.031,0.0582,0.0,0.0,0.0,0.0,0.0,0.0,0.0,0.0,0.0,0.0,0.0,0.0,0.0,0.0,0.0,0.0,0.0,0.0,0.0,0.0,0.0,0.0,0.0,0.0,0.0,0.0,0.0,0.0,0.0,0.0,0.0,0.0,0.0,0.0,0.0,0.0,0.0,0.0,0.0,0.0,0.0,0.0,0.0,0.0,0.0,0.0,0.0,0.0,0.0,0.0,0.0,0.0,0.0,0.0,0.0,0.0,0.0,0.0,0.0,0.0,0.0,0.0,0.0,0.0,0.0,0.0,0.0,0.0,0.0,0.0,0.0,0.0,0.0,0.0,0.0,0.0,0.0,0.0
1.0541,4.4483,1.2297,2.9,22.7241,4.704,4.4939,2.6207,355.6207,6.8926,5.1866,2.3431,6.9337,25.3448,4.704,0.5385,120.2448,2.3873,2.2772,9.8235,2.3873,0.3684,0.3448,1.0,1.0,0.3684,0.3448,0.0256,0.0298,0.0277,0.0438,0.0,0.0,0.0,0.0,0.0,0.0,0.0,0.0,0.0,0.0,0.0,0.0,0.0,0.0,0.0,0.0,0.0,0.0,0.0,0.0,0.0,0.0,0.0,0.0,0.0,0.0,0.0,0.0,0.0,0.0,0.0,0.0,0.0,0.0,0.0,0.0,0.0,0.0,0.0,0.0,0.0,0.0,0.0,0.0,0.0,0.0,0.0,0.0,0.0,0.0,0.0,0.0,0.0,0.0,0.0,0.0,0.0,0.0,0.0,0.0,0.0,0.0,0.0,0.0,0.0,0.0,0.0,0.0,0.0,0.0,0.0,0.0,0.0,0.0,0.0,0.0,0.0,0.0
1.0529,2.75,1.2019,3.2,20.25,4.5502,4.3796,2.625,377.2188,7.4035,5.0688,1.9899,7.1284,22.5,4.5502,1.077,112.7472,2.2673,2.1498,9.2568,2.2673,0.5,0.4146,1.0,1.0,0.5,0.4146,0.0486,0.049,0.0433,0.0607,0.0,0.0,0.0,0.0,0.0,0.0,0.0,0.0,0.0,0.0,0.0,0.0,0.0,0.0,0.0,0.0,0.0,0.0,0.0,0.0,0.0,0.0,0.0,0.0,0.0,0.0,0.0,0.0,0.0,0.0,0.0,0.0,0.0,0.0,0.0,0.0,0.0,0.0,0.0,0.0,0.0,0.0,0.0,0.0,0.0,0.0,0.0,0.0,0.0,0.0,0.0,0.0,0.0,0.0,0.0,0.0,0.0,0.0,0.0,0.0,0.0,0.0,0.0,0.0,0.0,0.0,0.0,0.0,0.0,0.0,0.0,0.0,0.0,0.0,0.0,0.0,0.0,0.0
0.686,3.0789,0.8198,3.1667,10.9737,4.2571,4.0976,1.2895,257.4474,6.8366,4.6168,1.7848,7.1591,12.7105,4.2571,1.1426,66.7503,2.4815,2.4128,6.8284,2.4815,0.3846,0.2653,1.0,0.7959,0.3846,0.2653,0.0499,0.0577,0.0386,0.0541,0.0,0.0,0.0,0.0,0.0,0.0,0.0,0.0,0.0,0.0,0.0,0.0,0.0,0.0,0.0,0.0,0.0,0.0,0.0,0.0,0.0,0.0,0.0,0.0,0.0,0.0,0.0,0.0,0.0,0.0,0.0,0.0,0.0,0.0,0.0,0.0,0.0,0.0,0.0,0.0,0.0,0.0,0.0,0.0,0.0,0.0,0.0,0.0,0.0,0.0,0.0,0.0,0.0,0.0,0.0,0.0,0.0,0.0,0.0,0.0,0.0,0.0,0.0,0.0,0.0,0.0,0.0,0.0,0.0,0.0,0.0,0.0,0.0,0.0,0.0,0.0,0.0,0.0
0.8133,5.4167,0.9422,2.4,14.9444,4.4041,4.2237,1.7222,340.6667,7.5019,5.2899,1.4521,7.3806,17.6667,4.4041,0.7118,88.4125,2.1487,2.031,7.7172,2.1487,0.2381,0.1724,1.0,1.0,0.2381,0.1724,0.0527,0.0687,0.0434,0.0635,0.0,0.0,0.0,0.0,0.0,0.0,0.0,0.0,0.0,0.0,0.0,0.0,0.0,0.0,0.0,0.0,0.0,0.0,0.0,0.0,0.0,0.0,0.0,0.0,0.0,0.0,0.0,0.0,0.0,0.0,0.0,0.0,0.0,0.0,0.0,0.0,0.0,0.0,0.0,0.0,0.0,0.0,0.0,0.0,0.0,0.0,0.0,0.0,0.0,0.0,0.0,0.0,0.0,0.0,0.0,0.0,0.0,0.0,0.0,0.0,0.0,0.0,0.0,0.0,0.0,0.0,0.0,0.0,0.0,0.0,0.0,0.0,0.0,0.0,0.0,0.0,0.0,0.0
0.7471,5.5714,0.8471,3.5,15.9643,4.6869,4.4324,2.0714,257.7857,7.0261,4.8242,1.8736,7.5263,18.1429,4.6869,0.866,82.9529,2.6701,2.5393,7.2934,2.6701,0.35,0.2368,1.0,1.0,0.4,0.2632,0.0712,0.1216,0.0461,0.0944,0.0,0.0,0.0,0.0,0.0,0.0,0.0,0.0,0.0,0.0,0.0,0.0,0.0,0.0,0.0,0.0,0.0,0.0,0.0,0.0,0.0,0.0,0.0,0.0,0.0,0.0,0.0,0.0,0.0,0.0,0.0,0.0,0.0,0.0,0.0,0.0,0.0,0.0,0.0,0.0,0.0,0.0,0.0,0.0,0.0,0.0,0.0,0.0,0.0,0.0,0.0,0.0,0.0,0.0,0.0,0.0,0.0,0.0,0.0,0.0,0.0,0.0,0.0,0.0,0.0,0.0,0.0,0.0,0.0,0.0,0.0,0.0,0.0,0.0,0.0,0.0,0.0,0.0
0.8129,3.037,0.9484,2.25,15.2593,4.2913,4.1311,1.7037,235.2593,8.0565,4.6324,2.3143,7.0909,17.2222,4.2913,1.0897,77.8073,2.3447,2.3259,7.9318,2.3447,0.0,0.0,1.0,0.875,0.0,0.0,0.0133,0.034,0.0135,0.0361,0.0,0.0,0.0,0.0,0.0,0.0,0.0,0.0,0.0,0.0,0.0,0.0,0.0,0.0,0.0,0.0,0.0,0.0,0.0,0.0,0.0,0.0,0.0,0.0,0.0,0.0,0.0,0.0,0.0,0.0,0.0,0.0,0.0,0.0,0.0,0.0,0.0,0.0,0.0,0.0,0.0,0.0,0.0,0.0,0.0,0.0,0.0,0.0,0.0,0.0,0.0,0.0,0.0,0.0,0.0,0.0,0.0,0.0,0.0,0.0,0.0,0.0,0.0,0.0,0.0,0.0,0.0,0.0,0.0,0.0,0.0,0.0,0.0,0.0,0.0,0.0,0.0,0.0
1.0357,4.7368,1.1339,4.2222,16.8421,4.4301,4.1224,2.2368,392.7368,8.3651,4.7848,1.7143,7.2273,19.0789,4.4301,1.5476,102.4465,2.281,2.087,7.0202,2.281,0.2759,0.2361,1.0,0.9722,0.2759,0.2361,0.0243,0.0338,0.0228,0.0393,0.0,0.0,0.0,0.0,0.0,0.0,0.0,0.0,0.0,0.0,0.0,0.0,0.0,0.0,0.0,0.0,0.0,0.0,0.0,0.0,0.0,0.0,0.0,0.0,0.0,0.0,0.0,0.0,0.0,0.0,0.0,0.0,0.0,0.0,0.0,0.0,0.0,0.0,0.0,0.0,0.0,0.0,0.0,0.0,0.0,0.0,0.0,0.0,0.0,0.0,0.0,0.0,0.0,0.0,0.0,0.0,0.0,0.0,0.0,0.0,0.0,0.0,0.0,0.0,0.0,0.0,0.0,0.0,0.0,0.0,0.0,0.0,0.0,0.0,0.0,0.0,0.0,0.0
1.1667,4.84,1.2917,3.125,23.12,4.6649,4.4521,3.48,321.8,8.0651,4.5877,1.7931,6.5484,25.56,4.6649,0.7806,113.2644,2.4544,2.3489,11.0962,2.4544,0.4118,0.3448,1.0,0.7931,0.4118,0.3448,0.0568,0.063,0.046,0.0557,0.0,0.0,0.0,0.0,0.0,0.0,0.0,0.0,0.0,0.0,0.0,0.0,0.0,0.0,0.0,0.0,0.0,0.0,0.0,0.0,0.0,0.0,0.0,0.0,0.0,0.0,0.0,0.0,0.0,0.0,0.0,0.0,0.0,0.0,0.0,0.0,0.0,0.0,0.0,0.0,0.0,0.0,0.0,0.0,0.0,0.0,0.0,0.0,0.0,0.0,0.0,0.0,0.0,0.0,0.0,0.0,0.0,0.0,0.0,0.0,0.0,0.0,0.0,0.0,0.0,0.0,0.0,0.0,0.0,0.0,0.0,0.0,0.0,0.0,0.0,0.0,0.0,0.0
0.8173,4.3462,0.9519,2.0,19.1538,4.6235,4.4332,2.6923,298.2692,6.4435,6.0311,1.7391,8.4194,21.6154,4.6235,0.6794,95.7692,2.1727,2.1061,7.9182,2.1727,0.6154,0.5625,1.0,1.0,0.6154,0.5625,0.0733,0.056,0.071,0.0553,0.0,0.0,0.0,0.0,0.0,0.0,0.0,0.0,0.0,0.0,0.0,0.0,0.0,0.0,0.0,0.0,0.0,0.0,0.0,0.0,0.0,0.0,0.0,0.0,0.0,0.0,0.0,0.0,0.0,0.0,0.0,0.0,0.0,0.0,0.0,0.0,0.0,0.0,0.0,0.0,0.0,0.0,0.0,0.0,0.0,0.0,0.0,0.0,0.0,0.0,0.0,0.0,0.0,0.0,0.0,0.0,0.0,0.0,0.0,0.0,0.0,0.0,0.0,0.0,0.0,0.0,0.0,0.0,0.0,0.0,0.0,0.0,0.0,0.0,0.0,0.0,0.0,0.0
1.0878,4.4286,1.2439,3.8889,16.2571,4.5307,4.3827,1.6286,358.9429,8.3305,4.3068,1.7857,6.6087,18.8571,4.5307,0.9938,94.7946,2.3958,2.3559,8.6393,2.3958,0.2692,0.2545,1.0,0.8909,0.2692,0.2545,0.0517,0.0649,0.05,0.0617,0.0,0.0,0.0,0.0,0.0,0.0,0.0,0.0,0.0,0.0,0.0,0.0,0.0,0.0,0.0,0.0,0.0,0.0,0.0,0.0,0.0,0.0,0.0,0.0,0.0,0.0,0.0,0.0,0.0,0.0,0.0,0.0,0.0,0.0,0.0,0.0,0.0,0.0,0.0,0.0,0.0,0.0,0.0,0.0,0.0,0.0,0.0,0.0,0.0,0.0,0.0,0.0,0.0,0.0,0.0,0.0,0.0,0.0,0.0,0.0,0.0,0.0,0.0,0.0,0.0,0.0,0.0,0.0,0.0,0.0,0.0,0.0,0.0,0.0,0.0,0.0,0.0,0.0
0.875,3.875,1.0139,2.0,16.4167,4.484,4.2287,2.0,219.0,7.7831,5.3642,1.8676,7.8936,18.3333,4.484,0.9129,78.7316,2.3028,2.2027,6.9322,2.3028,0.25,0.2353,1.0,0.9412,0.25,0.2353,0.0229,0.0333,0.0237,0.0328,0.0,0.0,0.0,0.0,0.0,0.0,0.0,0.0,0.0,0.0,0.0,0.0,0.0,0.0,0.0,0.0,0.0,0.0,0.0,0.0,0.0,0.0,0.0,0.0,0.0,0.0,0.0,0.0,0.0,0.0,0.0,0.0,0.0,0.0,0.0,0.0,0.0,0.0,0.0,0.0,0.0,0.0,0.0,0.0,0.0,0.0,0.0,0.0,0.0,0.0,0.0,0.0,0.0,0.0,0.0,0.0,0.0,0.0,0.0,0.0,0.0,0.0,0.0,0.0,0.0,0.0,0.0,0.0,0.0,0.0,0.0,0.0,0.0,0.0,0.0,0.0,0.0,0.0
0.9633,5.3529,1.1184,2.8333,19.0882,4.856,4.6275,2.1176,392.0588,7.4242,5.1152,2.0989,7.2937,21.4412,4.856,1.0672,109.6536,2.6774,2.6155,9.7775,2.6774,0.2273,0.1842,1.0,1.0,0.2273,0.1842,0.0272,0.0383,0.0194,0.0341,0.0,0.0,0.0,0.0,0.0,0.0,0.0,0.0,0.0,0.0,0.0,0.0,0.0,0.0,0.0,0.0,0.0,0.0,0.0,0.0,0.0,0.0,0.0,0.0,0.0,0.0,0.0,0.0,0.0,0.0,0.0,0.0,0.0,0.0,0.0,0.0,0.0,0.0,0.0,0.0,0.0,0.0,0.0,0.0,0.0,0.0,0.0,0.0,0.0,0.0,0.0,0.0,0.0,0.0,0.0,0.0,0.0,0.0,0.0,0.0,0.0,0.0,0.0,0.0,0.0,0.0,0.0,0.0,0.0,0.0,0.0,0.0,0.0,0.0,0.0,0.0,0.0,0.0
0.9476,4.8182,1.1135,4.7143,18.9697,4.5634,4.321,2.5455,373.9394,7.3345,5.1667,1.7658,8.093,21.8182,4.5634,1.3851,107.3088,2.4335,2.3105,11.6084,2.4335,0.3846,0.3824,1.0,1.0,0.3846,0.3824,0.0506,0.0663,0.0437,0.0561,0.0,0.0,0.0,0.0,0.0,0.0,0.0,0.0,0.0,0.0,0.0,0.0,0.0,0.0,0.0,0.0,0.0,0.0,0.0,0.0,0.0,0.0,0.0,0.0,0.0,0.0,0.0,0.0,0.0,0.0,0.0,0.0,0.0,0.0,0.0,0.0,0.0,0.0,0.0,0.0,0.0,0.0,0.0,0.0,0.0,0.0,0.0,0.0,0.0,0.0,0.0,0.0,0.0,0.0,0.0,0.0,0.0,0.0,0.0,0.0,0.0,0.0,0.0,0.0,0.0,0.0,0.0,0.0,0.0,0.0,0.0,0.0,0.0,0.0,0.0,0.0,0.0,0.0
1.0891,3.0312,1.2178,3.5556,18.1562,4.5501,4.3251,2.0312,332.5938,6.3485,5.2803,1.5444,7.5369,20.0312,4.5501,1.2571,101.0897,2.2019,2.0584,7.9627,2.2019,0.5652,0.5208,1.0,1.0,0.5652,0.5208,0.072,0.0537,0.0608,0.0567,0.0,0.0,0.0,0.0,0.0,0.0,0.0,0.0,0.0,0.0,0.0,0.0,0.0,0.0,0.0,0.0,0.0,0.0,0.0,0.0,0.0,0.0,0.0,0.0,0.0,0.0,0.0,0.0,0.0,0.0,0.0,0.0,0.0,0.0,0.0,0.0,0.0,0.0,0.0,0.0,0.0,0.0,0.0,0.0,0.0,0.0,0.0,0.0,0.0,0.0,0.0,0.0,0.0,0.0,0.0,0.0,0.0,0.0,0.0,0.0,0.0,0.0,0.0,0.0,0.0,0.0,0.0,0.0,0.0,0.0,0.0,0.0,0.0,0.0,0.0,0.0,0.0,0.0
0.9096,4.7812,0.9578,1.8824,16.4375,4.6058,4.3515,2.4375,281.7188,8.5665,4.474,1.6392,7.3684,18.125,4.6058,0.8998,91.5201,2.3791,2.2971,9.8576,2.3791,0.1333,0.1429,1.0,0.9524,0.1333,0.1429,0.0319,0.0539,0.0393,0.0527,0.0,0.0,0.0,0.0,0.0,0.0,0.0,0.0,0.0,0.0,0.0,0.0,0.0,0.0,0.0,0.0,0.0,0.0,0.0,0.0,0.0,0.0,0.0,0.0,0.0,0.0,0.0,0.0,0.0,0.0,0.0,0.0,0.0,0.0,0.0,0.0,0.0,0.0,0.0,0.0,0.0,0.0,0.0,0.0,0.0,0.0,0.0,0.0,0.0,0.0,0.0,0.0,0.0,0.0,0.0,0.0,0.0,0.0,0.0,0.0,0.0,0.0,0.0,0.0,0.0,0.0,0.0,0.0,0.0,0.0,0.0,0.0,0.0,0.0,0.0,0.0,0.0,0.0
0.8142,4.9737,0.8894,3.4545,16.2105,4.544,4.3078,2.1842,364.3684,6.5548,5.0488,1.6442,7.5423,18.4211,4.544,1.0757,98.6048,2.548,2.4378,7.7379,2.548,0.3704,0.283,1.0,0.9434,0.3704,0.283,0.0403,0.0533,0.0353,0.0557,0.0,0.0,0.0,0.0,0.0,0.0,0.0,0.0,0.0,0.0,0.0,0.0,0.0,0.0,0.0,0.0,0.0,0.0,0.0,0.0,0.0,0.0,0.0,0.0,0.0,0.0,0.0,0.0,0.0,0.0,0.0,0.0,0.0,0.0,0.0,0.0,0.0,0.0,0.0,0.0,0.0,0.0,0.0,0.0,0.0,0.0,0.0,0.0,0.0,0.0,0.0,0.0,0.0,0.0,0.0,0.0,0.0,0.0,0.0,0.0,0.0,0.0,0.0,0.0,0.0,0.0,0.0,0.0,0.0,0.0,0.0,0.0,0.0,0.0,0.0,0.0,0.0,0.0
0.8321,2.5224,1.0153,2.1613,10.6418,4.5388,4.3951,1.0896,401.3134,6.9923,5.46,1.8469,7.2129,12.2687,4.5388,0.5734,86.4543,2.3492,2.2763,7.9992,2.3492,0.25,0.25,1.0,0.6591,0.25,0.25,0.042,0.075,0.0402,0.0729,0.0,0.0,0.0,0.0,0.0,0.0,0.0,0.0,0.0,0.0,0.0,0.0,0.0,0.0,0.0,0.0,0.0,0.0,0.0,0.0,0.0,0.0,0.0,0.0,0.0,0.0,0.0,0.0,0.0,0.0,0.0,0.0,0.0,0.0,0.0,0.0,0.0,0.0,0.0,0.0,0.0,0.0,0.0,0.0,0.0,0.0,0.0,0.0,0.0,0.0,0.0,0.0,0.0,0.0,0.0,0.0,0.0,0.0,0.0,0.0,0.0,0.0,0.0,0.0,0.0,0.0,0.0,0.0,0.0,0.0,0.0,0.0,0.0,0.0,0.0,0.0,0.0,0.0
0.924,5.6296,1.0819,2.4545,17.6296,4.9422,4.5489,2.4074,289.3704,6.249,4.9796,2.0137,6.7398,20.8519,4.9422,0.8907,89.8938,2.4893,2.2985,8.6183,2.4893,0.3125,0.4167,1.0,1.0,0.375,0.4583,0.0642,0.1002,0.0664,0.0895,0.0,0.0,0.0,0.0,0.0,0.0,0.0,0.0,0.0,0.0,0.0,0.0,0.0,0.0,0.0,0.0,0.0,0.0,0.0,0.0,0.0,0.0,0.0,0.0,0.0,0.0,0.0,0.0,0.0,0.0,0.0,0.0,0.0,0.0,0.0,0.0,0.0,0.0,0.0,0.0,0.0,0.0,0.0,0.0,0.0,0.0,0.0,0.0,0.0,0.0,0.0,0.0,0.0,0.0,0.0,0.0,0.0,0.0,0.0,0.0,0.0,0.0,0.0,0.0,0.0,0.0,0.0,0.0,0.0,0.0,0.0,0.0,0.0,0.0,0.0,0.0,0.0,0.0
0.9014,3.1852,1.007,3.0,14.3333,4.1627,3.9173,1.2963,210.1111,9.1818,4.6828,1.5574,6.9524,16.1111,4.1627,1.1547,73.0859,2.1398,2.003,7.6948,2.1398,0.3333,0.303,1.0,1.0,0.3333,0.303,0.0282,0.0399,0.0333,0.0509,0.0,0.0,0.0,0.0,0.0,0.0,0.0,0.0,0.0,0.0,0.0,0.0,0.0,0.0,0.0,0.0,0.0,0.0,0.0,0.0,0.0,0.0,0.0,0.0,0.0,0.0,0.0,0.0,0.0,0.0,0.0,0.0,0.0,0.0,0.0,0.0,0.0,0.0,0.0,0.0,0.0,0.0,0.0,0.0,0.0,0.0,0.0,0.0,0.0,0.0,0.0,0.0,0.0,0.0,0.0,0.0,0.0,0.0,0.0,0.0,0.0,0.0,0.0,0.0,0.0,0.0,0.0,0.0,0.0,0.0,0.0,0.0,0.0,0.0,0.0,0.0,0.0,0.0
1.0726,4.4889,1.1709,4.0909,15.0667,4.409,4.2556,1.4,428.4889,6.7567,5.0468,1.67,7.5481,16.9778,4.409,1.1642,99.941,2.2621,2.1821,8.0125,2.2621,0.1471,0.1169,1.0,1.0,0.1471,0.1169,0.03,0.0462,0.0203,0.038,0.0,0.0,0.0,0.0,0.0,0.0,0.0,0.0,0.0,0.0,0.0,0.0,0.0,0.0,0.0,0.0,0.0,0.0,0.0,0.0,0.0,0.0,0.0,0.0,0.0,0.0,0.0,0.0,0.0,0.0,0.0,0.0,0.0,0.0,0.0,0.0,0.0,0.0,0.0,0.0,0.0,0.0,0.0,0.0,0.0,0.0,0.0,0.0,0.0,0.0,0.0,0.0,0.0,0.0,0.0,0.0,0.0,0.0,0.0,0.0,0.0,0.0,0.0,0.0,0.0,0.0,0.0,0.0,0.0,0.0,0.0,0.0,0.0,0.0,0.0,0.0,0.0,0.0
0.8973,3.7838,1.1161,2.3125,15.6216,4.418,4.2216,1.4324,352.3514,7.9958,5.0565,1.8889,7.2286,17.7027,4.418,0.6818,93.7297,2.2142,2.1257,6.9042,2.2142,0.0952,0.0714,1.0,1.0,0.0952,0.0714,0.0175,0.0345,0.0167,0.0347,0.0,0.0,0.0,0.0,0.0,0.0,0.0,0.0,0.0,0.0,0.0,0.0,0.0,0.0,0.0,0.0,0.0,0.0,0.0,0.0,0.0,0.0,0.0,0.0,0.0,0.0,0.0,0.0,0.0,0.0,0.0,0.0,0.0,0.0,0.0,0.0,0.0,0.0,0.0,0.0,0.0,0.0,0.0,0.0,0.0,0.0,0.0,0.0,0.0,0.0,0.0,0.0,0.0,0.0,0.0,0.0,0.0,0.0,0.0,0.0,0.0,0.0,0.0,0.0,0.0,0.0,0.0,0.0,0.0,0.0,0.0,0.0,0.0,0.0,0.0,0.0,0.0,0.0
0.8889,5.5,0.9903,2.3333,20.8571,4.9206,4.6149,2.8929,346.5357,6.9906,5.4156,1.8706,7.3228,23.2143,4.9206,0.8498,108.3769,2.9098,2.7801,10.4347,2.9098,0.5,0.4783,1.0,0.8696,0.5,0.4783,0.0414,0.0573,0.043,0.0566,0.0,0.0,0.0,0.0,0.0,0.0,0.0,0.0,0.0,0.0,0.0,0.0,0.0,0.0,0.0,0.0,0.0,0.0,0.0,0.0,0.0,0.0,0.0,0.0,0.0,0.0,0.0,0.0,0.0,0.0,0.0,0.0,0.0,0.0,0.0,0.0,0.0,0.0,0.0,0.0,0.0,0.0,0.0,0.0,0.0,0.0,0.0,0.0,0.0,0.0,0.0,0.0,0.0,0.0,0.0,0.0,0.0,0.0,0.0,0.0,0.0,0.0,0.0,0.0,0.0,0.0,0.0,0.0,0.0,0.0,0.0,0.0,0.0,0.0,0.0,0.0,0.0,0.0
1.1074,5.6087,1.2953,2.3,18.913,4.6218,4.3689,2.087,263.1304,7.807,4.7125,1.5385,6.8842,20.913,4.6218,0.781,88.71,2.2133,2.0943,8.161,2.2133,0.5385,0.3889,1.0,1.0,0.5385,0.3889,0.0596,0.0428,0.0457,0.0439,0.0,0.0,0.0,0.0,0.0,0.0,0.0,0.0,0.0,0.0,0.0,0.0,0.0,0.0,0.0,0.0,0.0,0.0,0.0,0.0,0.0,0.0,0.0,0.0,0.0,0.0,0.0,0.0,0.0,0.0,0.0,0.0,0.0,0.0,0.0,0.0,0.0,0.0,0.0,0.0,0.0,0.0,0.0,0.0,0.0,0.0,0.0,0.0,0.0,0.0,0.0,0.0,0.0,0.0,0.0,0.0,0.0,0.0,0.0,0.0,0.0,0.0,0.0,0.0,0.0,0.0,0.0,0.0,0.0,0.0,0.0,0.0,0.0,0.0,0.0,0.0,0.0,0.0
0.8788,3.9231,1.0152,2.0,14.0385,4.243,4.0559,1.4615,230.7692,8.1076,4.8346,1.75,7.9683,16.1154,4.243,1.3587,70.1923,2.1854,2.0814,8.9971,2.1854,0.0769,0.04,1.0,0.88,0.0769,0.04,0.0379,0.0516,0.0308,0.0528,0.0,0.0,0.0,0.0,0.0,0.0,0.0,0.0,0.0,0.0,0.0,0.0,0.0,0.0,0.0,0.0,0.0,0.0,0.0,0.0,0.0,0.0,0.0,0.0,0.0,0.0,0.0,0.0,0.0,0.0,0.0,0.0,0.0,0.0,0.0,0.0,0.0,0.0,0.0,0.0,0.0,0.0,0.0,0.0,0.0,0.0,0.0,0.0,0.0,0.0,0.0,0.0,0.0,0.0,0.0,0.0,0.0,0.0,0.0,0.0,0.0,0.0,0.0,0.0,0.0,0.0,0.0,0.0,0.0,0.0,0.0,0.0,0.0,0.0,0.0,0.0,0.0,0.0
0.9671,3.3548,1.1711,5.1667,12.6129,4.5273,4.3688,1.0968,247.871,7.0433,5.7862,1.7308,7.757,14.3226,4.5273,0.8975,69.0837,2.411,2.3486,7.5962,2.411,0.32,0.2239,1.0,0.791,0.32,0.2388,0.0369,0.0535,0.0297,0.0529,0.0,0.0,0.0,0.0,0.0,0.0,0.0,0.0,0.0,0.0,0.0,0.0,0.0,0.0,0.0,0.0,0.0,0.0,0.0,0.0,0.0,0.0,0.0,0.0,0.0,0.0,0.0,0.0,0.0,0.0,0.0,0.0,0.0,0.0,0.0,0.0,0.0,0.0,0.0,0.0,0.0,0.0,0.0,0.0,0.0,0.0,0.0,0.0,0.0,0.0,0.0,0.0,0.0,0.0,0.0,0.0,0.0,0.0,0.0,0.0,0.0,0.0,0.0,0.0,0.0,0.0,0.0,0.0,0.0,0.0,0.0,0.0,0.0,0.0,0.0,0.0,0.0,0.0
0.8914,3.2069,1.24,2.6364,16.0,4.3712,4.1769,1.5172,308.7241,7.1121,4.4533,1.8209,6.5783,18.2759,4.3712,1.0679,84.664,2.159,2.0701,6.6223,2.159,0.2222,0.2,1.0,1.0,0.2222,0.2,0.0528,0.0555,0.0477,0.0524,0.0,0.0,0.0,0.0,0.0,0.0,0.0,0.0,0.0,0.0,0.0,0.0,0.0,0.0,0.0,0.0,0.0,0.0,0.0,0.0,0.0,0.0,0.0,0.0,0.0,0.0,0.0,0.0,0.0,0.0,0.0,0.0,0.0,0.0,0.0,0.0,0.0,0.0,0.0,0.0,0.0,0.0,0.0,0.0,0.0,0.0,0.0,0.0,0.0,0.0,0.0,0.0,0.0,0.0,0.0,0.0,0.0,0.0,0.0,0.0,0.0,0.0,0.0,0.0,0.0,0.0,0.0,0.0,0.0,0.0,0.0,0.0,0.0,0.0,0.0,0.0,0.0,0.0
1.0725,4.4615,1.1594,4.3333,16.4615,4.3328,4.168,1.7949,365.0,7.2432,4.6447,1.7742,6.6222,18.8205,4.3328,1.0541,101.4757,2.0663,1.9665,6.8458,2.0663,0.3333,0.2857,1.0,1.0,0.3333,0.2857,0.0315,0.0415,0.0288,0.0383,0.0,0.0,0.0,0.0,0.0,0.0,0.0,0.0,0.0,0.0,0.0,0.0,0.0,0.0,0.0,0.0,0.0,0.0,0.0,0.0,0.0,0.0,0.0,0.0,0.0,0.0,0.0,0.0,0.0,0.0,0.0,0.0,0.0,0.0,0.0,0.0,0.0,0.0,0.0,0.0,0.0,0.0,0.0,0.0,0.0,0.0,0.0,0.0,0.0,0.0,0.0,0.0,0.0,0.0,0.0,0.0,0.0,0.0,0.0,0.0,0.0,0.0,0.0,0.0,0.0,0.0,0.0,0.0,0.0,0.0,0.0,0.0,0.0,0.0,0.0,0.0,0.0,0.0
1.1472,3.95,1.2393,5.7143,12.1,4.3124,4.1195,0.85,299.275,6.8223,5.8165,1.6515,8.8043,13.7,4.3124,1.0302,75.5645,2.1213,2.0477,5.8915,2.1213,0.303,0.2755,1.0,0.9898,0.303,0.2755,0.0708,0.0779,0.0556,0.0691,0.0,0.0,0.0,0.0,0.0,0.0,0.0,0.0,0.0,0.0,0.0,0.0,0.0,0.0,0.0,0.0,0.0,0.0,0.0,0.0,0.0,0.0,0.0,0.0,0.0,0.0,0.0,0.0,0.0,0.0,0.0,0.0,0.0,0.0,0.0,0.0,0.0,0.0,0.0,0.0,0.0,0.0,0.0,0.0,0.0,0.0,0.0,0.0,0.0,0.0,0.0,0.0,0.0,0.0,0.0,0.0,0.0,0.0,0.0,0.0,0.0,0.0,0.0,0.0,0.0,0.0,0.0,0.0,0.0,0.0,0.0,0.0,0.0,0.0,0.0,0.0,0.0,0.0
0.9738,2.7568,1.0419,4.625,15.9189,4.2595,4.083,2.027,334.5135,8.6332,4.5367,1.6321,7.2857,17.7568,4.2595,1.5762,95.5135,2.2465,2.1884,6.4069,2.2465,0.3793,0.3247,1.0,1.0,0.4138,0.3377,0.04,0.0422,0.0395,0.0515,0.0,0.0,0.0,0.0,0.0,0.0,0.0,0.0,0.0,0.0,0.0,0.0,0.0,0.0,0.0,0.0,0.0,0.0,0.0,0.0,0.0,0.0,0.0,0.0,0.0,0.0,0.0,0.0,0.0,0.0,0.0,0.0,0.0,0.0,0.0,0.0,0.0,0.0,0.0,0.0,0.0,0.0,0.0,0.0,0.0,0.0,0.0,0.0,0.0,0.0,0.0,0.0,0.0,0.0,0.0,0.0,0.0,0.0,0.0,0.0,0.0,0.0,0.0,0.0,0.0,0.0,0.0,0.0,0.0,0.0,0.0,0.0,0.0,0.0,0.0,0.0,0.0,0.0
0.7143,6.1111,0.7946,3.0,15.7778,4.2411,4.0709,1.8056,347.4722,8.1151,4.0885,1.732,6.4947,18.0,4.2411,1.354,93.3426,2.2286,2.136,10.9823,2.2286,0.2083,0.1702,1.0,0.8511,0.2083,0.1702,0.0411,0.0567,0.037,0.0632,0.0,0.0,0.0,0.0,0.0,0.0,0.0,0.0,0.0,0.0,0.0,0.0,0.0,0.0,0.0,0.0,0.0,0.0,0.0,0.0,0.0,0.0,0.0,0.0,0.0,0.0,0.0,0.0,0.0,0.0,0.0,0.0,0.0,0.0,0.0,0.0,0.0,0.0,0.0,0.0,0.0,0.0,0.0,0.0,0.0,0.0,0.0,0.0,0.0,0.0,0.0,0.0,0.0,0.0,0.0,0.0,0.0,0.0,0.0,0.0,0.0,0.0,0.0,0.0,0.0,0.0,0.0,0.0,0.0,0.0,0.0,0.0,0.0,0.0,0.0,0.0,0.0,0.0
0.804,2.9,1.084,4.0,16.15,4.254,3.9728,1.7,376.675,6.8821,5.2095,1.8588,7.488,18.1,4.254,1.2649,100.8567,2.1526,2.0351,9.2,2.1526,0.1,0.0735,1.0,0.9559,0.1,0.0882,0.0235,0.0514,0.0147,0.0382,0.0,0.0,0.0,0.0,0.0,0.0,0.0,0.0,0.0,0.0,0.0,0.0,0.0,0.0,0.0,0.0,0.0,0.0,0.0,0.0,0.0,0.0,0.0,0.0,0.0,0.0,0.0,0.0,0.0,0.0,0.0,0.0,0.0,0.0,0.0,0.0,0.0,0.0,0.0,0.0,0.0,0.0,0.0,0.0,0.0,0.0,0.0,0.0,0.0,0.0,0.0,0.0,0.0,0.0,0.0,0.0,0.0,0.0,0.0,0.0,0.0,0.0,0.0,0.0,0.0,0.0,0.0,0.0,0.0,0.0,0.0,0.0,0.0,0.0,0.0,0.0,0.0,0.0
0.7659,4.5,0.878,4.5,15.3333,4.7565,4.4405,1.9167,341.1389,6.2812,5.2788,2.092,7.2734,17.7222,4.7565,1.2247,90.7132,2.5857,2.3561,8.0368,2.5857,0.3929,0.3913,1.0,0.913,0.3929,0.3913,0.0338,0.0443,0.0408,0.0495,0.0,0.0,0.0,0.0,0.0,0.0,0.0,0.0,0.0,0.0,0.0,0.0,0.0,0.0,0.0,0.0,0.0,0.0,0.0,0.0,0.0,0.0,0.0,0.0,0.0,0.0,0.0,0.0,0.0,0.0,0.0,0.0,0.0,0.0,0.0,0.0,0.0,0.0,0.0,0.0,0.0,0.0,0.0,0.0,0.0,0.0,0.0,0.0,0.0,0.0,0.0,0.0,0.0,0.0,0.0,0.0,0.0,0.0,0.0,0.0,0.0,0.0,0.0,0.0,0.0,0.0,0.0,0.0,0.0,0.0,0.0,0.0,0.0,0.0,0.0,0.0,0.0,0.0
0.9214,3.8261,1.0857,2.3,15.7391,4.4432,4.2841,1.6957,217.8696,7.7709,5.0323,1.6154,7.5,18.087,4.4432,0.9,73.8231,2.1943,2.1197,7.1864,2.1943,0.2308,0.2632,1.0,1.0,0.2308,0.2632,0.0247,0.0393,0.0225,0.0355,0.0,0.0,0.0,0.0,0.0,0.0,0.0,0.0,0.0,0.0,0.0,0.0,0.0,0.0,0.0,0.0,0.0,0.0,0.0,0.0,0.0,0.0,0.0,0.0,0.0,0.0,0.0,0.0,0.0,0.0,0.0,0.0,0.0,0.0,0.0,0.0,0.0,0.0,0.0,0.0,0.0,0.0,0.0,0.0,0.0,0.0,0.0,0.0,0.0,0.0,0.0,0.0,0.0,0.0,0.0,0.0,0.0,0.0,0.0,0.0,0.0,0.0,0.0,0.0,0.0,0.0,0.0,0.0,0.0,0.0,0.0,0.0,0.0,0.0,0.0,0.0,0.0,0.0
0.7808,2.7692,0.8769,2.7368,13.7308,4.0347,3.8148,1.7115,419.7885,9.6333,5.1731,1.887,7.4226,15.6923,4.0347,1.2071,98.0573,2.126,2.0059,9.4534,2.126,0.3939,0.3559,1.0,0.7119,0.3939,0.3559,0.045,0.0563,0.0403,0.057,0.0,0.0,0.0,0.0,0.0,0.0,0.0,0.0,0.0,0.0,0.0,0.0,0.0,0.0,0.0,0.0,0.0,0.0,0.0,0.0,0.0,0.0,0.0,0.0,0.0,0.0,0.0,0.0,0.0,0.0,0.0,0.0,0.0,0.0,0.0,0.0,0.0,0.0,0.0,0.0,0.0,0.0,0.0,0.0,0.0,0.0,0.0,0.0,0.0,0.0,0.0,0.0,0.0,0.0,0.0,0.0,0.0,0.0,0.0,0.0,0.0,0.0,0.0,0.0,0.0,0.0,0.0,0.0,0.0,0.0,0.0,0.0,0.0,0.0,0.0,0.0,0.0,0.0
0.8387,3.5,0.9498,2.3,16.1957,4.5158,4.3191,1.913,460.587,7.9722,4.5531,1.8718,6.5641,18.4783,4.5158,1.0536,108.6437,2.4595,2.3209,11.1973,2.4595,0.1154,0.1951,1.0,0.7561,0.1154,0.1951,0.0298,0.0445,0.0312,0.0477,0.0,0.0,0.0,0.0,0.0,0.0,0.0,0.0,0.0,0.0,0.0,0.0,0.0,0.0,0.0,0.0,0.0,0.0,0.0,0.0,0.0,0.0,0.0,0.0,0.0,0.0,0.0,0.0,0.0,0.0,0.0,0.0,0.0,0.0,0.0,0.0,0.0,0.0,0.0,0.0,0.0,0.0,0.0,0.0,0.0,0.0,0.0,0.0,0.0,0.0,0.0,0.0,0.0,0.0,0.0,0.0,0.0,0.0,0.0,0.0,0.0,0.0,0.0,0.0,0.0,0.0,0.0,0.0,0.0,0.0,0.0,0.0,0.0,0.0,0.0,0.0,0.0,0.0
0.8732,4.3721,0.9659,2.6875,13.6977,4.2879,4.1052,1.6744,359.3721,8.1336,4.0,1.8019,6.3776,15.9767,4.2879,1.8275,88.7711,2.054,1.9864,7.2352,2.054,0.2963,0.2698,1.0,0.9841,0.2963,0.2698,0.0656,0.0746,0.0568,0.0732,0.0,0.0,0.0,0.0,0.0,0.0,0.0,0.0,0.0,0.0,0.0,0.0,0.0,0.0,0.0,0.0,0.0,0.0,0.0,0.0,0.0,0.0,0.0,0.0,0.0,0.0,0.0,0.0,0.0,0.0,0.0,0.0,0.0,0.0,0.0,0.0,0.0,0.0,0.0,0.0,0.0,0.0,0.0,0.0,0.0,0.0,0.0,0.0,0.0,0.0,0.0,0.0,0.0,0.0,0.0,0.0,0.0,0.0,0.0,0.0,0.0,0.0,0.0,0.0,0.0,0.0,0.0,0.0,0.0,0.0,0.0,0.0,0.0,0.0,0.0,0.0,0.0,0.0
0.9263,5.2812,1.0599,3.2,19.0625,4.3578,4.185,2.625,387.7188,6.4419,4.7049,2.0761,6.2961,22.1562,4.3578,1.1662,106.1355,2.2041,2.045,7.5544,2.2041,0.6818,0.7143,1.0,1.0,0.6818,0.7143,0.1058,0.0871,0.1046,0.0802,0.0,0.0,0.0,0.0,0.0,0.0,0.0,0.0,0.0,0.0,0.0,0.0,0.0,0.0,0.0,0.0,0.0,0.0,0.0,0.0,0.0,0.0,0.0,0.0,0.0,0.0,0.0,0.0,0.0,0.0,0.0,0.0,0.0,0.0,0.0,0.0,0.0,0.0,0.0,0.0,0.0,0.0,0.0,0.0,0.0,0.0,0.0,0.0,0.0,0.0,0.0,0.0,0.0,0.0,0.0,0.0,0.0,0.0,0.0,0.0,0.0,0.0,0.0,0.0,0.0,0.0,0.0,0.0,0.0,0.0,0.0,0.0,0.0,0.0,0.0,0.0,0.0,0.0
0.8265,2.3256,1.0091,8.6,14.7442,4.5166,4.3046,1.7209,381.3721,7.7941,4.2697,1.8208,6.1926,16.6279,4.5166,1.3565,95.5532,2.4199,2.2574,7.1203,2.4199,0.3684,0.2321,1.0,0.9167,0.3684,0.25,0.0413,0.062,0.0258,0.0454,0.0,0.0,0.0,0.0,0.0,0.0,0.0,0.0,0.0,0.0,0.0,0.0,0.0,0.0,0.0,0.0,0.0,0.0,0.0,0.0,0.0,0.0,0.0,0.0,0.0,0.0,0.0,0.0,0.0,0.0,0.0,0.0,0.0,0.0,0.0,0.0,0.0,0.0,0.0,0.0,0.0,0.0,0.0,0.0,0.0,0.0,0.0,0.0,0.0,0.0,0.0,0.0,0.0,0.0,0.0,0.0,0.0,0.0,0.0,0.0,0.0,0.0,0.0,0.0,0.0,0.0,0.0,0.0,0.0,0.0,0.0,0.0,0.0,0.0,0.0,0.0,0.0,0.0
1.0194,3.9024,1.1117,3.4167,14.9024,4.3087,4.0943,1.2195,359.0732,7.259,4.8711,1.5977,6.9348,16.9756,4.3087,1.3202,94.2513,2.1586,2.0348,7.052,2.1586,0.3103,0.2833,1.0,0.9667,0.3103,0.2833,0.0382,0.0458,0.0343,0.0495,0.0,0.0,0.0,0.0,0.0,0.0,0.0,0.0,0.0,0.0,0.0,0.0,0.0,0.0,0.0,0.0,0.0,0.0,0.0,0.0,0.0,0.0,0.0,0.0,0.0,0.0,0.0,0.0,0.0,0.0,0.0,0.0,0.0,0.0,0.0,0.0,0.0,0.0,0.0,0.0,0.0,0.0,0.0,0.0,0.0,0.0,0.0,0.0,0.0,0.0,0.0,0.0,0.0,0.0,0.0,0.0,0.0,0.0,0.0,0.0,0.0,0.0,0.0,0.0,0.0,0.0,0.0,0.0,0.0,0.0,0.0,0.0,0.0,0.0,0.0,0.0,0.0,0.0
0.8286,4.375,0.9429,5.3333,14.75,4.2267,4.0275,1.5312,237.2812,8.7393,4.8421,1.7763,7.2947,17.2812,4.2267,2.2852,82.1245,2.1934,2.0793,9.2474,2.1934,0.4231,0.4235,1.0,0.8588,0.4231,0.4235,0.0466,0.0598,0.0458,0.0608,0.0,0.0,0.0,0.0,0.0,0.0,0.0,0.0,0.0,0.0,0.0,0.0,0.0,0.0,0.0,0.0,0.0,0.0,0.0,0.0,0.0,0.0,0.0,0.0,0.0,0.0,0.0,0.0,0.0,0.0,0.0,0.0,0.0,0.0,0.0,0.0,0.0,0.0,0.0,0.0,0.0,0.0,0.0,0.0,0.0,0.0,0.0,0.0,0.0,0.0,0.0,0.0,0.0,0.0,0.0,0.0,0.0,0.0,0.0,0.0,0.0,0.0,0.0,0.0,0.0,0.0,0.0,0.0,0.0,0.0,0.0,0.0,0.0,0.0,0.0,0.0,0.0,0.0
0.7951,3.1176,0.9073,2.4286,16.2647,4.5137,4.337,2.0588,349.0,6.6459,4.4479,2.0505,7.0,18.4706,4.5137,1.3477,93.4336,2.467,2.3933,8.4095,2.467,0.15,0.1081,1.0,0.8919,0.2,0.1351,0.0327,0.0443,0.0258,0.0385,0.0,0.0,0.0,0.0,0.0,0.0,0.0,0.0,0.0,0.0,0.0,0.0,0.0,0.0,0.0,0.0,0.0,0.0,0.0,0.0,0.0,0.0,0.0,0.0,0.0,0.0,0.0,0.0,0.0,0.0,0.0,0.0,0.0,0.0,0.0,0.0,0.0,0.0,0.0,0.0,0.0,0.0,0.0,0.0,0.0,0.0,0.0,0.0,0.0,0.0,0.0,0.0,0.0,0.0,0.0,0.0,0.0,0.0,0.0,0.0,0.0,0.0,0.0,0.0,0.0,0.0,0.0,0.0,0.0,0.0,0.0,0.0,0.0,0.0,0.0,0.0,0.0,0.0
0.8544,4.2162,0.9806,3.7,14.9189,4.4916,4.2617,1.4054,305.0811,7.618,4.8125,1.8214,7.1389,17.5135,4.4916,1.1874,89.5135,2.4371,2.3551,10.0502,2.4371,0.1852,0.193,1.0,0.9649,0.1852,0.193,0.0317,0.051,0.0323,0.0566,0.0,0.0,0.0,0.0,0.0,0.0,0.0,0.0,0.0,0.0,0.0,0.0,0.0,0.0,0.0,0.0,0.0,0.0,0.0,0.0,0.0,0.0,0.0,0.0,0.0,0.0,0.0,0.0,0.0,0.0,0.0,0.0,0.0,0.0,0.0,0.0,0.0,0.0,0.0,0.0,0.0,0.0,0.0,0.0,0.0,0.0,0.0,0.0,0.0,0.0,0.0,0.0,0.0,0.0,0.0,0.0,0.0,0.0,0.0,0.0,0.0,0.0,0.0,0.0,0.0,0.0,0.0,0.0,0.0,0.0,0.0,0.0,0.0,0.0,0.0,0.0,0.0,0.0
0.9437,3.9286,0.9875,2.3333,18.4643,4.7078,4.5185,2.1071,321.2857,6.4945,4.2692,1.7356,6.5895,21.8929,4.7078,1.3123,95.9432,2.4244,2.3366,7.8072,2.4244,0.3125,0.2759,1.0,1.0,0.3125,0.2759,0.0823,0.0886,0.0713,0.0714,0.0,0.0,0.0,0.0,0.0,0.0,0.0,0.0,0.0,0.0,0.0,0.0,0.0,0.0,0.0,0.0,0.0,0.0,0.0,0.0,0.0,0.0,0.0,0.0,0.0,0.0,0.0,0.0,0.0,0.0,0.0,0.0,0.0,0.0,0.0,0.0,0.0,0.0,0.0,0.0,0.0,0.0,0.0,0.0,0.0,0.0,0.0,0.0,0.0,0.0,0.0,0.0,0.0,0.0,0.0,0.0,0.0,0.0,0.0,0.0,0.0,0.0,0.0,0.0,0.0,0.0,0.0,0.0,0.0,0.0,0.0,0.0,0.0,0.0,0.0,0.0,0.0,0.0
0.8681,3.1538,0.9514,3.7143,16.2308,4.461,4.2931,2.3077,237.1154,7.5527,5.0592,2.2051,7.5055,18.5385,4.461,1.5779,81.1538,2.1088,1.9544,8.6168,2.1088,0.3158,0.2955,1.0,0.8864,0.3684,0.3182,0.0447,0.0556,0.0341,0.0454,0.0,0.0,0.0,0.0,0.0,0.0,0.0,0.0,0.0,0.0,0.0,0.0,0.0,0.0,0.0,0.0,0.0,0.0,0.0,0.0,0.0,0.0,0.0,0.0,0.0,0.0,0.0,0.0,0.0,0.0,0.0,0.0,0.0,0.0,0.0,0.0,0.0,0.0,0.0,0.0,0.0,0.0,0.0,0.0,0.0,0.0,0.0,0.0,0.0,0.0,0.0,0.0,0.0,0.0,0.0,0.0,0.0,0.0,0.0,0.0,0.0,0.0,0.0,0.0,0.0,0.0,0.0,0.0,0.0,0.0,0.0,0.0,0.0,0.0,0.0,0.0,0.0,0.0
0.8429,4.3226,1.0105,4.4286,16.9355,4.2368,4.0626,2.129,357.129,7.3164,4.7452,1.7125,6.6406,19.9677,4.2368,0.9035,92.7595,2.141,2.0185,9.6134,2.141,0.25,0.2321,1.0,0.9643,0.25,0.25,0.0406,0.0458,0.0276,0.0392,0.0,0.0,0.0,0.0,0.0,0.0,0.0,0.0,0.0,0.0,0.0,0.0,0.0,0.0,0.0,0.0,0.0,0.0,0.0,0.0,0.0,0.0,0.0,0.0,0.0,0.0,0.0,0.0,0.0,0.0,0.0,0.0,0.0,0.0,0.0,0.0,0.0,0.0,0.0,0.0,0.0,0.0,0.0,0.0,0.0,0.0,0.0,0.0,0.0,0.0,0.0,0.0,0.0,0.0,0.0,0.0,0.0,0.0,0.0,0.0,0.0,0.0,0.0,0.0,0.0,0.0,0.0,0.0,0.0,0.0,0.0,0.0,0.0,0.0,0.0,0.0,0.0,0.0
0.7667,5.4211,0.85,4.2222,14.6579,4.2772,4.1105,1.9474,335.5,8.9465,4.8142,1.839,8.0648,16.9211,4.2772,1.5476,89.1605,2.1352,2.0511,7.8216,2.1352,0.1724,0.1806,1.0,0.875,0.1724,0.1806,0.0341,0.0522,0.0316,0.047,0.0,0.0,0.0,0.0,0.0,0.0,0.0,0.0,0.0,0.0,0.0,0.0,0.0,0.0,0.0,0.0,0.0,0.0,0.0,0.0,0.0,0.0,0.0,0.0,0.0,0.0,0.0,0.0,0.0,0.0,0.0,0.0,0.0,0.0,0.0,0.0,0.0,0.0,0.0,0.0,0.0,0.0,0.0,0.0,0.0,0.0,0.0,0.0,0.0,0.0,0.0,0.0,0.0,0.0,0.0,0.0,0.0,0.0,0.0,0.0,0.0,0.0,0.0,0.0,0.0,0.0,0.0,0.0,0.0,0.0,0.0,0.0,0.0,0.0,0.0,0.0,0.0,0.0
0.8341,4.0952,1.0135,2.625,14.4524,4.1838,4.0265,1.5,376.3571,7.1276,4.7736,1.4483,7.088,16.8095,4.1838,1.3636,92.5404,1.9525,1.8618,6.8773,1.9525,0.0769,0.0408,1.0,0.9592,0.1154,0.0612,0.0236,0.0477,0.0228,0.0467,0.0,0.0,0.0,0.0,0.0,0.0,0.0,0.0,0.0,0.0,0.0,0.0,0.0,0.0,0.0,0.0,0.0,0.0,0.0,0.0,0.0,0.0,0.0,0.0,0.0,0.0,0.0,0.0,0.0,0.0,0.0,0.0,0.0,0.0,0.0,0.0,0.0,0.0,0.0,0.0,0.0,0.0,0.0,0.0,0.0,0.0,0.0,0.0,0.0,0.0,0.0,0.0,0.0,0.0,0.0,0.0,0.0,0.0,0.0,0.0,0.0,0.0,0.0,0.0,0.0,0.0,0.0,0.0,0.0,0.0,0.0,0.0,0.0,0.0,0.0,0.0,0.0,0.0
0.991,3.5476,1.1946,3.8182,15.1667,4.557,4.3149,1.2619,374.7857,7.3762,4.843,1.4674,7.2137,17.2381,4.557,1.4659,97.1141,2.3044,2.1933,8.1264,2.3044,0.129,0.0845,1.0,0.9437,0.129,0.0845,0.0122,0.0233,0.0188,0.0361,0.0,0.0,0.0,0.0,0.0,0.0,0.0,0.0,0.0,0.0,0.0,0.0,0.0,0.0,0.0,0.0,0.0,0.0,0.0,0.0,0.0,0.0,0.0,0.0,0.0,0.0,0.0,0.0,0.0,0.0,0.0,0.0,0.0,0.0,0.0,0.0,0.0,0.0,0.0,0.0,0.0,0.0,0.0,0.0,0.0,0.0,0.0,0.0,0.0,0.0,0.0,0.0,0.0,0.0,0.0,0.0,0.0,0.0,0.0,0.0,0.0,0.0,0.0,0.0,0.0,0.0,0.0,0.0,0.0,0.0,0.0,0.0,0.0,0.0,0.0,0.0,0.0,0.0
0.8843,3.6154,1.0046,3.5455,15.7436,4.7314,4.5017,1.5897,354.4103,7.2483,4.9151,2.0,7.1933,18.0,4.7314,1.3727,97.05,2.3853,2.2928,7.8119,2.3853,0.3214,0.2833,1.0,0.9167,0.3214,0.2833,0.05,0.0754,0.0407,0.065,0.0,0.0,0.0,0.0,0.0,0.0,0.0,0.0,0.0,0.0,0.0,0.0,0.0,0.0,0.0,0.0,0.0,0.0,0.0,0.0,0.0,0.0,0.0,0.0,0.0,0.0,0.0,0.0,0.0,0.0,0.0,0.0,0.0,0.0,0.0,0.0,0.0,0.0,0.0,0.0,0.0,0.0,0.0,0.0,0.0,0.0,0.0,0.0,0.0,0.0,0.0,0.0,0.0,0.0,0.0,0.0,0.0,0.0,0.0,0.0,0.0,0.0,0.0,0.0,0.0,0.0,0.0,0.0,0.0,0.0,0.0,0.0,0.0,0.0,0.0,0.0,0.0,0.0
0.8324,6.7692,1.0335,2.0,18.3077,4.8414,4.6101,1.9231,266.8462,6.3426,5.3757,1.7581,7.1417,21.4231,4.8414,0.6794,91.5385,2.5189,2.3625,9.1952,2.5189,0.4615,0.4375,1.0,1.0,0.5385,0.5,0.0542,0.046,0.0597,0.0667,0.0,0.0,0.0,0.0,0.0,0.0,0.0,0.0,0.0,0.0,0.0,0.0,0.0,0.0,0.0,0.0,0.0,0.0,0.0,0.0,0.0,0.0,0.0,0.0,0.0,0.0,0.0,0.0,0.0,0.0,0.0,0.0,0.0,0.0,0.0,0.0,0.0,0.0,0.0,0.0,0.0,0.0,0.0,0.0,0.0,0.0,0.0,0.0,0.0,0.0,0.0,0.0,0.0,0.0,0.0,0.0,0.0,0.0,0.0,0.0,0.0,0.0,0.0,0.0,0.0,0.0,0.0,0.0,0.0,0.0,0.0,0.0,0.0,0.0,0.0,0.0,0.0,0.0
