version: 1.0,published: 04/09/2019,date queried: 01/10/2020,email: kepa.bengoetxea@ehu.eus,grade: 6-8,domains: general

Word,Domain,Grade,Grade 6-8 Frequency
analysis,general,6-8,578
absolute,general,6-8,518
variation,general,6-8,357
academic,general,6-8,306
conjecture,general,6-8,298
association,general,6-8,291
interval,general,6-8,274
standardize,general,6-8,255
initial,general,6-8,223
percentage,general,6-8,210
approximate,general,6-8,203
translate,general,6-8,203
modify,general,6-8,199
randomly,general,6-8,199
conditional,general,6-8,190
periodic,general,6-8,187
approximately,general,6-8,184
objective,general,6-8,184
appeal,general,6-8,179
cite,general,6-8,178
principle,general,6-8,173
statistics,general,6-8,170
assess,general,6-8,169
verify,general,6-8,169
experimental,general,6-8,162
universal,general,6-8,157
alternate,general,6-8,151
annual,general,6-8,151
effective,general,6-8,151
bias,general,6-8,148
precision,general,6-8,147
eliminate,general,6-8,145
integration,general,6-8,144
satisfy,general,6-8,143
arrangement,general,6-8,141
calculation,general,6-8,138
extension,general,6-8,138
trend,general,6-8,125
assign,general,6-8,123
noble,general,6-8,121
thus,general,6-8,120
indirect,general,6-8,114
enable,general,6-8,113
emphasize,general,6-8,112
paraphrase,general,6-8,112
participate,general,6-8,112
aspect,general,6-8,111
continuous,general,6-8,110
compose,general,6-8,109
insight,general,6-8,109
enlarge,general,6-8,107
consult,general,6-8,106
interpretation,general,6-8,103
complement,general,6-8,102
distinct,general,6-8,101
instance,general,6-8,101
distinguish,general,6-8,100
format,general,6-8,97
distribute,general,6-8,96
synthesize,general,6-8,96
verbal,general,6-8,94
downward,general,6-8,93
margin,general,6-8,92
slant,general,6-8,90
dynamic,general,6-8,87
significant,general,6-8,87
confirm,general,6-8,86
valid,general,6-8,86
brainstorm,general,6-8,82
external,general,6-8,82
prior,general,6-8,82
restate,general,6-8,82
effectively,general,6-8,81
operate,general,6-8,81
fundamental,general,6-8,80
peer,general,6-8,79
isolate,general,6-8,78
greatly,general,6-8,77
accurately,general,6-8,76
commonly,general,6-8,76
dramatic,general,6-8,75
frequently,general,6-8,74
logically,general,6-8,73
singular,general,6-8,72
advertise,general,6-8,71
apparent,general,6-8,70
span,general,6-8,69
similarly,general,6-8,68
insert,general,6-8,67
climax,general,6-8,66
educate,general,6-8,66
imply,general,6-8,66
achievement,general,6-8,65
creative,general,6-8,65
boldface,general,6-8,64
informative,general,6-8,64
properly,general,6-8,64
ensure,general,6-8,63
fully,general,6-8,63
analogy,general,6-8,62
assumption,general,6-8,62
restrict,general,6-8,62
occupy,general,6-8,61
regard,general,6-8,61
complicate,general,6-8,60
enclose,general,6-8,60
intend,general,6-8,60
optical,general,6-8,60
intensity,general,6-8,59
tendency,general,6-8,59
virtual,general,6-8,59
admire,general,6-8,58
conversion,general,6-8,58
inductively,general,6-8,58
rapid,general,6-8,58
respectively,general,6-8,58
yield,general,6-8,58
breed,general,6-8,57
cumulative,general,6-8,57
subordinate,general,6-8,57
suspect,general,6-8,57
chronological,general,6-8,56
continuously,general,6-8,56
efficiency,general,6-8,56
undergo,general,6-8,56
categorize,general,6-8,55
rearrange,general,6-8,55
typically,general,6-8,55
update,general,6-8,55
revision,general,6-8,54
usage,general,6-8,54
derive,general,6-8,53
overlap,general,6-8,53
consistent,general,6-8,52
criteria,general,6-8,52
integrate,general,6-8,52
multimedia,general,6-8,52
atmospheric,general,6-8,51
explanatory,general,6-8,51
literacy,general,6-8,51
practical,general,6-8,51
resemble,general,6-8,51
widely,general,6-8,51
descend,general,6-8,50
improvement,general,6-8,50
obstacle,general,6-8,50
publication,general,6-8,50
simulate,general,6-8,50
briefly,general,6-8,49
highly,general,6-8,49
characterization,general,6-8,48
fascinate,general,6-8,48
hypothesize,general,6-8,48
precede,general,6-8,48
employ,general,6-8,47
restriction,general,6-8,47
anecdote,general,6-8,46
rubric,general,6-8,46
speculate,general,6-8,46
currently,general,6-8,45
limitation,general,6-8,45
meaningful,general,6-8,45
regularly,general,6-8,45
relatively,general,6-8,45
tightly,general,6-8,45
dominate,general,6-8,44
gender,general,6-8,44
organizational,general,6-8,44
participant,general,6-8,44
requirement,general,6-8,44
sufficient,general,6-8,44
systematic,general,6-8,44
circumstance,general,6-8,43
fictional,general,6-8,43
passive,general,6-8,43
specify,general,6-8,43
technical,general,6-8,43
acquire,general,6-8,42
logic,general,6-8,42
mythology,general,6-8,42
recreation,general,6-8,42
unfold,general,6-8,42
exposition,general,6-8,41
inductive,general,6-8,41
scheme,general,6-8,41
timeline,general,6-8,41
consequence,general,6-8,40
factual,general,6-8,40
astronomy,general,6-8,39
characterize,general,6-8,39
evolve,general,6-8,39
focal,general,6-8,39
quantitative,general,6-8,39
alter,general,6-8,38
denote,general,6-8,38
functional,general,6-8,38
observational,general,6-8,38
collaboration,general,6-8,37
comparative,general,6-8,37
fame,general,6-8,37
finite,general,6-8,37
orient,general,6-8,37
spun,general,6-8,37
caution,general,6-8,36
donate,general,6-8,36
exhaust,general,6-8,36
qualitative,general,6-8,36
symbolic,general,6-8,36
align,general,6-8,35
convenient,general,6-8,35
manipulate,general,6-8,35
propel,general,6-8,35
shield,general,6-8,35
significance,general,6-8,35
somewhat,general,6-8,35
exceed,general,6-8,34
exception,general,6-8,34
incomplete,general,6-8,34
keyword,general,6-8,34
originate,general,6-8,34
outward,general,6-8,34
reduction,general,6-8,34
unexpected,general,6-8,34
capitalize,general,6-8,33
destructive,general,6-8,33
occurrence,general,6-8,33
quest,general,6-8,33
rarely,general,6-8,33
steadily,general,6-8,33
symbolize,general,6-8,33
adequate,general,6-8,32
afterward,general,6-8,32
analytical,general,6-8,32
anticipate,general,6-8,32
classical,general,6-8,32
complexity,general,6-8,32
freely,general,6-8,32
impress,general,6-8,32
interfere,general,6-8,32
memorable,general,6-8,32
narration,general,6-8,32
numerous,general,6-8,32
partly,general,6-8,32
slight,general,6-8,32
suspend,general,6-8,32
thrive,general,6-8,32
deeply,general,6-8,31
enhance,general,6-8,31
favorable,general,6-8,31
motivation,general,6-8,31
regularity,general,6-8,31
thoroughly,general,6-8,31
uncover,general,6-8,31
vague,general,6-8,31
watt,general,6-8,31
contradiction,general,6-8,30
install,general,6-8,30
regulation,general,6-8,30
smoothly,general,6-8,30
technological,general,6-8,30
visually,general,6-8,30
brightly,general,6-8,29
annually,general,6-8,28
displace,general,6-8,28
educational,general,6-8,28
excess,general,6-8,28
introductory,general,6-8,28
regardless,general,6-8,28
reinforce,general,6-8,28
repel,general,6-8,28
shortage,general,6-8,28
spite,general,6-8,28
suitable,general,6-8,28
textual,general,6-8,28
worldwide,general,6-8,28
fitness,general,6-8,27
selective,general,6-8,27
separately,general,6-8,27
vital,general,6-8,27
exposure,general,6-8,26
likewise,general,6-8,26
minimize,general,6-8,26
partially,general,6-8,26
perceive,general,6-8,26
portable,general,6-8,26
abbreviation,general,6-8,25
converge,general,6-8,25
determination,general,6-8,25
flaw,general,6-8,25
mislead,general,6-8,25
persuasion,general,6-8,25
roughly,general,6-8,25
submersible,general,6-8,25
unbiased,general,6-8,25
unchanged,general,6-8,25
coherent,general,6-8,24
effectiveness,general,6-8,24
efficiently,general,6-8,24
incorporate,general,6-8,24
yearly,general,6-8,24
