version: 1.0,published: 04/09/2019,date queried: 01/10/2020,email: kepa.bengoetxea@ehu.eus,grade: 3,"domains: general, social_studies, math, science"

Word,Domain,Grade,Grade 3 Frequency
affect,general,3,111
organize,general,3,111
represent,general,3,110
critical,general,3,89
factor,general,3,77
separate,general,3,74
locate,general,3,62
prediction,general,3,61
operation,general,3,60
active,general,3,57
depend,general,3,56
section,general,3,56
term,general,3,55
hypothesis,general,3,52
link,general,3,52
focus,general,3,51
similar,general,3,50
standard,general,3,50
express,general,3,46
allow,general,3,45
statement,general,3,45
observation,general,3,43
suppose,general,3,43
improve,general,3,42
adaptation,general,3,40
invent,general,3,40
balance,general,3,37
develop,general,3,37
illustration,general,3,37
definition,general,3,36
display,general,3,35
opposite,general,3,34
phrase,general,3,33
visual,general,3,33
passage,general,3,32
description,general,3,31
interpret,general,3,31
nutrient,general,3,28
characteristic,general,3,27
challenge,general,3,26
determine,general,3,26
multiple,general,3,26
online,general,3,26
prefix,general,3,26
professor,general,3,26
revolve,general,3,26
situation,general,3,26
surround,general,3,26
visualize,general,3,26
combination,general,3,25
conserve,general,3,25
generalize,general,3,25
interact,general,3,25
knowledge,general,3,25
potential,general,3,25
relevant,general,3,25
behavior,general,3,24
evaluate,general,3,24
excite,general,3,23
explanation,general,3,23
interactive,general,3,23
declaration,general,3,22
phase,general,3,22
procedure,general,3,22
response,general,3,22
unique,general,3,22
average,general,3,21
occur,general,3,21
caption,general,3,20
representative,general,3,20
suffix,general,3,20
construct,general,3,19
content,general,3,19
farther,general,3,19
fluency,general,3,19
inherit,general,3,19
relationship,general,3,19
clearly,general,3,18
pronunciation,general,3,18
reasonableness,general,3,18
fraction,math,3,280
multiplication,math,3,248
divide,math,3,136
division,math,3,116
perimeter,math,3,116
multiply,math,3,106
distance,math,3,92
x,math,3,72
graphic,math,3,71
compute,math,3,67
scale,math,3,65
measurement,math,3,50
exercise,math,3,47
polygon,math,3,44
quadrilateral,math,3,44
weigh,math,3,44
algebra,math,3,39
expression,math,3,37
axis,math,3,36
variable,math,3,36
metric,math,3,32
zero,math,3,30
cone,math,3,29
commutative,math,3,28
parallelogram,math,3,27
millimeter,math,3,4
ecosystem,science,3,91
organism,science,3,54
adaptation,science,3,40
signal,science,3,38
milliliter,science,3,34
electrical,science,3,28
cell,science,3,27
reproduce,science,3,27
potential,science,3,25
atmosphere,science,3,24
renewable,science,3,23
disease,science,3,22
vertebrate,science,3,22
wedge,science,3,22
absorb,science,3,21
circuit,science,3,21
nonrenewable,science,3,21
crane,science,3,20
iguana,science,3,20
kinetic,science,3,20
tortoise,science,3,20
kilometer,science,3,19
lava,science,3,18
male,science,3,18
axle,science,3,17
pressure,science,3,17
rattlesnake,science,3,17
refract,science,3,17
alligator,science,3,16
carbon,science,3,16
germinate,science,3,16
microscope,science,3,16
dioxide,science,3,15
invertebrate,science,3,15
roadrunner,science,3,15
wildfire,science,3,15
freshwater,science,3,14
mercury,science,3,14
panda,science,3,14
screw,science,3,14
germ,science,3,13
igneous,science,3,13
sedimentary,science,3,13
aluminum,science,3,12
condensation,science,3,12
copper,science,3,12
magma,science,3,12
offspring,science,3,12
beam,science,3,11
conductor,science,3,11
frequency,science,3,11
metamorphic,science,3,11
plateau,science,3,11
spore,science,3,11
steam,science,3,11
thermal,science,3,11
tube,science,3,11
battery,science,3,10
compost,science,3,10
crystal,science,3,10
density,science,3,10
gasoline,science,3,10
sensory,science,3,10
chameleon,science,3,9
cord,science,3,9
metamorphosis,science,3,9
silt,science,3,9
topsoil,science,3,9
comet,science,3,8
decay,science,3,8
insulator,science,3,8
magnetism,science,3,8
mold,science,3,8
tide,science,3,8
wetlands,science,3,8
algae,science,3,7
blast,science,3,7
blob,science,3,7
droplet,science,3,7
granite,science,3,7
groundwater,science,3,7
landslide,science,3,7
locust,science,3,7
magnify,science,3,7
marsh,science,3,7
photosynthesis,science,3,7
prototype,science,3,7
species,science,3,7
tundra,science,3,7
turbine,science,3,7
vaccine,science,3,7
bolt,science,3,6
coniferous,science,3,6
eruption,science,3,6
imprint,science,3,6
laboratory,science,3,6
magnetic,science,3,6
mantle,science,3,6
microwave,science,3,6
moist,science,3,6
moss,science,3,6
moth,science,3,6
nerve,science,3,6
salty,science,3,6
sediment,science,3,6
transfer,science,3,6
woodpecker,science,3,6
asteroid,science,3,5
bedrock,science,3,5
billion,science,3,5
binocular,science,3,5
carnivore,science,3,5
deposit,science,3,5
erode,science,3,5
fir,science,3,5
healthful,science,3,5
herbivore,science,3,5
landfill,science,3,5
mechanical,science,3,5
meteorologist,science,3,5
mimicry,science,3,5
mound,science,3,5
nectar,science,3,5
petal,science,3,5
pollinate,science,3,5
reef,science,3,5
reservoir,science,3,5
robotic,science,3,5
rod,science,3,5
spacecraft,science,3,5
stalk,science,3,5
vinegar,science,3,5
windmill,science,3,5
bacteria,science,3,4
bamboo,science,3,4
bobcat,science,3,4
cheetah,science,3,4
chimpanzee,science,3,4
coil,science,3,4
conifer,science,3,4
deciduous,science,3,4
diversity,science,3,4
dolphin,science,3,4
faucet,science,3,4
fertilize,science,3,4
fluid,science,3,4
fulcrum,science,3,4
gear,science,3,4
geologist,science,3,4
honeybee,science,3,4
horizon,science,3,4
intestine,science,3,4
kangaroo,science,3,4
limestone,science,3,4
magnolia,science,3,4
millimeter,science,3,4
newton,science,3,4
observatory,science,3,4
omnivore,science,3,4
ore,science,3,4
ostrich,science,3,4
perch,science,3,4
polio,science,3,4
pollination,science,3,4
rainwater,science,3,4
redesign,science,3,4
spoonful,science,3,4
stratus,science,3,4
subsoil,science,3,4
survival,science,3,4
termite,science,3,4
transparency,science,3,4
transport,science,3,4
virus,science,3,4
yeast,science,3,4
latitude,social_studies,3,23
longitude,social_studies,3,22
western,social_studies,3,22
education,social_studies,3,21
settlement,social_studies,3,20
migration,social_studies,3,18
northeast,social_studies,3,16
ethnic,social_studies,3,15
legislative,social_studies,3,15
trial,social_studies,3,15
republic,social_studies,3,14
crew,social_studies,3,13
cultural,social_studies,3,13
export,social_studies,3,13
import,social_studies,3,13
international,social_studies,3,13
northwest,social_studies,3,13
economy,social_studies,3,12
judicial,social_studies,3,12
jury,social_studies,3,12
religion,social_studies,3,12
official,social_studies,3,11
seaport,social_studies,3,10
telegraph,social_studies,3,10
union,social_studies,3,10
church,social_studies,3,9
domain,social_studies,3,9
global,social_studies,3,9
industry,social_studies,3,9
port,social_studies,3,9
territory,social_studies,3,9
transcontinental,social_studies,3,9
amendment,social_studies,3,8
architecture,social_studies,3,8
canal,social_studies,3,8
disaster,social_studies,3,8
kingdom,social_studies,3,8
caribbean,social_studies,3,7
civilization,social_studies,3,7
duty,social_studies,3,7
economic,social_studies,3,7
generation,social_studies,3,7
imagery,social_studies,3,7
monarch,social_studies,3,7
countryside,social_studies,3,6
district,social_studies,3,6
immigration,social_studies,3,6
lumber,social_studies,3,6
mill,social_studies,3,6
religious,social_studies,3,6
tribe,social_studies,3,6
vegetation,social_studies,3,6
veto,social_studies,3,6
worship,social_studies,3,6
anthem,social_studies,3,5
enforce,social_studies,3,5
enslave,social_studies,3,5
govern,social_studies,3,5
landscape,social_studies,3,5
spice,social_studies,3,5
suffrage,social_studies,3,5
adobe,social_studies,3,4
appoint,social_studies,3,4
baron,social_studies,3,4
boom,social_studies,3,4
consent,social_studies,3,4
guilty,social_studies,3,4
homestead,social_studies,3,4
hopi,social_studies,3,4
immigrate,social_studies,3,4
lawyer,social_studies,3,4
locomotive,social_studies,3,4
merchant,social_studies,3,4
military,social_studies,3,4
minister,social_studies,3,4
patriot,social_studies,3,4
patriotism,social_studies,3,4
reap,social_studies,3,4
reservation,social_studies,3,4
tourist,social_studies,3,4
tribal,social_studies,3,4
waterway,social_studies,3,4
aesop,social_studies,3,3
beret,social_studies,3,3
boycott,social_studies,3,3
cabinet,social_studies,3,3
civic,social_studies,3,3
crossroad,social_studies,3,3
delegate,social_studies,3,3
empire,social_studies,3,3
entrepreneur,social_studies,3,3
farmland,social_studies,3,3
federal,social_studies,3,3
geographer,social_studies,3,3
geographic,social_studies,3,3
historian,social_studies,3,3
horseback,social_studies,3,3
irish,social_studies,3,3
jazz,social_studies,3,3
labor,social_studies,3,3
longhouse,social_studies,3,3
monk,social_studies,3,3
olmsted,social_studies,3,3
patriotic,social_studies,3,3
peacefully,social_studies,3,3
revolutionary,social_studies,3,3
scold,social_studies,3,3
smallpox,social_studies,3,3
temple,social_studies,3,3
tepee,social_studies,3,3
troop,social_studies,3,3
wealth,social_studies,3,3
advisor,social_studies,3,2
arrest,social_studies,3,2
boss,social_studies,3,2
colonize,social_studies,3,2
confederacy,social_studies,3,2
constitutional,social_studies,3,2
cooperation,social_studies,3,2
corps,social_studies,3,2
debt,social_studies,3,2
foreign,social_studies,3,2
guinea,social_studies,3,2
highland,social_studies,3,2
homeland,social_studies,3,2
inland,social_studies,3,2
invest,social_studies,3,2
livestock,social_studies,3,2
majority,social_studies,3,2
monarchy,social_studies,3,2
multicultural,social_studies,3,2
navigator,social_studies,3,2
nonprofit,social_studies,3,2
patrol,social_studies,3,2
payment,social_studies,3,2
phonetic,social_studies,3,2
pirate,social_studies,3,2
possession,social_studies,3,2
segregation,social_studies,3,2
seize,social_studies,3,2
staff,social_studies,3,2
terror,social_studies,3,2
tropic,social_studies,3,2
westward,social_studies,3,2
witness,social_studies,3,2
