version: 1.0,published: 04/09/2019,date queried: 01/10/2020,email: kepa.bengoetxea@ehu.eus,grade: 1,domains: general

Word,Domain,Grade,Grade 1 Frequency
lesson,general,1,367
each,general,1,246
solve,general,1,237
shape,general,1,229
sentence,general,1,225
grow,general,1,136
vocabulary,general,1,119
compare,general,1,112
chart,general,1,110
science,general,1,103
inquiry,general,1,95
addition,general,1,94
essential,general,1,88
pattern,general,1,86
explain,general,1,79
below,general,1,68
observe,general,1,61
activity,general,1,56
strategy,general,1,52
alike,general,1,48
resource,general,1,47
describe,general,1,46
detail,general,1,46
envision,general,1,46
large,general,1,45
complete,general,1,42
model,general,1,40
topic,general,1,38
natural,general,1,37
independent,general,1,36
predict,general,1,34
symbol,general,1,34
technology,general,1,30
estimate,general,1,29
