version: 1.0,published: 04/09/2019,date queried: 01/10/2020,email: kepa.bengoetxea@ehu.eus,grade: 1,domains: science

Word,Domain,Grade,Grade 1 Frequency
plant,science,1,267
earth,science,1,113
soil,science,1,71
seed,science,1,70
ocean,science,1,65
matter,science,1,60
energy,science,1,59
solid,science,1,56
material,science,1,45
scientist,science,1,45
heat,science,1,44
liquid,science,1,43
habitat,science,1,38
magnet,science,1,38
temperature,science,1,32
nonliving,science,1,31
gas,science,1,30
cycle,science,1,27
insect,science,1,25
lab,science,1,25
stem,science,1,25
shelter,science,1,24
electricity,science,1,22
plastic,science,1,22
gram,science,1,21
diagram,science,1,20
environment,science,1,19
shell,science,1,19
thermometer,science,1,18
pole,science,1,17
attract,science,1,16
engineer,science,1,16
giraffe,science,1,16
mass,science,1,14
reuse,science,1,14
ant,science,1,13
planet,science,1,13
elephant,science,1,12
caterpillar,science,1,11
gravity,science,1,11
liter,science,1,11
melt,science,1,11
metal,science,1,11
mixture,science,1,11
tadpole,science,1,11
astronaut,science,1,10
cub,science,1,10
mammal,science,1,10
motion,science,1,10
vapor,science,1,10
evaporate,science,1,9
hive,science,1,9
lens,science,1,9
lizard,science,1,9
seedling,science,1,9
dissolve,science,1,8
erosion,science,1,8
flow,science,1,8
pulley,science,1,8
reflect,science,1,8
wave,science,1,8
analog,science,1,7
beetle,science,1,7
foldable,science,1,7
fossil,science,1,7
iron,science,1,7
lever,science,1,7
reptile,science,1,7
rocket,science,1,7
snail,science,1,7
survive,science,1,7
tiger,science,1,7
wetland,science,1,7
dam,science,1,3
