version: 1.0,published: 04/09/2019,date queried: 01/10/2020,email: kepa.bengoetxea@ehu.eus,grade: 2,domains: general

Word,Domain,Grade,Grade 2 Frequency
form,general,2,110
event,general,2,107
clue,general,2,63
effect,general,2,62
amount,general,2,60
connect,general,2,57
example,general,2,57
reason,general,2,57
volume,general,2,57
comprehension,general,2,55
direction,general,2,54
purpose,general,2,54
illustrate,general,2,53
expository,general,2,51
opinion,general,2,48
value,general,2,48
contrast,general,2,47
during,general,2,47
retell,general,2,44
solution,general,2,44
contain,general,2,42
context,general,2,42
difference,general,2,42
design,general,2,40
summarize,general,2,40
paragraph,general,2,39
selection,general,2,39
sequence,general,2,38
fiction,general,2,37
web,general,2,36
mental,general,2,35
method,general,2,34
result,general,2,33
analyze,general,2,32
communicate,general,2,32
location,general,2,32
apply,general,2,31
classify,general,2,30
expand,general,2,29
recycle,general,2,29
carefully,general,2,28
interest,general,2,28
concept,general,2,27
infer,general,2,27
source,general,2,27
informational,general,2,26
process,general,2,25
revise,general,2,24
experience,general,2,23
correctly,general,2,22
preview,general,2,22
relate,general,2,22
system,general,2,22
investigate,general,2,21
toward,general,2,21
theme,general,2,20
