version: 1.0,published: 04/09/2019,date queried: 01/10/2020,email: kepa.bengoetxea@ehu.eus,grade: 5,domains: social_studies

Word,Domain,Grade,Grade 5 Frequency
aztec,social_studies,5,34
rebellion,social_studies,5,32
confederation,social_studies,5,28
parliament,social_studies,5,25
militia,social_studies,5,20
birthplace,social_studies,5,19
apprentice,social_studies,5,17
battlefield,social_studies,5,17
federalist,social_studies,5,17
annex,social_studies,5,15
shay,social_studies,5,15
tariff,social_studies,5,15
revolt,social_studies,5,14
conquistador,social_studies,5,13
massacre,social_studies,5,13
portuguese,social_studies,5,13
repeal,social_studies,5,13
indenture,social_studies,5,12
preamble,social_studies,5,12
rebel,social_studies,5,12
tsar,social_studies,5,12
viking,social_studies,5,12
accuse,social_studies,5,11
mormon,social_studies,5,11
regiment,social_studies,5,11
secretary,social_studies,5,11
alliance,social_studies,5,10
basketmaker,social_studies,5,10
burgess,social_studies,5,10
charter,social_studies,5,10
expansion,social_studies,5,10
indigo,social_studies,5,10
loyalist,social_studies,5,10
reserve,social_studies,5,10
artisan,social_studies,5,9
communist,social_studies,5,9
elector,social_studies,5,9
musket,social_studies,5,9
punishment,social_studies,5,9
raid,social_studies,5,9
warship,social_studies,5,9
communism,social_studies,5,8
leadership,social_studies,5,8
minutemen,social_studies,5,8
republican,social_studies,5,8
treason,social_studies,5,8
census,social_studies,5,7
civilian,social_studies,5,7
debtor,social_studies,5,7
decline,social_studies,5,7
muslim,social_studies,5,7
policy,social_studies,5,7
terrorist,social_studies,5,7
backcountry,social_studies,5,6
colonization,social_studies,5,6
enlist,social_studies,5,6
gunpowder,social_studies,5,6
homeless,social_studies,5,6
impeachment,social_studies,5,6
inflation,social_studies,5,6
mercenary,social_studies,5,6
outlaw,social_studies,5,6
proprietor,social_studies,5,6
providence,social_studies,5,6
ragtime,social_studies,5,6
ratification,social_studies,5,6
shipbuilder,social_studies,5,6
sought,social_studies,5,6
treasury,social_studies,5,6
ammunition,social_studies,5,5
arsenal,social_studies,5,5
corporation,social_studies,5,5
crisis,social_studies,5,5
currency,social_studies,5,5
doctrine,social_studies,5,5
hessian,social_studies,5,5
impeach,social_studies,5,5
jail,social_studies,5,5
manifest,social_studies,5,5
nazi,social_studies,5,5
oath,social_studies,5,5
preach,social_studies,5,5
prejudice,social_studies,5,5
privilege,social_studies,5,5
rival,social_studies,5,5
starvation,social_studies,5,5
vacancy,social_studies,5,5
abolition,social_studies,5,4
antifederalist,social_studies,5,4
assassinate,social_studies,5,4
clash,social_studies,5,4
conquest,social_studies,5,4
convict,social_studies,5,4
dissent,social_studies,5,4
domestic,social_studies,5,4
fugitive,social_studies,5,4
interchangeable,social_studies,5,4
isthmus,social_studies,5,4
legislation,social_studies,5,4
loyalty,social_studies,5,4
maize,social_studies,5,4
monopoly,social_studies,5,4
muckraker,social_studies,5,4
nominate,social_studies,5,4
outnumber,social_studies,5,4
poverty,social_studies,5,4
prohibit,social_studies,5,4
prosper,social_studies,5,4
provision,social_studies,5,4
repay,social_studies,5,4
runaway,social_studies,5,4
sectionalism,social_studies,5,4
shaman,social_studies,5,4
surplus,social_studies,5,4
suspense,social_studies,5,4
terrorism,social_studies,5,4
traitor,social_studies,5,4
widespread,social_studies,5,4
appointment,social_studies,5,3
assassination,social_studies,5,3
borderland,social_studies,5,3
brutal,social_studies,5,3
caravan,social_studies,5,3
caravel,social_studies,5,3
cemetery,social_studies,5,3
collective,social_studies,5,3
conqueror,social_studies,5,3
criticize,social_studies,5,3
crusade,social_studies,5,3
eligible,social_studies,5,3
enforcement,social_studies,5,3
entitle,social_studies,5,3
execute,social_studies,5,3
foreshadow,social_studies,5,3
garrison,social_studies,5,3
gospel,social_studies,5,3
governance,social_studies,5,3
harmony,social_studies,5,3
impose,social_studies,5,3
inauguration,social_studies,5,3
jurisdiction,social_studies,5,3
kidnap,social_studies,5,3
kiva,social_studies,5,3
mankind,social_studies,5,3
nationalism,social_studies,5,3
nationalist,social_studies,5,3
overcrowd,social_studies,5,3
overturn,social_studies,5,3
panic,social_studies,5,3
persecution,social_studies,5,3
pilgrimage,social_studies,5,3
prayer,social_studies,5,3
proprietary,social_studies,5,3
prosperity,social_studies,5,3
protestant,social_studies,5,3
quarrel,social_studies,5,3
redcoat,social_studies,5,3
refusal,social_studies,5,3
resign,social_studies,5,3
secretly,social_studies,5,3
separatist,social_studies,5,3
siege,social_studies,5,3
spiritual,social_studies,5,3
stampede,social_studies,5,3
supervise,social_studies,5,3
tribute,social_studies,5,3
unemployment,social_studies,5,3
warfare,social_studies,5,3
welfare,social_studies,5,3
artillery,social_studies,5,2
casualty,social_studies,5,2
criminal,social_studies,5,2
elaborate,social_studies,5,2
eleventh,social_studies,5,2
establishment,social_studies,5,2
famine,social_studies,5,2
federation,social_studies,5,2
grievance,social_studies,5,2
igloo,social_studies,5,2
impressment,social_studies,5,2
imprison,social_studies,5,2
ironclad,social_studies,5,2
lieutenant,social_studies,5,2
naturalization,social_studies,5,2
outcast,social_studies,5,2
philosopher,social_studies,5,2
qualification,social_studies,5,2
ration,social_studies,5,2
riot,social_studies,5,2
salute,social_studies,5,2
scandal,social_studies,5,2
solemnly,social_studies,5,2
sovereignty,social_studies,5,2
sympathy,social_studies,5,2
taxation,social_studies,5,2
temperance,social_studies,5,2
tempore,social_studies,5,2
torment,social_studies,5,2
tyranny,social_studies,5,2
tyrant,social_studies,5,2
unconstitutional,social_studies,5,2
