version: 1.0,published: 04/09/2019,date queried: 01/10/2020,email: kepa.bengoetxea@ehu.eus,grade: 9-12,domains: general

Word,Domain,Grade,Grade 9-12 Frequency
criticism,general,9-12,405
critically,general,9-12,360
depict,general,9-12,222
contemporary,general,9-12,211
increasingly,general,9-12,206
conference,general,9-12,201
induce,general,9-12,187
primarily,general,9-12,185
existence,general,9-12,182
devote,general,9-12,167
twentieth,general,9-12,156
retain,general,9-12,152
innovation,general,9-12,150
compel,general,9-12,148
dramatically,general,9-12,146
influential,general,9-12,146
sustain,general,9-12,146
elsewhere,general,9-12,145
nevertheless,general,9-12,142
capable,general,9-12,138
absence,general,9-12,133
moderate,general,9-12,131
marginal,general,9-12,128
perception,general,9-12,127
isolation,general,9-12,126
extensive,general,9-12,122
lifestyle,general,9-12,122
productive,general,9-12,122
distinctive,general,9-12,119
consumption,general,9-12,118
frequent,general,9-12,116
refine,general,9-12,114
distinction,general,9-12,111
merge,general,9-12,111
uncertainty,general,9-12,111
formulate,general,9-12,107
discipline,general,9-12,106
motivate,general,9-12,105
philosophical,general,9-12,105
consideration,general,9-12,104
readily,general,9-12,104
sharply,general,9-12,103
initially,general,9-12,102
descent,general,9-12,101
disrupt,general,9-12,100
disperse,general,9-12,99
evident,general,9-12,99
syntax,general,9-12,99
abundance,general,9-12,97
regain,general,9-12,97
tremendous,general,9-12,97
induction,general,9-12,96
devise,general,9-12,95
paradox,general,9-12,95
phenomenon,general,9-12,94
acknowledge,general,9-12,92
discourage,general,9-12,92
expel,general,9-12,91
archetype,general,9-12,90
implement,general,9-12,90
administer,general,9-12,89
confine,general,9-12,88
necessity,general,9-12,88
ongoing,general,9-12,88
physician,general,9-12,88
costly,general,9-12,87
transitional,general,9-12,86
supernatural,general,9-12,85
underlie,general,9-12,85
independently,general,9-12,84
renew,general,9-12,84
indirectly,general,9-12,83
differentiate,general,9-12,81
inferior,general,9-12,81
significantly,general,9-12,81
transcription,general,9-12,79
beneficial,general,9-12,78
intermediate,general,9-12,78
notion,general,9-12,78
tolerance,general,9-12,78
defect,general,9-12,77
incidence,general,9-12,77
patent,general,9-12,77
contradict,general,9-12,76
eternal,general,9-12,75
manual,general,9-12,75
counterclaim,general,9-12,73
cooperative,general,9-12,72
psychological,general,9-12,72
repeatedly,general,9-12,72
unequal,general,9-12,72
comprise,general,9-12,71
enrich,general,9-12,71
instruct,general,9-12,70
attain,general,9-12,69
diverge,general,9-12,69
advancement,general,9-12,68
designate,general,9-12,68
compile,general,9-12,67
cooperate,general,9-12,67
distort,general,9-12,67
diminish,general,9-12,66
profession,general,9-12,66
completion,general,9-12,65
permanently,general,9-12,65
plentiful,general,9-12,65
consequently,general,9-12,64
constitute,general,9-12,64
counterargument,general,9-12,64
dependence,general,9-12,64
resistant,general,9-12,64
omit,general,9-12,63
dominance,general,9-12,62
acceptance,general,9-12,61
adjustment,general,9-12,61
framework,general,9-12,61
undermine,general,9-12,61
validity,general,9-12,61
voluntary,general,9-12,61
deliberate,general,9-12,60
successive,general,9-12,60
merit,general,9-12,59
dilemma,general,9-12,58
precaution,general,9-12,58
subsequent,general,9-12,58
therapy,general,9-12,58
latter,general,9-12,57
nutrition,general,9-12,57
embody,general,9-12,56
abruptly,general,9-12,54
collaborative,general,9-12,54
consistently,general,9-12,54
lowering,general,9-12,54
overview,general,9-12,54
argumentative,general,9-12,52
uneven,general,9-12,52
unlikely,general,9-12,52
colleague,general,9-12,51
credible,general,9-12,51
notable,general,9-12,51
outlook,general,9-12,51
inward,general,9-12,50
nominative,general,9-12,50
plagiarism,general,9-12,50
intrigue,general,9-12,49
preservation,general,9-12,48
explicitly,general,9-12,47
fallacy,general,9-12,47
recur,general,9-12,47
deficiency,general,9-12,46
drawback,general,9-12,46
thorough,general,9-12,45
contradictory,general,9-12,44
duration,general,9-12,44
refute,general,9-12,44
copyright,general,9-12,43
discard,general,9-12,43
faulty,general,9-12,43
hereditary,general,9-12,43
inexpensive,general,9-12,43
loosely,general,9-12,43
respective,general,9-12,43
wane,general,9-12,43
concise,general,9-12,42
predictable,general,9-12,42
prominence,general,9-12,42
simplicity,general,9-12,42
sympathetic,general,9-12,42
withstand,general,9-12,42
appropriately,general,9-12,41
exclusion,general,9-12,41
remnant,general,9-12,41
abbreviate,general,9-12,40
aftermath,general,9-12,40
enjoyment,general,9-12,40
prescribe,general,9-12,40
comprehensive,general,9-12,39
deem,general,9-12,39
diagnose,general,9-12,39
periodically,general,9-12,39
affix,general,9-12,38
afflict,general,9-12,38
ascend,general,9-12,38
innovative,general,9-12,38
minimal,general,9-12,38
neatly,general,9-12,38
accessible,general,9-12,37
creativity,general,9-12,37
experimentation,general,9-12,37
intricate,general,9-12,37
premise,general,9-12,37
prevention,general,9-12,37
readiness,general,9-12,37
vigorously,general,9-12,37
affordable,general,9-12,36
authoritative,general,9-12,36
discern,general,9-12,36
dissimilar,general,9-12,36
implication,general,9-12,36
revolutionize,general,9-12,36
unclear,general,9-12,36
additionally,general,9-12,35
innate,general,9-12,35
likelihood,general,9-12,35
peculiar,general,9-12,35
speculation,general,9-12,35
chiefly,general,9-12,34
conform,general,9-12,34
indefinitely,general,9-12,34
orally,general,9-12,34
reliability,general,9-12,34
usable,general,9-12,33
accommodate,general,9-12,32
adequately,general,9-12,32
elapse,general,9-12,32
mainstream,general,9-12,32
noticeable,general,9-12,32
nuance,general,9-12,32
outweigh,general,9-12,32
progression,general,9-12,32
conversely,general,9-12,31
disprove,general,9-12,31
recreational,general,9-12,31
setback,general,9-12,31
counterpart,general,9-12,30
discourse,general,9-12,30
inaccurate,general,9-12,30
misuse,general,9-12,30
nonverbal,general,9-12,30
nurture,general,9-12,30
usefulness,general,9-12,30
archaeology,general,9-12,29
commonplace,general,9-12,29
dissatisfy,general,9-12,29
dual,general,9-12,29
excel,general,9-12,29
heed,general,9-12,29
implicit,general,9-12,29
jargon,general,9-12,29
milestone,general,9-12,29
reliance,general,9-12,29
sufficiently,general,9-12,29
cautious,general,9-12,28
certify,general,9-12,28
connotative,general,9-12,28
encouragement,general,9-12,28
exploitation,general,9-12,28
indication,general,9-12,28
monotonous,general,9-12,28
recognizable,general,9-12,28
scholarly,general,9-12,28
captivity,general,9-12,27
comparable,general,9-12,27
endurance,general,9-12,27
foremost,general,9-12,27
recede,general,9-12,27
aesthetic,general,9-12,26
annotation,general,9-12,26
assertion,general,9-12,26
assortment,general,9-12,26
concisely,general,9-12,26
durable,general,9-12,26
dwindle,general,9-12,26
esteem,general,9-12,26
inefficient,general,9-12,26
lifelong,general,9-12,26
nutritional,general,9-12,26
optimal,general,9-12,26
assimilate,general,9-12,25
continual,general,9-12,25
decorative,general,9-12,25
forceful,general,9-12,25
inconsistent,general,9-12,25
optimistic,general,9-12,25
prevalent,general,9-12,25
uncontrolled,general,9-12,25
unfavorable,general,9-12,25
unresolved,general,9-12,25
acknowledgement,general,9-12,24
discrepancy,general,9-12,24
drastically,general,9-12,24
fathom,general,9-12,24
fluctuate,general,9-12,24
fluctuation,general,9-12,24
ghostly,general,9-12,24
panelist,general,9-12,24
reappear,general,9-12,24
reconstruct,general,9-12,24
straightforward,general,9-12,24
vividly,general,9-12,24
alternatively,general,9-12,23
inclination,general,9-12,23
locally,general,9-12,23
majestic,general,9-12,23
mythical,general,9-12,23
mythological,general,9-12,23
routinely,general,9-12,23
unexpectedly,general,9-12,23
deformation,general,9-12,22
exemplify,general,9-12,22
flexibility,general,9-12,22
observable,general,9-12,22
annotate,general,9-12,21
collaborate,general,9-12,21
counteract,general,9-12,21
encompass,general,9-12,21
extensively,general,9-12,21
innermost,general,9-12,21
measurable,general,9-12,21
selectively,general,9-12,21
tolerant,general,9-12,21
wasteful,general,9-12,21
adorn,general,9-12,20
ensue,general,9-12,20
incorrectly,general,9-12,20
incur,general,9-12,20
indent,general,9-12,20
insightful,general,9-12,20
namely,general,9-12,20
nonessential,general,9-12,20
outright,general,9-12,20
advantageous,general,9-12,19
deprivation,general,9-12,19
equate,general,9-12,19
persistence,general,9-12,19
powerfully,general,9-12,19
promptly,general,9-12,19
thoughtfully,general,9-12,19
unintended,general,9-12,19
unreliable,general,9-12,19
versatile,general,9-12,19
alphabetical,general,9-12,18
astound,general,9-12,18
computerized,general,9-12,18
continuity,general,9-12,18
diagnosis,general,9-12,18
impair,general,9-12,18
initiation,general,9-12,18
knowledgeable,general,9-12,18
meager,general,9-12,18
medicinal,general,9-12,18
moderation,general,9-12,18
restrictive,general,9-12,18
unchanging,general,9-12,18
closeness,general,9-12,17
cohesive,general,9-12,17
consistency,general,9-12,17
cosmology,general,9-12,17
doubtful,general,9-12,17
favorably,general,9-12,17
finely,general,9-12,17
imagism,general,9-12,17
ingenuity,general,9-12,17
internationally,general,9-12,17
overtake,general,9-12,17
skeptical,general,9-12,17
stately,general,9-12,17
systematically,general,9-12,17
unconvincing,general,9-12,17
unravel,general,9-12,17
unused,general,9-12,17
allege,general,9-12,16
beforehand,general,9-12,16
elaboration,general,9-12,16
freshness,general,9-12,16
inclusion,general,9-12,16
inherently,general,9-12,16
jumble,general,9-12,16
perseverance,general,9-12,16
questionable,general,9-12,16
seminal,general,9-12,16
thinly,general,9-12,16
urgency,general,9-12,16
alternately,general,9-12,15
bolster,general,9-12,15
broadly,general,9-12,15
coherence,general,9-12,15
intentionally,general,9-12,15
invariably,general,9-12,15
jointly,general,9-12,15
unbroken,general,9-12,15
adjoin,general,9-12,14
anew,general,9-12,14
comfortably,general,9-12,14
meteorology,general,9-12,14
noteworthy,general,9-12,14
propagation,general,9-12,14
proportionally,general,9-12,14
societal,general,9-12,14
aeronautics,general,9-12,13
discontinuity,general,9-12,13
gritty,general,9-12,13
seaward,general,9-12,13
shortcoming,general,9-12,13
acronym,general,9-12,12
browse,general,9-12,12
bulky,general,9-12,12
clarification,general,9-12,12
elicit,general,9-12,12
facet,general,9-12,12
familiarity,general,9-12,12
furiously,general,9-12,12
harmonious,general,9-12,12
helplessly,general,9-12,12
manageable,general,9-12,12
quantify,general,9-12,12
readable,general,9-12,12
rediscover,general,9-12,12
terminology,general,9-12,12
unaffected,general,9-12,12
unwise,general,9-12,12
annoyance,general,9-12,11
confidently,general,9-12,11
foresee,general,9-12,11
identifiable,general,9-12,11
masterful,general,9-12,11
misinterpret,general,9-12,11
moderately,general,9-12,11
negation,general,9-12,11
nutritious,general,9-12,11
outset,general,9-12,11
successively,general,9-12,11
succumb,general,9-12,11
unrealistic,general,9-12,11
unsupported,general,9-12,11
validate,general,9-12,11
artistry,general,9-12,10
avid,general,9-12,10
botany,general,9-12,10
convincingly,general,9-12,10
fearsome,general,9-12,10
foundational,general,9-12,10
hesitant,general,9-12,10
miscellaneous,general,9-12,10
persuasively,general,9-12,10
reputable,general,9-12,10
rigidly,general,9-12,10
securely,general,9-12,10
tragically,general,9-12,10
expressively,general,9-12,9
formalize,general,9-12,9
leisurely,general,9-12,9
omission,general,9-12,9
originality,general,9-12,9
specification,general,9-12,9
ably,general,9-12,8
causal,general,9-12,8
delineate,general,9-12,8
entice,general,9-12,8
inaccessible,general,9-12,8
induct,general,9-12,8
noticeably,general,9-12,8
rigidity,general,9-12,8
unusable,general,9-12,8
warmly,general,9-12,8
allowable,general,9-12,7
assort,general,9-12,7
economical,general,9-12,7
excitedly,general,9-12,7
mesmerize,general,9-12,7
intonation,general,9-12,6
misconception,general,9-12,5
appropriateness,general,9-12,4
adage,general,9-12,3
phonics,general,9-12,0
unscramble,general,9-12,0
