version: 1.0,published: 04/09/2019,date queried: 01/10/2020,email: kepa.bengoetxea@ehu.eus,grade: 3,domains: math

Word,Domain,Grade,Grade 3 Frequency
fraction,math,3,280
multiplication,math,3,248
divide,math,3,136
division,math,3,116
perimeter,math,3,116
multiply,math,3,106
distance,math,3,92
x,math,3,72
graphic,math,3,71
compute,math,3,67
scale,math,3,65
measurement,math,3,50
exercise,math,3,47
polygon,math,3,44
quadrilateral,math,3,44
weigh,math,3,44
algebra,math,3,39
expression,math,3,37
axis,math,3,36
variable,math,3,36
metric,math,3,32
zero,math,3,30
cone,math,3,29
commutative,math,3,28
parallelogram,math,3,27
millimeter,math,3,4
