version: 1.0,published: 04/09/2019,date queried: 01/10/2020,email: kepa.bengoetxea@ehu.eus,grade: 3,domains: social_studies

Word,Domain,Grade,Grade 3 Frequency
latitude,social_studies,3,23
longitude,social_studies,3,22
western,social_studies,3,22
education,social_studies,3,21
settlement,social_studies,3,20
migration,social_studies,3,18
northeast,social_studies,3,16
ethnic,social_studies,3,15
legislative,social_studies,3,15
trial,social_studies,3,15
republic,social_studies,3,14
crew,social_studies,3,13
cultural,social_studies,3,13
export,social_studies,3,13
import,social_studies,3,13
international,social_studies,3,13
northwest,social_studies,3,13
economy,social_studies,3,12
judicial,social_studies,3,12
jury,social_studies,3,12
religion,social_studies,3,12
official,social_studies,3,11
seaport,social_studies,3,10
telegraph,social_studies,3,10
union,social_studies,3,10
church,social_studies,3,9
domain,social_studies,3,9
global,social_studies,3,9
industry,social_studies,3,9
port,social_studies,3,9
territory,social_studies,3,9
transcontinental,social_studies,3,9
amendment,social_studies,3,8
architecture,social_studies,3,8
canal,social_studies,3,8
disaster,social_studies,3,8
kingdom,social_studies,3,8
caribbean,social_studies,3,7
civilization,social_studies,3,7
duty,social_studies,3,7
economic,social_studies,3,7
generation,social_studies,3,7
imagery,social_studies,3,7
monarch,social_studies,3,7
countryside,social_studies,3,6
district,social_studies,3,6
immigration,social_studies,3,6
lumber,social_studies,3,6
mill,social_studies,3,6
religious,social_studies,3,6
tribe,social_studies,3,6
vegetation,social_studies,3,6
veto,social_studies,3,6
worship,social_studies,3,6
anthem,social_studies,3,5
enforce,social_studies,3,5
enslave,social_studies,3,5
govern,social_studies,3,5
landscape,social_studies,3,5
spice,social_studies,3,5
suffrage,social_studies,3,5
adobe,social_studies,3,4
appoint,social_studies,3,4
baron,social_studies,3,4
boom,social_studies,3,4
consent,social_studies,3,4
guilty,social_studies,3,4
homestead,social_studies,3,4
hopi,social_studies,3,4
immigrate,social_studies,3,4
lawyer,social_studies,3,4
locomotive,social_studies,3,4
merchant,social_studies,3,4
military,social_studies,3,4
minister,social_studies,3,4
patriot,social_studies,3,4
patriotism,social_studies,3,4
reap,social_studies,3,4
reservation,social_studies,3,4
tourist,social_studies,3,4
tribal,social_studies,3,4
waterway,social_studies,3,4
aesop,social_studies,3,3
beret,social_studies,3,3
boycott,social_studies,3,3
cabinet,social_studies,3,3
civic,social_studies,3,3
crossroad,social_studies,3,3
delegate,social_studies,3,3
empire,social_studies,3,3
entrepreneur,social_studies,3,3
farmland,social_studies,3,3
federal,social_studies,3,3
geographer,social_studies,3,3
geographic,social_studies,3,3
historian,social_studies,3,3
horseback,social_studies,3,3
irish,social_studies,3,3
jazz,social_studies,3,3
labor,social_studies,3,3
longhouse,social_studies,3,3
monk,social_studies,3,3
olmsted,social_studies,3,3
patriotic,social_studies,3,3
peacefully,social_studies,3,3
revolutionary,social_studies,3,3
scold,social_studies,3,3
smallpox,social_studies,3,3
temple,social_studies,3,3
tepee,social_studies,3,3
troop,social_studies,3,3
wealth,social_studies,3,3
advisor,social_studies,3,2
arrest,social_studies,3,2
boss,social_studies,3,2
colonize,social_studies,3,2
confederacy,social_studies,3,2
constitutional,social_studies,3,2
cooperation,social_studies,3,2
corps,social_studies,3,2
debt,social_studies,3,2
foreign,social_studies,3,2
guinea,social_studies,3,2
highland,social_studies,3,2
homeland,social_studies,3,2
inland,social_studies,3,2
invest,social_studies,3,2
livestock,social_studies,3,2
majority,social_studies,3,2
monarchy,social_studies,3,2
multicultural,social_studies,3,2
navigator,social_studies,3,2
nonprofit,social_studies,3,2
patrol,social_studies,3,2
payment,social_studies,3,2
phonetic,social_studies,3,2
pirate,social_studies,3,2
possession,social_studies,3,2
segregation,social_studies,3,2
seize,social_studies,3,2
staff,social_studies,3,2
terror,social_studies,3,2
tropic,social_studies,3,2
westward,social_studies,3,2
witness,social_studies,3,2
