version: 1.0,published: 04/09/2019,date queried: 01/10/2020,email: kepa.bengoetxea@ehu.eus,grade: 2,domains: social_studies

Word,Domain,Grade,Grade 2 Frequency
court,social_studies,2,20
region,social_studies,2,20
trail,social_studies,2,20
consume,social_studies,2,19
judge,social_studies,2,19
chief,social_studies,2,17
pronoun,social_studies,2,14
festival,social_studies,2,13
monument,social_studies,2,12
council,social_studies,2,11
election,social_studies,2,11
urban,social_studies,2,11
adverb,social_studies,2,10
rural,social_studies,2,10
tax,social_studies,2,10
barter,social_studies,2,9
colonist,social_studies,2,9
fable,social_studies,2,9
harvest,social_studies,2,9
income,social_studies,2,9
slavery,social_studies,2,9
railroad,social_studies,2,8
soldier,social_studies,2,8
cardinal,social_studies,2,7
equator,social_studies,2,7
petition,social_studies,2,7
artifact,social_studies,2,6
civil,social_studies,2,6
fought,social_studies,2,6
sue,social_studies,2,6
century,social_studies,2,5
demand,social_studies,2,5
electoral,social_studies,2,5
fort,social_studies,2,5
heritage,social_studies,2,5
peninsula,social_studies,2,5
predicate,social_studies,2,5
rainfall,social_studies,2,5
spirit,social_studies,2,5
suburban,social_studies,2,5
army,social_studies,2,4
battle,social_studies,2,4
british,social_studies,2,4
cliff,social_studies,2,4
democracy,social_studies,2,4
elect,social_studies,2,4
humorous,social_studies,2,4
league,social_studies,2,4
migrate,social_studies,2,4
motto,social_studies,2,4
revolution,social_studies,2,4
savanna,social_studies,2,4
simile,social_studies,2,4
slave,social_studies,2,4
turkey,social_studies,2,4
veteran,social_studies,2,4
ancestor,social_studies,2,3
ballot,social_studies,2,3
budget,social_studies,2,3
campaign,social_studies,2,3
candidate,social_studies,2,3
county,social_studies,2,3
enterprise,social_studies,2,3
harbor,social_studies,2,3
irrigate,social_studies,2,3
marketplace,social_studies,2,3
palace,social_studies,2,3
plow,social_studies,2,3
roam,social_studies,2,3
townspeople,social_studies,2,3
tropical,social_studies,2,3
agriculture,social_studies,2,2
alphabet,social_studies,2,2
batter,social_studies,2,2
buffalo,social_studies,2,2
cartoon,social_studies,2,2
colonial,social_studies,2,2
courthouse,social_studies,2,2
crown,social_studies,2,2
declare,social_studies,2,2
eastern,social_studies,2,2
economics,social_studies,2,2
emperor,social_studies,2,2
enemy,social_studies,2,2
executive,social_studies,2,2
figurative,social_studies,2,2
grant,social_studies,2,2
irrigation,social_studies,2,2
legislature,social_studies,2,2
longhorn,social_studies,2,2
manufacture,social_studies,2,2
meridian,social_studies,2,2
occupation,social_studies,2,2
political,social_studies,2,2
ree,social_studies,2,2
royal,social_studies,2,2
scarcity,social_studies,2,2
simmer,social_studies,2,2
slogan,social_studies,2,2
southwest,social_studies,2,2
stepsister,social_studies,2,2
