version: 1.0,published: 04/09/2019,date queried: 01/10/2020,email: kepa.bengoetxea@ehu.eus,grade: 6-8,domains: math

Word,Domain,Grade,Grade 6-8 Frequency
probability,math,6-8,1513
inequality,math,6-8,1502
theorem,math,6-8,1234
linear,math,6-8,1170
polynomial,math,6-8,903
h,math,6-8,902
quadratic,math,6-8,885
inverse,math,6-8,850
vertex,math,6-8,729
distribution,math,6-8,644
radius,math,6-8,641
correspond,math,6-8,615
integer,math,6-8,599
transformation,math,6-8,592
geometric,math,6-8,577
exponential,math,6-8,561
substitute,math,6-8,543
intersect,math,6-8,534
mathematics,math,6-8,505
parabola,math,6-8,483
rewrite,math,6-8,481
dimension,math,6-8,456
interior,math,6-8,407
maximum,math,6-8,400
arc,math,6-8,380
deviation,math,6-8,366
translation,math,6-8,366
coefficient,math,6-8,356
tangent,math,6-8,353
notation,math,6-8,351
arithmetic,math,6-8,349
geometry,math,6-8,334
sine,math,6-8,326
intersection,math,6-8,323
trigonometric,math,6-8,323
algebraic,math,6-8,319
cosine,math,6-8,317
conjecture,math,6-8,298
minimum,math,6-8,289
interval,math,6-8,274
trapezoid,math,6-8,274
scatter,math,6-8,269
sphere,math,6-8,260
quartile,math,6-8,259
diagonal,math,6-8,258
intercept,math,6-8,254
histogram,math,6-8,252
matrix,math,6-8,250
bisector,math,6-8,244
isosceles,math,6-8,244
binomial,math,6-8,243
dilation,math,6-8,236
congruence,math,6-8,234
midpoint,math,6-8,233
circumference,math,6-8,218
proportional,math,6-8,217
altitude,math,6-8,212
portion,math,6-8,209
approximate,math,6-8,203
pythagorean,math,6-8,200
logarithm,math,6-8,199
randomly,math,6-8,199
hypotenuse,math,6-8,197
exterior,math,6-8,192
mode,math,6-8,188
consecutive,math,6-8,187
postulate,math,6-8,187
substitution,math,6-8,183
reciprocal,math,6-8,178
simulation,math,6-8,178
lateral,math,6-8,171
circular,math,6-8,170
radian,math,6-8,169
supplementary,math,6-8,169
converse,math,6-8,165
correlation,math,6-8,162
equilateral,math,6-8,162
regression,math,6-8,159
symmetric,math,6-8,153
variability,math,6-8,152
adjacent,math,6-8,150
quadrant,math,6-8,150
recursive,math,6-8,147
calculation,math,6-8,138
permutation,math,6-8,135
residual,math,6-8,134
transversal,math,6-8,132
inscribe,math,6-8,131
polyhedron,math,6-8,119
multiplier,math,6-8,118
abstractly,math,6-8,117
bisect,math,6-8,117
theoretical,math,6-8,116
overlap,math,6-8,53
finite,math,6-8,37
