version: 1.0,published: 04/09/2019,date queried: 01/10/2020,email: kepa.bengoetxea@ehu.eus,grade: 2,"domains: general, social_studies, math, science"

Word,Domain,Grade,Grade 2 Frequency
form,general,2,110
event,general,2,107
clue,general,2,63
effect,general,2,62
amount,general,2,60
connect,general,2,57
example,general,2,57
reason,general,2,57
volume,general,2,57
comprehension,general,2,55
direction,general,2,54
purpose,general,2,54
illustrate,general,2,53
expository,general,2,51
opinion,general,2,48
value,general,2,48
contrast,general,2,47
during,general,2,47
retell,general,2,44
solution,general,2,44
contain,general,2,42
context,general,2,42
difference,general,2,42
design,general,2,40
summarize,general,2,40
paragraph,general,2,39
selection,general,2,39
sequence,general,2,38
fiction,general,2,37
web,general,2,36
mental,general,2,35
method,general,2,34
result,general,2,33
analyze,general,2,32
communicate,general,2,32
location,general,2,32
apply,general,2,31
classify,general,2,30
expand,general,2,29
recycle,general,2,29
carefully,general,2,28
interest,general,2,28
concept,general,2,27
infer,general,2,27
source,general,2,27
informational,general,2,26
process,general,2,25
revise,general,2,24
experience,general,2,23
correctly,general,2,22
preview,general,2,22
relate,general,2,22
system,general,2,22
investigate,general,2,21
toward,general,2,21
theme,general,2,20
length,math,2,105
centimeter,math,2,85
total,math,2,67
regroup,math,2,64
sum,math,2,64
area,math,2,62
volume,math,2,57
addend,math,2,40
product,math,2,37
least,math,2,34
digit,math,2,32
angle,math,2,31
equation,math,2,28
rectangle,math,2,28
triangle,math,2,27
round,math,2,25
penguin,science,2,32
landform,science,2,28
mineral,science,2,27
dinosaur,science,2,24
tornado,science,2,21
hurricane,science,2,19
solar,science,2,19
adapt,science,2,18
orbit,science,2,18
trait,science,2,18
beak,science,2,17
oil,science,2,17
shark,science,2,17
zone,science,2,16
backbone,science,2,15
climate,science,2,15
vibrate,science,2,15
whale,science,2,15
amphibian,science,2,14
palm,science,2,14
rhythm,science,2,14
volcano,science,2,14
cactus,science,2,13
healthy,science,2,13
human,science,2,13
constellation,science,2,12
pollen,science,2,12
compound,science,2,11
oxygen,science,2,11
physical,science,2,11
compass,science,2,10
footprint,science,2,10
muscle,science,2,10
oral,science,2,10
precipitation,science,2,10
texture,science,2,10
condense,science,2,9
fuel,science,2,9
grasshopper,science,2,9
jellyfish,science,2,9
kilogram,science,2,9
larva,science,2,9
monitor,science,2,9
parrot,science,2,9
prey,science,2,9
telescope,science,2,9
beaver,science,2,8
burrow,science,2,8
decompose,science,2,8
extinct,science,2,8
loop,science,2,8
lung,science,2,8
particle,science,2,8
pollution,science,2,8
predator,science,2,8
tissue,science,2,8
wire,science,2,8
acorn,science,2,7
chipmunk,science,2,7
equator,science,2,7
friction,science,2,7
level,science,2,7
robin,science,2,7
satellite,science,2,7
bulb,science,2,6
coal,science,2,6
coyote,science,2,6
crust,science,2,6
current,science,2,6
electric,science,2,6
gill,science,2,6
hedgehog,science,2,6
herd,science,2,6
mentally,science,2,6
pupa,science,2,6
shuttle,science,2,6
silver,science,2,6
underground,science,2,6
boil,science,2,5
camouflage,science,2,5
conservation,science,2,5
coral,science,2,5
crater,science,2,5
earthquake,science,2,5
evaporation,science,2,5
fern,science,2,5
filter,science,2,5
glacier,science,2,5
grassland,science,2,5
hemisphere,science,2,5
hibernate,science,2,5
nymph,science,2,5
otter,science,2,5
ramp,science,2,5
tilt,science,2,5
vibration,science,2,5
woodland,science,2,5
zebra,science,2,5
astronomer,science,2,4
boulder,science,2,4
chemical,science,2,4
contraction,science,2,4
drought,science,2,4
humus,science,2,4
loam,science,2,4
loudness,science,2,4
manatee,science,2,4
paleontologist,science,2,4
pollute,science,2,4
powder,science,2,4
raccoon,science,2,4
reflection,science,2,4
skeleton,science,2,4
sprout,science,2,4
strand,science,2,4
substance,science,2,4
dye,science,2,3
environmental,science,2,3
polar,science,2,3
court,social_studies,2,20
region,social_studies,2,20
trail,social_studies,2,20
consume,social_studies,2,19
judge,social_studies,2,19
chief,social_studies,2,17
pronoun,social_studies,2,14
festival,social_studies,2,13
monument,social_studies,2,12
council,social_studies,2,11
election,social_studies,2,11
urban,social_studies,2,11
adverb,social_studies,2,10
rural,social_studies,2,10
tax,social_studies,2,10
barter,social_studies,2,9
colonist,social_studies,2,9
fable,social_studies,2,9
harvest,social_studies,2,9
income,social_studies,2,9
slavery,social_studies,2,9
railroad,social_studies,2,8
soldier,social_studies,2,8
cardinal,social_studies,2,7
equator,social_studies,2,7
petition,social_studies,2,7
artifact,social_studies,2,6
civil,social_studies,2,6
fought,social_studies,2,6
sue,social_studies,2,6
century,social_studies,2,5
demand,social_studies,2,5
electoral,social_studies,2,5
fort,social_studies,2,5
heritage,social_studies,2,5
peninsula,social_studies,2,5
predicate,social_studies,2,5
rainfall,social_studies,2,5
spirit,social_studies,2,5
suburban,social_studies,2,5
army,social_studies,2,4
battle,social_studies,2,4
british,social_studies,2,4
cliff,social_studies,2,4
democracy,social_studies,2,4
elect,social_studies,2,4
humorous,social_studies,2,4
league,social_studies,2,4
migrate,social_studies,2,4
motto,social_studies,2,4
revolution,social_studies,2,4
savanna,social_studies,2,4
simile,social_studies,2,4
slave,social_studies,2,4
turkey,social_studies,2,4
veteran,social_studies,2,4
ancestor,social_studies,2,3
ballot,social_studies,2,3
budget,social_studies,2,3
campaign,social_studies,2,3
candidate,social_studies,2,3
county,social_studies,2,3
enterprise,social_studies,2,3
harbor,social_studies,2,3
irrigate,social_studies,2,3
marketplace,social_studies,2,3
palace,social_studies,2,3
plow,social_studies,2,3
roam,social_studies,2,3
townspeople,social_studies,2,3
tropical,social_studies,2,3
agriculture,social_studies,2,2
alphabet,social_studies,2,2
batter,social_studies,2,2
buffalo,social_studies,2,2
cartoon,social_studies,2,2
colonial,social_studies,2,2
courthouse,social_studies,2,2
crown,social_studies,2,2
declare,social_studies,2,2
eastern,social_studies,2,2
economics,social_studies,2,2
emperor,social_studies,2,2
enemy,social_studies,2,2
executive,social_studies,2,2
figurative,social_studies,2,2
grant,social_studies,2,2
irrigation,social_studies,2,2
legislature,social_studies,2,2
longhorn,social_studies,2,2
manufacture,social_studies,2,2
meridian,social_studies,2,2
occupation,social_studies,2,2
political,social_studies,2,2
ree,social_studies,2,2
royal,social_studies,2,2
scarcity,social_studies,2,2
simmer,social_studies,2,2
slogan,social_studies,2,2
southwest,social_studies,2,2
stepsister,social_studies,2,2
