version: 1.0,published: 04/09/2019,date queried: 01/10/2020,email: kepa.bengoetxea@ehu.eus,grade: 9-12,"domains: general, social_studies, math, science"

Word,Domain,Grade,Grade 9-12 Frequency
criticism,general,9-12,405
critically,general,9-12,360
depict,general,9-12,222
contemporary,general,9-12,211
increasingly,general,9-12,206
conference,general,9-12,201
induce,general,9-12,187
primarily,general,9-12,185
existence,general,9-12,182
devote,general,9-12,167
twentieth,general,9-12,156
retain,general,9-12,152
innovation,general,9-12,150
compel,general,9-12,148
dramatically,general,9-12,146
influential,general,9-12,146
sustain,general,9-12,146
elsewhere,general,9-12,145
nevertheless,general,9-12,142
capable,general,9-12,138
absence,general,9-12,133
moderate,general,9-12,131
marginal,general,9-12,128
perception,general,9-12,127
isolation,general,9-12,126
extensive,general,9-12,122
lifestyle,general,9-12,122
productive,general,9-12,122
distinctive,general,9-12,119
consumption,general,9-12,118
frequent,general,9-12,116
refine,general,9-12,114
distinction,general,9-12,111
merge,general,9-12,111
uncertainty,general,9-12,111
formulate,general,9-12,107
discipline,general,9-12,106
motivate,general,9-12,105
philosophical,general,9-12,105
consideration,general,9-12,104
readily,general,9-12,104
sharply,general,9-12,103
initially,general,9-12,102
descent,general,9-12,101
disrupt,general,9-12,100
disperse,general,9-12,99
evident,general,9-12,99
syntax,general,9-12,99
abundance,general,9-12,97
regain,general,9-12,97
tremendous,general,9-12,97
induction,general,9-12,96
devise,general,9-12,95
paradox,general,9-12,95
phenomenon,general,9-12,94
acknowledge,general,9-12,92
discourage,general,9-12,92
expel,general,9-12,91
archetype,general,9-12,90
implement,general,9-12,90
administer,general,9-12,89
confine,general,9-12,88
necessity,general,9-12,88
ongoing,general,9-12,88
physician,general,9-12,88
costly,general,9-12,87
transitional,general,9-12,86
supernatural,general,9-12,85
underlie,general,9-12,85
independently,general,9-12,84
renew,general,9-12,84
indirectly,general,9-12,83
differentiate,general,9-12,81
inferior,general,9-12,81
significantly,general,9-12,81
transcription,general,9-12,79
beneficial,general,9-12,78
intermediate,general,9-12,78
notion,general,9-12,78
tolerance,general,9-12,78
defect,general,9-12,77
incidence,general,9-12,77
patent,general,9-12,77
contradict,general,9-12,76
eternal,general,9-12,75
manual,general,9-12,75
counterclaim,general,9-12,73
cooperative,general,9-12,72
psychological,general,9-12,72
repeatedly,general,9-12,72
unequal,general,9-12,72
comprise,general,9-12,71
enrich,general,9-12,71
instruct,general,9-12,70
attain,general,9-12,69
diverge,general,9-12,69
advancement,general,9-12,68
designate,general,9-12,68
compile,general,9-12,67
cooperate,general,9-12,67
distort,general,9-12,67
diminish,general,9-12,66
profession,general,9-12,66
completion,general,9-12,65
permanently,general,9-12,65
plentiful,general,9-12,65
consequently,general,9-12,64
constitute,general,9-12,64
counterargument,general,9-12,64
dependence,general,9-12,64
resistant,general,9-12,64
omit,general,9-12,63
dominance,general,9-12,62
acceptance,general,9-12,61
adjustment,general,9-12,61
framework,general,9-12,61
undermine,general,9-12,61
validity,general,9-12,61
voluntary,general,9-12,61
deliberate,general,9-12,60
successive,general,9-12,60
merit,general,9-12,59
dilemma,general,9-12,58
precaution,general,9-12,58
subsequent,general,9-12,58
therapy,general,9-12,58
latter,general,9-12,57
nutrition,general,9-12,57
embody,general,9-12,56
abruptly,general,9-12,54
collaborative,general,9-12,54
consistently,general,9-12,54
lowering,general,9-12,54
overview,general,9-12,54
argumentative,general,9-12,52
uneven,general,9-12,52
unlikely,general,9-12,52
colleague,general,9-12,51
credible,general,9-12,51
notable,general,9-12,51
outlook,general,9-12,51
inward,general,9-12,50
nominative,general,9-12,50
plagiarism,general,9-12,50
intrigue,general,9-12,49
preservation,general,9-12,48
explicitly,general,9-12,47
fallacy,general,9-12,47
recur,general,9-12,47
deficiency,general,9-12,46
drawback,general,9-12,46
thorough,general,9-12,45
contradictory,general,9-12,44
duration,general,9-12,44
refute,general,9-12,44
copyright,general,9-12,43
discard,general,9-12,43
faulty,general,9-12,43
hereditary,general,9-12,43
inexpensive,general,9-12,43
loosely,general,9-12,43
respective,general,9-12,43
wane,general,9-12,43
concise,general,9-12,42
predictable,general,9-12,42
prominence,general,9-12,42
simplicity,general,9-12,42
sympathetic,general,9-12,42
withstand,general,9-12,42
appropriately,general,9-12,41
exclusion,general,9-12,41
remnant,general,9-12,41
abbreviate,general,9-12,40
aftermath,general,9-12,40
enjoyment,general,9-12,40
prescribe,general,9-12,40
comprehensive,general,9-12,39
deem,general,9-12,39
diagnose,general,9-12,39
periodically,general,9-12,39
affix,general,9-12,38
afflict,general,9-12,38
ascend,general,9-12,38
innovative,general,9-12,38
minimal,general,9-12,38
neatly,general,9-12,38
accessible,general,9-12,37
creativity,general,9-12,37
experimentation,general,9-12,37
intricate,general,9-12,37
premise,general,9-12,37
prevention,general,9-12,37
readiness,general,9-12,37
vigorously,general,9-12,37
affordable,general,9-12,36
authoritative,general,9-12,36
discern,general,9-12,36
dissimilar,general,9-12,36
implication,general,9-12,36
revolutionize,general,9-12,36
unclear,general,9-12,36
additionally,general,9-12,35
innate,general,9-12,35
likelihood,general,9-12,35
peculiar,general,9-12,35
speculation,general,9-12,35
chiefly,general,9-12,34
conform,general,9-12,34
indefinitely,general,9-12,34
orally,general,9-12,34
reliability,general,9-12,34
usable,general,9-12,33
accommodate,general,9-12,32
adequately,general,9-12,32
elapse,general,9-12,32
mainstream,general,9-12,32
noticeable,general,9-12,32
nuance,general,9-12,32
outweigh,general,9-12,32
progression,general,9-12,32
conversely,general,9-12,31
disprove,general,9-12,31
recreational,general,9-12,31
setback,general,9-12,31
counterpart,general,9-12,30
discourse,general,9-12,30
inaccurate,general,9-12,30
misuse,general,9-12,30
nonverbal,general,9-12,30
nurture,general,9-12,30
usefulness,general,9-12,30
archaeology,general,9-12,29
commonplace,general,9-12,29
dissatisfy,general,9-12,29
dual,general,9-12,29
excel,general,9-12,29
heed,general,9-12,29
implicit,general,9-12,29
jargon,general,9-12,29
milestone,general,9-12,29
reliance,general,9-12,29
sufficiently,general,9-12,29
cautious,general,9-12,28
certify,general,9-12,28
connotative,general,9-12,28
encouragement,general,9-12,28
exploitation,general,9-12,28
indication,general,9-12,28
monotonous,general,9-12,28
recognizable,general,9-12,28
scholarly,general,9-12,28
captivity,general,9-12,27
comparable,general,9-12,27
endurance,general,9-12,27
foremost,general,9-12,27
recede,general,9-12,27
aesthetic,general,9-12,26
annotation,general,9-12,26
assertion,general,9-12,26
assortment,general,9-12,26
concisely,general,9-12,26
durable,general,9-12,26
dwindle,general,9-12,26
esteem,general,9-12,26
inefficient,general,9-12,26
lifelong,general,9-12,26
nutritional,general,9-12,26
optimal,general,9-12,26
assimilate,general,9-12,25
continual,general,9-12,25
decorative,general,9-12,25
forceful,general,9-12,25
inconsistent,general,9-12,25
optimistic,general,9-12,25
prevalent,general,9-12,25
uncontrolled,general,9-12,25
unfavorable,general,9-12,25
unresolved,general,9-12,25
acknowledgement,general,9-12,24
discrepancy,general,9-12,24
drastically,general,9-12,24
fathom,general,9-12,24
fluctuate,general,9-12,24
fluctuation,general,9-12,24
ghostly,general,9-12,24
panelist,general,9-12,24
reappear,general,9-12,24
reconstruct,general,9-12,24
straightforward,general,9-12,24
vividly,general,9-12,24
alternatively,general,9-12,23
inclination,general,9-12,23
locally,general,9-12,23
majestic,general,9-12,23
mythical,general,9-12,23
mythological,general,9-12,23
routinely,general,9-12,23
unexpectedly,general,9-12,23
deformation,general,9-12,22
exemplify,general,9-12,22
flexibility,general,9-12,22
observable,general,9-12,22
annotate,general,9-12,21
collaborate,general,9-12,21
counteract,general,9-12,21
encompass,general,9-12,21
extensively,general,9-12,21
innermost,general,9-12,21
measurable,general,9-12,21
selectively,general,9-12,21
tolerant,general,9-12,21
wasteful,general,9-12,21
adorn,general,9-12,20
ensue,general,9-12,20
incorrectly,general,9-12,20
incur,general,9-12,20
indent,general,9-12,20
insightful,general,9-12,20
namely,general,9-12,20
nonessential,general,9-12,20
outright,general,9-12,20
advantageous,general,9-12,19
deprivation,general,9-12,19
equate,general,9-12,19
persistence,general,9-12,19
powerfully,general,9-12,19
promptly,general,9-12,19
thoughtfully,general,9-12,19
unintended,general,9-12,19
unreliable,general,9-12,19
versatile,general,9-12,19
alphabetical,general,9-12,18
astound,general,9-12,18
computerized,general,9-12,18
continuity,general,9-12,18
diagnosis,general,9-12,18
impair,general,9-12,18
initiation,general,9-12,18
knowledgeable,general,9-12,18
meager,general,9-12,18
medicinal,general,9-12,18
moderation,general,9-12,18
restrictive,general,9-12,18
unchanging,general,9-12,18
closeness,general,9-12,17
cohesive,general,9-12,17
consistency,general,9-12,17
cosmology,general,9-12,17
doubtful,general,9-12,17
favorably,general,9-12,17
finely,general,9-12,17
imagism,general,9-12,17
ingenuity,general,9-12,17
internationally,general,9-12,17
overtake,general,9-12,17
skeptical,general,9-12,17
stately,general,9-12,17
systematically,general,9-12,17
unconvincing,general,9-12,17
unravel,general,9-12,17
unused,general,9-12,17
allege,general,9-12,16
beforehand,general,9-12,16
elaboration,general,9-12,16
freshness,general,9-12,16
inclusion,general,9-12,16
inherently,general,9-12,16
jumble,general,9-12,16
perseverance,general,9-12,16
questionable,general,9-12,16
seminal,general,9-12,16
thinly,general,9-12,16
urgency,general,9-12,16
alternately,general,9-12,15
bolster,general,9-12,15
broadly,general,9-12,15
coherence,general,9-12,15
intentionally,general,9-12,15
invariably,general,9-12,15
jointly,general,9-12,15
unbroken,general,9-12,15
adjoin,general,9-12,14
anew,general,9-12,14
comfortably,general,9-12,14
meteorology,general,9-12,14
noteworthy,general,9-12,14
propagation,general,9-12,14
proportionally,general,9-12,14
societal,general,9-12,14
aeronautics,general,9-12,13
discontinuity,general,9-12,13
gritty,general,9-12,13
seaward,general,9-12,13
shortcoming,general,9-12,13
acronym,general,9-12,12
browse,general,9-12,12
bulky,general,9-12,12
clarification,general,9-12,12
elicit,general,9-12,12
facet,general,9-12,12
familiarity,general,9-12,12
furiously,general,9-12,12
harmonious,general,9-12,12
helplessly,general,9-12,12
manageable,general,9-12,12
quantify,general,9-12,12
readable,general,9-12,12
rediscover,general,9-12,12
terminology,general,9-12,12
unaffected,general,9-12,12
unwise,general,9-12,12
annoyance,general,9-12,11
confidently,general,9-12,11
foresee,general,9-12,11
identifiable,general,9-12,11
masterful,general,9-12,11
misinterpret,general,9-12,11
moderately,general,9-12,11
negation,general,9-12,11
nutritious,general,9-12,11
outset,general,9-12,11
successively,general,9-12,11
succumb,general,9-12,11
unrealistic,general,9-12,11
unsupported,general,9-12,11
validate,general,9-12,11
artistry,general,9-12,10
avid,general,9-12,10
botany,general,9-12,10
convincingly,general,9-12,10
fearsome,general,9-12,10
foundational,general,9-12,10
hesitant,general,9-12,10
miscellaneous,general,9-12,10
persuasively,general,9-12,10
reputable,general,9-12,10
rigidly,general,9-12,10
securely,general,9-12,10
tragically,general,9-12,10
expressively,general,9-12,9
formalize,general,9-12,9
leisurely,general,9-12,9
omission,general,9-12,9
originality,general,9-12,9
specification,general,9-12,9
ably,general,9-12,8
causal,general,9-12,8
delineate,general,9-12,8
entice,general,9-12,8
inaccessible,general,9-12,8
induct,general,9-12,8
noticeably,general,9-12,8
rigidity,general,9-12,8
unusable,general,9-12,8
warmly,general,9-12,8
allowable,general,9-12,7
assort,general,9-12,7
economical,general,9-12,7
excitedly,general,9-12,7
mesmerize,general,9-12,7
intonation,general,9-12,6
misconception,general,9-12,5
appropriateness,general,9-12,4
adage,general,9-12,3
phonics,general,9-12,0
unscramble,general,9-12,0
calorie,math,9-12,130
horizontally,math,9-12,98
orientation,math,9-12,96
complementary,math,9-12,95
vertically,math,9-12,86
counterclockwise,math,9-12,84
matrices,math,9-12,83
scatterplot,math,9-12,81
conjugate,math,9-12,77
logarithmic,math,9-12,76
corollary,math,9-12,75
elimination,math,9-12,75
trillion,math,9-12,69
radii,math,9-12,67
equidistant,math,9-12,65
dimensional,math,9-12,64
inversely,math,9-12,61
endpoint,math,9-12,59
asymptote,math,9-12,57
nonlinear,math,9-12,57
algorithm,math,9-12,56
discrete,math,9-12,55
clockwise,math,9-12,54
nonzero,math,9-12,53
oval,math,9-12,53
mathematically,math,9-12,51
constraint,math,9-12,50
algebraically,math,9-12,49
concurrent,math,9-12,46
hexagon,math,9-12,46
proportionality,math,9-12,46
spreadsheet,math,9-12,45
trinomial,math,9-12,45
maximize,math,9-12,44
midpoints,math,9-12,44
parameter,math,9-12,44
approximation,math,9-12,43
equivalence,math,9-12,42
straightedge,math,9-12,42
infinity,math,9-12,41
parabolic,math,9-12,41
secant,math,9-12,41
counterexample,math,9-12,40
fractional,math,9-12,40
graphically,math,9-12,40
numeral,math,9-12,39
integral,math,9-12,38
skew,math,9-12,38
parametric,math,9-12,37
piecewise,math,9-12,37
centroid,math,9-12,36
cylindrical,math,9-12,36
undefined,math,9-12,34
concurrency,math,9-12,33
protractor,math,9-12,32
trigonometry,math,9-12,32
iteration,math,9-12,30
derivative,math,9-12,29
graphical,math,9-12,29
iterate,math,9-12,29
concentric,math,9-12,28
scalar,math,9-12,27
percentile,math,9-12,26
collinear,math,9-12,25
sigma,math,9-12,25
shorthand,math,9-12,23
coplanar,math,9-12,22
exponentially,math,9-12,22
oblique,math,9-12,22
computation,math,9-12,21
discriminant,math,9-12,21
boxplot,math,9-12,20
enlargement,math,9-12,20
categorical,math,9-12,19
contrapositive,math,9-12,19
equiangular,math,9-12,19
halve,math,9-12,19
hexagonal,math,9-12,19
depreciation,math,9-12,18
factorial,math,9-12,18
scalene,math,9-12,18
symmetrical,math,9-12,18
foci,math,9-12,17
multiplicative,math,9-12,17
octagon,math,9-12,17
quantitatively,math,9-12,17
hyperbola,math,9-12,16
midline,math,9-12,16
apex,math,9-12,15
nonvertical,math,9-12,15
quartic,math,9-12,15
subset,math,9-12,15
cotangent,math,9-12,14
lox,math,9-12,14
prerequisite,math,9-12,14
redraw,math,9-12,14
tangency,math,9-12,14
adjacency,math,9-12,13
randomization,math,9-12,13
geometrically,math,9-12,12
skydiver,math,9-12,12
statistician,math,9-12,12
tetrahedron,math,9-12,12
visualization,math,9-12,12
isometric,math,9-12,11
numeric,math,9-12,11
numerically,math,9-12,11
placebo,math,9-12,11
recursion,math,9-12,11
simplification,math,9-12,11
bungee,math,9-12,10
extrapolate,math,9-12,10
megawatt,math,9-12,10
causation,math,9-12,9
decagon,math,9-12,9
interchange,math,9-12,9
noncollinear,math,9-12,9
nonnegative,math,9-12,9
coterminal,math,9-12,7
truss,math,9-12,7
recursively,math,9-12,6
removable,math,9-12,6
impedance,math,9-12,5
interpolation,math,9-12,5
nonadjacent,math,9-12,5
bivariate,math,9-12,4
cofunction,math,9-12,4
decimeter,math,9-12,4
dodecagon,math,9-12,4
pentagonal,math,9-12,4
markup,math,9-12,2
polygonal,math,9-12,2
polyhedra,math,9-12,2
rhombi,math,9-12,2
gigabyte,math,9-12,1
heptagon,math,9-12,1
keystroke,math,9-12,1
tabular,math,9-12,1
multidigit,math,9-12,0
tangram,math,9-12,0
ungroup,math,9-12,0
mol,science,9-12,354
molar,science,9-12,258
angular,science,9-12,204
configuration,science,9-12,200
induce,science,9-12,187
aqueous,science,9-12,183
oxidize,science,9-12,162
redox,science,9-12,129
torque,science,9-12,124
entropy,science,9-12,112
productivity,science,9-12,107
gamete,science,9-12,106
alkane,science,9-12,103
quantum,science,9-12,103
disperse,science,9-12,99
ionization,science,9-12,98
sublevel,science,9-12,97
buffer,science,9-12,96
cathode,science,9-12,96
induction,science,9-12,96
enthalpy,science,9-12,95
capacitor,science,9-12,94
anion,science,9-12,92
cation,science,9-12,91
fringe,science,9-12,91
soluble,science,9-12,91
ionize,science,9-12,87
molarity,science,9-12,81
isomers,science,9-12,79
grate,science,9-12,76
sucrose,science,9-12,76
harmonic,science,9-12,75
spectra,science,9-12,73
secrete,science,9-12,72
glycolysis,science,9-12,70
hydrate,science,9-12,69
interstellar,science,9-12,69
acetic,science,9-12,67
ammonium,science,9-12,67
relativity,science,9-12,67
stabilize,science,9-12,67
polymerase,science,9-12,66
regulatory,science,9-12,66
subatomic,science,9-12,62
electronegativity,science,9-12,60
nucleon,science,9-12,59
sporophyte,science,9-12,59
aggregate,science,9-12,58
quark,science,9-12,58
deplete,science,9-12,57
electrolysis,science,9-12,57
polarity,science,9-12,56
radioisotope,science,9-12,56
cladogram,science,9-12,55
titration,science,9-12,54
barium,science,9-12,53
stellar,science,9-12,53
fluoride,science,9-12,52
forensic,science,9-12,51
positron,science,9-12,51
stewardship,science,9-12,51
benzene,science,9-12,50
chromium,science,9-12,50
manganese,science,9-12,50
adaptive,science,9-12,49
silicate,science,9-12,49
specialization,science,9-12,48
octet,science,9-12,47
oscillate,science,9-12,47
lineage,science,9-12,46
bombard,science,9-12,45
curvature,science,9-12,45
lattice,science,9-12,45
spontaneously,science,9-12,45
arsenic,science,9-12,44
calorimeter,science,9-12,44
octave,science,9-12,44
steroid,science,9-12,44
desalination,science,9-12,43
meristem,science,9-12,43
metabolic,science,9-12,43
thylakoid,science,9-12,43
alkyl,science,9-12,42
nitric,science,9-12,42
tangential,science,9-12,42
vesicle,science,9-12,42
flux,science,9-12,41
photoelectric,science,9-12,41
colloidal,science,9-12,40
drainage,science,9-12,40
halo,science,9-12,40
immerse,science,9-12,40
insoluble,science,9-12,40
iodide,science,9-12,40
parasitic,science,9-12,40
colloid,science,9-12,39
diversify,science,9-12,39
geological,science,9-12,39
lactic,science,9-12,39
modification,science,9-12,39
substrate,science,9-12,39
corrosion,science,9-12,38
neutralize,science,9-12,38
reversible,science,9-12,38
typhoon,science,9-12,38
uniformly,science,9-12,38
anterior,science,9-12,37
electrostatic,science,9-12,37
elongate,science,9-12,37
phospholipid,science,9-12,37
recombinant,science,9-12,37
amine,science,9-12,36
dissociate,science,9-12,36
methyl,science,9-12,36
peptide,science,9-12,36
speciation,science,9-12,36
aromatic,science,9-12,35
deform,science,9-12,35
embryonic,science,9-12,35
impurity,science,9-12,35
weld,science,9-12,35
bromide,science,9-12,34
capacitance,science,9-12,34
clade,science,9-12,34
coulomb,science,9-12,34
electrolytic,science,9-12,34
ether,science,9-12,34
globular,science,9-12,34
phytoplankton,science,9-12,34
polypeptide,science,9-12,34
quasar,science,9-12,34
accumulation,science,9-12,33
climatic,science,9-12,33
cortex,science,9-12,33
dissociation,science,9-12,33
intermolecular,science,9-12,33
polarization,science,9-12,33
porous,science,9-12,33
strontium,science,9-12,33
transmutation,science,9-12,33
ammeter,science,9-12,32
cyanobacteria,science,9-12,32
differentiation,science,9-12,32
eccentricity,science,9-12,32
ethylene,science,9-12,32
inhibit,science,9-12,32
operon,science,9-12,32
accelerator,science,9-12,31
adenine,science,9-12,31
nitrogenous,science,9-12,31
polonium,science,9-12,31
spindle,science,9-12,31
supplemental,science,9-12,31
tempest,science,9-12,31
thane,science,9-12,31
acetate,science,9-12,30
biochemical,science,9-12,30
carboxylic,science,9-12,30
coli,science,9-12,30
diatomic,science,9-12,30
photosystem,science,9-12,30
repulsion,science,9-12,30
supersaturated,science,9-12,30
theorize,science,9-12,30
voltmeter,science,9-12,30
adiabatic,science,9-12,29
dipole,science,9-12,29
dissipate,science,9-12,29
ingest,science,9-12,29
mesoderm,science,9-12,29
negligible,science,9-12,29
neurotransmitt,science,9-12,29
nodule,science,9-12,29
radiometric,science,9-12,29
schematic,science,9-12,29
aldehyde,science,9-12,28
amniote,science,9-12,28
ecliptic,science,9-12,28
electronegative,science,9-12,28
hydroxyl,science,9-12,28
leach,science,9-12,28
methanol,science,9-12,28
monosaccharide,science,9-12,28
phylogenetic,science,9-12,28
planetesimal,science,9-12,28
polysaccharide,science,9-12,28
radium,science,9-12,28
recharge,science,9-12,28
template,science,9-12,28
thymine,science,9-12,28
transcribe,science,9-12,28
aberration,science,9-12,27
anaerobic,science,9-12,27
chemlab,science,9-12,27
citric,science,9-12,27
cotyledon,science,9-12,27
germination,science,9-12,27
metamorphism,science,9-12,27
posterior,science,9-12,27
spectrometer,science,9-12,27
volatile,science,9-12,27
aperture,science,9-12,26
apical,science,9-12,26
dissect,science,9-12,26
germanium,science,9-12,26
hound,science,9-12,26
lactose,science,9-12,26
moraine,science,9-12,26
nocturnal,science,9-12,26
oppositely,science,9-12,26
pipet,science,9-12,26
sickle,science,9-12,26
aerosol,science,9-12,25
analogous,science,9-12,25
carboxyl,science,9-12,25
detritus,science,9-12,25
ethane,science,9-12,25
forestry,science,9-12,25
herbicide,science,9-12,25
mortar,science,9-12,25
stoichiometry,science,9-12,25
titanium,science,9-12,25
transgenic,science,9-12,25
albatross,science,9-12,24
allergen,science,9-12,24
bauxite,science,9-12,24
covalently,science,9-12,24
ethyl,science,9-12,24
lac,science,9-12,24
leech,science,9-12,24
mammalian,science,9-12,24
microgravity,science,9-12,24
microtubule,science,9-12,24
regenerate,science,9-12,24
replenish,science,9-12,24
reversal,science,9-12,24
albedo,science,9-12,23
butane,science,9-12,23
coolant,science,9-12,23
diffract,science,9-12,23
fungal,science,9-12,23
hydrolysis,science,9-12,23
lobe,science,9-12,23
parenchyma,science,9-12,23
pipette,science,9-12,23
polyethylene,science,9-12,23
prion,science,9-12,23
pyruvic,science,9-12,23
saturation,science,9-12,23
secretion,science,9-12,23
soot,science,9-12,23
spawn,science,9-12,23
taxonomic,science,9-12,23
tungsten,science,9-12,23
undesirable,science,9-12,23
actin,science,9-12,22
adrenal,science,9-12,22
alteration,science,9-12,22
alternation,science,9-12,22
aquaculture,science,9-12,22
biofuel,science,9-12,22
clone,science,9-12,22
convergence,science,9-12,22
diesel,science,9-12,22
ecotourism,science,9-12,22
ester,science,9-12,22
extraction,science,9-12,22
follicle,science,9-12,22
galactic,science,9-12,22
globally,science,9-12,22
mesophyll,science,9-12,22
mirage,science,9-12,22
mitochondrial,science,9-12,22
overgrazing,science,9-12,22
regolith,science,9-12,22
sludge,science,9-12,22
subduct,science,9-12,22
acceptor,science,9-12,21
cadmium,science,9-12,21
cartilaginous,science,9-12,21
chitin,science,9-12,21
crayfish,science,9-12,21
cytosine,science,9-12,21
daffodil,science,9-12,21
deflection,science,9-12,21
deuterostome,science,9-12,21
disintegrate,science,9-12,21
dormancy,science,9-12,21
environmentally,science,9-12,21
experimentally,science,9-12,21
guanine,science,9-12,21
neural,science,9-12,21
quantized,science,9-12,21
alignment,science,9-12,20
alkyne,science,9-12,20
arachnid,science,9-12,20
aroma,science,9-12,20
autonomic,science,9-12,20
beryllium,science,9-12,20
capsid,science,9-12,20
carbonyl,science,9-12,20
cesium,science,9-12,20
dependency,science,9-12,20
ductile,science,9-12,20
ectotherm,science,9-12,20
ejecta,science,9-12,20
electroscope,science,9-12,20
fleshy,science,9-12,20
floodplain,science,9-12,20
gallium,science,9-12,20
glycerol,science,9-12,20
inert,science,9-12,20
insecticide,science,9-12,20
magenta,science,9-12,20
nourishment,science,9-12,20
perennial,science,9-12,20
polygenic,science,9-12,20
retrogradations,science,9-12,20
sheath,science,9-12,20
substituent,science,9-12,20
subunit,science,9-12,20
swab,science,9-12,20
thermochemical,science,9-12,20
trajectory,science,9-12,20
triglyceride,science,9-12,20
allergic,science,9-12,19
breccia,science,9-12,19
buckyball,science,9-12,19
cambium,science,9-12,19
catalytic,science,9-12,19
chromatography,science,9-12,19
dope,science,9-12,19
effusion,science,9-12,19
emerald,science,9-12,19
estrogen,science,9-12,19
ethyne,science,9-12,19
eyelid,science,9-12,19
fetal,science,9-12,19
fructose,science,9-12,19
hybridization,science,9-12,19
interbreed,science,9-12,19
intron,science,9-12,19
karyotype,science,9-12,19
lamprey,science,9-12,19
legume,science,9-12,19
macroscopic,science,9-12,19
nonmetallic,science,9-12,19
optics,science,9-12,19
pacemaker,science,9-12,19
protista,science,9-12,19
repressor,science,9-12,19
solvation,science,9-12,19
stoichiometric,science,9-12,19
streamline,science,9-12,19
systemic,science,9-12,19
tetrapod,science,9-12,19
adhesive,science,9-12,18
bivalve,science,9-12,18
carcinogen,science,9-12,18
commercially,science,9-12,18
contaminant,science,9-12,18
copepod,science,9-12,18
crosscutting,science,9-12,18
detection,science,9-12,18
disaccharide,science,9-12,18
ectoderm,science,9-12,18
endoderm,science,9-12,18
energize,science,9-12,18
fragmentation,science,9-12,18
gibberellin,science,9-12,18
immature,science,9-12,18
internally,science,9-12,18
jawless,science,9-12,18
keratin,science,9-12,18
keystone,science,9-12,18
larval,science,9-12,18
lytic,science,9-12,18
migratory,science,9-12,18
monochromatic,science,9-12,18
monotreme,science,9-12,18
municipality,science,9-12,18
nanometer,science,9-12,18
optic,science,9-12,18
protostome,science,9-12,18
reagent,science,9-12,18
regulator,science,9-12,18
solubilities,science,9-12,18
subdivision,science,9-12,18
tusk,science,9-12,18
vegetative,science,9-12,18
xenon,science,9-12,18
adhesion,science,9-12,17
airborne,science,9-12,17
anatomical,science,9-12,17
anthropoid,science,9-12,17
artesian,science,9-12,17
artificially,science,9-12,17
axial,science,9-12,17
blackbody,science,9-12,17
byproduct,science,9-12,17
coexist,science,9-12,17
cyanide,science,9-12,17
cytoskeleton,science,9-12,17
directional,science,9-12,17
electrophoresis,science,9-12,17
fluke,science,9-12,17
glycogen,science,9-12,17
gravitationally,science,9-12,17
hypotonic,science,9-12,17
interestingly,science,9-12,17
intrinsic,science,9-12,17
macromolecules,science,9-12,17
micrograph,science,9-12,17
monatomic,science,9-12,17
mountaintop,science,9-12,17
nomenclature,science,9-12,17
osmotic,science,9-12,17
phenolphthalein,science,9-12,17
phylogeny,science,9-12,17
plutonium,science,9-12,17
polymerization,science,9-12,17
puberty,science,9-12,17
radiator,science,9-12,17
ribosomal,science,9-12,17
somatic,science,9-12,17
submicroscopic,science,9-12,17
superconductor,science,9-12,17
triassic,science,9-12,17
trioxide,science,9-12,17
tunicate,science,9-12,17
untreated,science,9-12,17
ventral,science,9-12,17
veterinary,science,9-12,17
adenosine,science,9-12,16
amide,science,9-12,16
amylase,science,9-12,16
antifreeze,science,9-12,16
blastula,science,9-12,16
chromate,science,9-12,16
conglomerate,science,9-12,16
cropland,science,9-12,16
dermal,science,9-12,16
detritivore,science,9-12,16
developmental,science,9-12,16
dialysis,science,9-12,16
endosperm,science,9-12,16
ferment,science,9-12,16
genomic,science,9-12,16
hadron,science,9-12,16
hagfish,science,9-12,16
headlight,science,9-12,16
hectare,science,9-12,16
kerosene,science,9-12,16
krypton,science,9-12,16
microarray,science,9-12,16
mutate,science,9-12,16
mycorrhizae,science,9-12,16
myosin,science,9-12,16
octane,science,9-12,16
pharmaceutical,science,9-12,16
pharyngeal,science,9-12,16
photoelectron,science,9-12,16
proliferation,science,9-12,16
refrigerant,science,9-12,16
segmentation,science,9-12,16
sessile,science,9-12,16
tritium,science,9-12,16
anthrax,science,9-12,15
anthropogenic,science,9-12,15
bicarbonate,science,9-12,15
biochemistry,science,9-12,15
calibrate,science,9-12,15
cephei,science,9-12,15
cladistic,science,9-12,15
coinage,science,9-12,15
coordination,science,9-12,15
crystallization,science,9-12,15
cytosol,science,9-12,15
dehydration,science,9-12,15
exocytosis,science,9-12,15
eyeglass,science,9-12,15
frictionless,science,9-12,15
halide,science,9-12,15
halocarbon,science,9-12,15
hominin,science,9-12,15
hypertonic,science,9-12,15
illumination,science,9-12,15
lancelet,science,9-12,15
leukemia,science,9-12,15
lysogenic,science,9-12,15
mammary,science,9-12,15
mandible,science,9-12,15
manure,science,9-12,15
measles,science,9-12,15
medulla,science,9-12,15
mycelium,science,9-12,15
neutrino,science,9-12,15
occupant,science,9-12,15
oily,science,9-12,15
overheat,science,9-12,15
pandemic,science,9-12,15
pathologist,science,9-12,15
plasmodium,science,9-12,15
protozoa,science,9-12,15
purification,science,9-12,15
reforestation,science,9-12,15
rotifer,science,9-12,15
siphon,science,9-12,15
supermassive,science,9-12,15
thorax,science,9-12,15
vestigial,science,9-12,15
wavefront,science,9-12,15
abdominal,science,9-12,14
autoimmune,science,9-12,14
bacteriophage,science,9-12,14
centrifugal,science,9-12,14
cephalopod,science,9-12,14
chlorofluorocarbon,science,9-12,14
coronal,science,9-12,14
corrode,science,9-12,14
deuterium,science,9-12,14
encode,science,9-12,14
forceps,science,9-12,14
gradualism,science,9-12,14
habilis,science,9-12,14
heterotrophic,science,9-12,14
illuminance,science,9-12,14
incoherent,science,9-12,14
interparticle,science,9-12,14
lepton,science,9-12,14
locomotion,science,9-12,14
mutualistic,science,9-12,14
nonspecific,science,9-12,14
overlying,science,9-12,14
overproduction,science,9-12,14
parsec,science,9-12,14
phosphoric,science,9-12,14
pinpoint,science,9-12,14
pressurize,science,9-12,14
pulsar,science,9-12,14
quaternary,science,9-12,14
recombination,science,9-12,14
rhinoceros,science,9-12,14
scarp,science,9-12,14
shingle,science,9-12,14
sunlit,science,9-12,14
superscript,science,9-12,14
survivorship,science,9-12,14
taxonomy,science,9-12,14
trimester,science,9-12,14
tubules,science,9-12,14
unreactive,science,9-12,14
actinide,science,9-12,13
adverse,science,9-12,13
anhydrous,science,9-12,13
anole,science,9-12,13
apogee,science,9-12,13
arthritis,science,9-12,13
autosomal,science,9-12,13
biogeochemical,science,9-12,13
botanist,science,9-12,13
carboniferous,science,9-12,13
carnivorous,science,9-12,13
celt,science,9-12,13
chemosynthesis,science,9-12,13
chlorate,science,9-12,13
chromatic,science,9-12,13
cyclical,science,9-12,13
dung,science,9-12,13
dynamics,science,9-12,13
extracellular,science,9-12,13
fissionable,science,9-12,13
foliage,science,9-12,13
gastropod,science,9-12,13
geneticist,science,9-12,13
geosphere,science,9-12,13
glaciation,science,9-12,13
halides,science,9-12,13
hypochlorite,science,9-12,13
implementation,science,9-12,13
infest,science,9-12,13
infiltration,science,9-12,13
jurassic,science,9-12,13
keton,science,9-12,13
kilocalorie,science,9-12,13
lemur,science,9-12,13
luminol,science,9-12,13
macrophages,science,9-12,13
multimeter,science,9-12,13
nonvolatile,science,9-12,13
oceanography,science,9-12,13
oleic,science,9-12,13
operant,science,9-12,13
paramecia,science,9-12,13
perigee,science,9-12,13
phenotypic,science,9-12,13
poultry,science,9-12,13
predatory,science,9-12,13
redshift,science,9-12,13
scalpel,science,9-12,13
seamount,science,9-12,13
selenium,science,9-12,13
sill,science,9-12,13
snout,science,9-12,13
speedometer,science,9-12,13
spontaneity,science,9-12,13
subsidence,science,9-12,13
taxa,science,9-12,13
thrush,science,9-12,13
undersea,science,9-12,13
unpaired,science,9-12,13
vanadium,science,9-12,13
volcanism,science,9-12,13
wavelike,science,9-12,13
yolk,science,9-12,13
accretion,science,9-12,12
acetylene,science,9-12,12
antimony,science,9-12,12
auditory,science,9-12,12
bioluminescence,science,9-12,12
biomedical,science,9-12,12
biota,science,9-12,12
carpel,science,9-12,12
catabolism,science,9-12,12
catapult,science,9-12,12
cephalothorax,science,9-12,12
ciliate,science,9-12,12
coloration,science,9-12,12
constrict,science,9-12,12
cytokinin,science,9-12,12
deterioration,science,9-12,12
disinfectant,science,9-12,12
emulsion,science,9-12,12
encase,science,9-12,12
freckle,science,9-12,12
gastrula,science,9-12,12
glucagon,science,9-12,12
habituation,science,9-12,12
heritable,science,9-12,12
ignition,science,9-12,12
intestinal,science,9-12,12
isotonic,science,9-12,12
karst,science,9-12,12
ketone,science,9-12,12
linearly,science,9-12,12
nondisjunction,science,9-12,12
nonnative,science,9-12,12
pelvic,science,9-12,12
physiological,science,9-12,12
pith,science,9-12,12
resonator,science,9-12,12
rubidium,science,9-12,12
rupture,science,9-12,12
stabilization,science,9-12,12
supercluster,science,9-12,12
thyroxine,science,9-12,12
triad,science,9-12,12
turbidity,science,9-12,12
unavailable,science,9-12,12
unsustainable,science,9-12,12
windward,science,9-12,12
ailment,science,9-12,11
antinode,science,9-12,11
apoptosis,science,9-12,11
archaeopteryx,science,9-12,11
autosomes,science,9-12,11
basaltic,science,9-12,11
bismuth,science,9-12,11
blastocyst,science,9-12,11
caecilian,science,9-12,11
cancerous,science,9-12,11
contractile,science,9-12,11
corrosive,science,9-12,11
cycad,science,9-12,11
deletion,science,9-12,11
demographer,science,9-12,11
deoxyribose,science,9-12,11
diarrhea,science,9-12,11
dilution,science,9-12,11
ejection,science,9-12,11
elongation,science,9-12,11
enamel,science,9-12,11
exoplanet,science,9-12,11
expend,science,9-12,11
ganglia,science,9-12,11
gastric,science,9-12,11
gypsum,science,9-12,11
histamine,science,9-12,11
homeobox,science,9-12,11
homeotic,science,9-12,11
hominoid,science,9-12,11
hornwort,science,9-12,11
hydrilla,science,9-12,11
hydropower,science,9-12,11
hygiene,science,9-12,11
indivisible,science,9-12,11
inertial,science,9-12,11
inhibition,science,9-12,11
interlock,science,9-12,11
linnaean,science,9-12,11
magnetite,science,9-12,11
metamorphose,science,9-12,11
nasal,science,9-12,11
nematode,science,9-12,11
nonpoint,science,9-12,11
nucleolus,science,9-12,11
phagocytosis,science,9-12,11
porosity,science,9-12,11
preexist,science,9-12,11
relativistic,science,9-12,11
sanitary,science,9-12,11
seasonally,science,9-12,11
setae,science,9-12,11
smokestack,science,9-12,11
spleen,science,9-12,11
splice,science,9-12,11
sporangium,science,9-12,11
synthase,science,9-12,11
testosterone,science,9-12,11
tetrahedral,science,9-12,11
thermodynamic,science,9-12,11
toxicity,science,9-12,11
translational,science,9-12,11
transuranium,science,9-12,11
triphosphate,science,9-12,11
uracil,science,9-12,11
vaccinate,science,9-12,11
wafer,science,9-12,11
wobble,science,9-12,11
zooplankton,science,9-12,11
advent,science,9-12,10
appendicular,science,9-12,10
australopithecine,science,9-12,10
barbell,science,9-12,10
basal,science,9-12,10
beet,science,9-12,10
binaries,science,9-12,10
bluish,science,9-12,10
brownian,science,9-12,10
carapace,science,9-12,10
catalyze,science,9-12,10
centromere,science,9-12,10
cholerae,science,9-12,10
collagen,science,9-12,10
constructively,science,9-12,10
coverslip,science,9-12,10
crevasse,science,9-12,10
dihydrogen,science,9-12,10
disulfide,science,9-12,10
diversification,science,9-12,10
dolly,science,9-12,10
ecologically,science,9-12,10
eudicot,science,9-12,10
fissure,science,9-12,10
fluorescence,science,9-12,10
forelimb,science,9-12,10
galilean,science,9-12,10
gasohol,science,9-12,10
glycol,science,9-12,10
gosling,science,9-12,10
gravitropism,science,9-12,10
gumdrop,science,9-12,10
hemophilia,science,9-12,10
hepatitis,science,9-12,10
histone,science,9-12,10
humpback,science,9-12,10
hydration,science,9-12,10
hypha,science,9-12,10
interferometry,science,9-12,10
interferon,science,9-12,10
irregularly,science,9-12,10
lode,science,9-12,10
lubricate,science,9-12,10
mafic,science,9-12,10
megaspore,science,9-12,10
meltwater,science,9-12,10
metabolize,science,9-12,10
micrometer,science,9-12,10
microsphere,science,9-12,10
mitotic,science,9-12,10
mucous,science,9-12,10
mutagen,science,9-12,10
naphthalene,science,9-12,10
nuclide,science,9-12,10
pentane,science,9-12,10
phosphor,science,9-12,10
probeware,science,9-12,10
radula,science,9-12,10
randomness,science,9-12,10
recombine,science,9-12,10
sarcomere,science,9-12,10
septum,science,9-12,10
songbird,science,9-12,10
spatula,science,9-12,10
spew,science,9-12,10
stimulant,science,9-12,10
stratospheric,science,9-12,10
superconduct,science,9-12,10
taxon,science,9-12,10
thermonuclear,science,9-12,10
thorium,science,9-12,10
triton,science,9-12,10
unpolarized,science,9-12,10
uphill,science,9-12,10
wavelet,science,9-12,10
abnormally,science,9-12,9
airflow,science,9-12,9
antiseptic,science,9-12,9
archaebacteria,science,9-12,9
bacillus,science,9-12,9
bioremediation,science,9-12,9
borax,science,9-12,9
convective,science,9-12,9
crustal,science,9-12,9
detectable,science,9-12,9
engulf,science,9-12,9
eucalyptus,science,9-12,9
exhalation,science,9-12,9
eyespot,science,9-12,9
farsightedness,science,9-12,9
flagellate,science,9-12,9
formic,science,9-12,9
gallbladder,science,9-12,9
hematite,science,9-12,9
hexane,science,9-12,9
hookworm,science,9-12,9
hydroelectricity,science,9-12,9
inactivity,science,9-12,9
inbreed,science,9-12,9
incisor,science,9-12,9
lubricant,science,9-12,9
lymphocytes,science,9-12,9
meltdown,science,9-12,9
mesh,science,9-12,9
millipede,science,9-12,9
muskrat,science,9-12,9
mutant,science,9-12,9
nitrite,science,9-12,9
olfactory,science,9-12,9
parathyroid,science,9-12,9
pelvis,science,9-12,9
pepsin,science,9-12,9
permanganate,science,9-12,9
photoperiodism,science,9-12,9
phototropism,science,9-12,9
polystyrene,science,9-12,9
prong,science,9-12,9
radiative,science,9-12,9
reabsorb,science,9-12,9
rearrangement,science,9-12,9
recyclable,science,9-12,9
regeneration,science,9-12,9
resin,science,9-12,9
riverbed,science,9-12,9
roentgen,science,9-12,9
saline,science,9-12,9
semipermeable,science,9-12,9
simultaneous,science,9-12,9
stalactite,science,9-12,9
stoma,science,9-12,9
supercool,science,9-12,9
supersonic,science,9-12,9
tellurium,science,9-12,9
tuatara,science,9-12,9
tubular,science,9-12,9
ultrasonic,science,9-12,9
undigested,science,9-12,9
uniformitarianism,science,9-12,9
visibility,science,9-12,9
yellowish,science,9-12,9
abrasive,science,9-12,8
aftershock,science,9-12,8
anemia,science,9-12,8
aneroid,science,9-12,8
anteater,science,9-12,8
bask,science,9-12,8
biogeography,science,9-12,8
epidermal,science,9-12,8
farsighted,science,9-12,8
feathery,science,9-12,8
francium,science,9-12,8
gibbous,science,9-12,8
greenish,science,9-12,8
horsepower,science,9-12,8
hydrostatic,science,9-12,8
insertion,science,9-12,8
latex,science,9-12,8
lynx,science,9-12,8
magnetosphere,science,9-12,8
meniscus,science,9-12,8
microprocessor,science,9-12,8
milankovitch,science,9-12,8
mnemonic,science,9-12,8
mollusk,science,9-12,8
occluded,science,9-12,8
odorless,science,9-12,8
ornamental,science,9-12,8
overpopulation,science,9-12,8
physiology,science,9-12,8
preservative,science,9-12,8
radiocarbon,science,9-12,8
rechargeable,science,9-12,8
refrigeration,science,9-12,8
saclike,science,9-12,8
scaly,science,9-12,8
seam,science,9-12,8
semicircular,science,9-12,8
streetlight,science,9-12,8
stromatolite,science,9-12,8
tweezer,science,9-12,8
varnish,science,9-12,8
alchemist,science,9-12,7
amethyst,science,9-12,7
aorta,science,9-12,7
aphid,science,9-12,7
arn,science,9-12,7
autotrophic,science,9-12,7
biennial,science,9-12,7
biodiesel,science,9-12,7
bullfrog,science,9-12,7
certification,science,9-12,7
colorblind,science,9-12,7
compaction,science,9-12,7
cytochrome,science,9-12,7
disinfect,science,9-12,7
dryness,science,9-12,7
ductility,science,9-12,7
emphysema,science,9-12,7
entomologist,science,9-12,7
explosively,science,9-12,7
icecap,science,9-12,7
iridium,science,9-12,7
knead,science,9-12,7
leathery,science,9-12,7
nozzle,science,9-12,7
oersted,science,9-12,7
opossum,science,9-12,7
orangutan,science,9-12,7
paleontology,science,9-12,7
reclamation,science,9-12,7
reusable,science,9-12,7
ribonucleic,science,9-12,7
stiffness,science,9-12,7
tetra,science,9-12,7
thigmotropism,science,9-12,7
airtight,science,9-12,6
beech,science,9-12,6
chisel,science,9-12,6
chrysalis,science,9-12,6
cottonwood,science,9-12,6
dowel,science,9-12,6
downwind,science,9-12,6
egret,science,9-12,6
fiberglass,science,9-12,6
fixture,science,9-12,6
fizz,science,9-12,6
fluorite,science,9-12,6
forestland,science,9-12,6
handheld,science,9-12,6
herbaceous,science,9-12,6
hornblende,science,9-12,6
icicle,science,9-12,6
kilowatt,science,9-12,6
kudzu,science,9-12,6
liquid's,science,9-12,6
mudslide,science,9-12,6
nicotine,science,9-12,6
penis,science,9-12,6
perihelion,science,9-12,6
pinhole,science,9-12,6
pushpin,science,9-12,6
putty,science,9-12,6
seabird,science,9-12,6
spiracles,science,9-12,6
stalagmite,science,9-12,6
testis,science,9-12,6
unequally,science,9-12,6
venomous,science,9-12,6
watertight,science,9-12,6
yucca,science,9-12,6
blackbird,science,9-12,5
cementation,science,9-12,5
cervix,science,9-12,5
chemosynthetic,science,9-12,5
euglena,science,9-12,5
flightless,science,9-12,5
gazelle,science,9-12,5
hygrometer,science,9-12,5
kiwi,science,9-12,5
mackerel,science,9-12,5
menstruation,science,9-12,5
mildew,science,9-12,5
payload,science,9-12,5
seashore,science,9-12,5
silkworm,science,9-12,5
silky,science,9-12,5
suction,science,9-12,5
updraft,science,9-12,5
earlobe,science,9-12,4
gneiss,science,9-12,4
groin,science,9-12,4
handlebar,science,9-12,4
hippopotamus,science,9-12,4
leaflike,science,9-12,4
millibar,science,9-12,4
multistep,science,9-12,4
talc,science,9-12,4
terrarium,science,9-12,4
tubelike,science,9-12,4
cattail,science,9-12,3
toucan,science,9-12,3
topaz,science,9-12,2
ursa,science,9-12,2
woodchuck,science,9-12,2
proctor,social_studies,9-12,633
danforth,social_studies,9-12,377
conservative,social_studies,9-12,248
hath,social_studies,9-12,239
economist,social_studies,9-12,186
subregion,social_studies,9-12,168
liberal,social_studies,9-12,165
industrialization,social_studies,9-12,153
oceania,social_studies,9-12,147
satire,social_studies,9-12,143
recession,social_studies,9-12,135
regime,social_studies,9-12,133
archetypal,social_studies,9-12,129
monetary,social_studies,9-12,125
fiscal,social_studies,9-12,113
merge,social_studies,9-12,111
successor,social_studies,9-12,97
heroism,social_studies,9-12,94
parody,social_studies,9-12,90
allegory,social_studies,9-12,87
corporate,social_studies,9-12,87
counsel,social_studies,9-12,87
turmoil,social_studies,9-12,85
politically,social_studies,9-12,84
faction,social_studies,9-12,83
germanic,social_studies,9-12,80
defendant,social_studies,9-12,76
psyche,social_studies,9-12,76
territorial,social_studies,9-12,74
colonialism,social_studies,9-12,71
totalitarian,social_studies,9-12,71
modernist,social_studies,9-12,69
juvenile,social_studies,9-12,68
suppress,social_studies,9-12,67
demographic,social_studies,9-12,66
divorce,social_studies,9-12,66
authoritarian,social_studies,9-12,65
discontent,social_studies,9-12,64
disobedience,social_studies,9-12,64
preside,social_studies,9-12,64
commodity,social_studies,9-12,63
slaughter,social_studies,9-12,63
tenant,social_studies,9-12,63
upheld,social_studies,9-12,62
witchcraft,social_studies,9-12,61
sovereign,social_studies,9-12,60
multinational,social_studies,9-12,59
parliamentary,social_studies,9-12,59
capitalist,social_studies,9-12,58
guild,social_studies,9-12,58
recount,social_studies,9-12,58
fascist,social_studies,9-12,57
reelection,social_studies,9-12,56
slav,social_studies,9-12,56
bolshevik,social_studies,9-12,55
domination,social_studies,9-12,54
hinder,social_studies,9-12,54
modernize,social_studies,9-12,54
persecute,social_studies,9-12,52
testify,social_studies,9-12,52
thine,social_studies,9-12,52
centralize,social_studies,9-12,51
privately,social_studies,9-12,50
secession,social_studies,9-12,50
denounce,social_studies,9-12,49
rhetoric,social_studies,9-12,49
militant,social_studies,9-12,47
modernization,social_studies,9-12,46
naturalism,social_studies,9-12,46
bankruptcy,social_studies,9-12,45
constituent,social_studies,9-12,45
deputy,social_studies,9-12,45
militarism,social_studies,9-12,45
shalt,social_studies,9-12,45
upheaval,social_studies,9-12,45
bosom,social_studies,9-12,44
detente,social_studies,9-12,44
duchess,social_studies,9-12,44
emergence,social_studies,9-12,44
equity,social_studies,9-12,44
psalm,social_studies,9-12,44
purge,social_studies,9-12,44
realist,social_studies,9-12,44
slavic,social_studies,9-12,44
catholicism,social_studies,9-12,43
caucus,social_studies,9-12,43
decisive,social_studies,9-12,43
extremist,social_studies,9-12,43
ideology,social_studies,9-12,43
liquor,social_studies,9-12,43
proprietorship,social_studies,9-12,43
affirm,social_studies,9-12,42
deity,social_studies,9-12,42
nominee,social_studies,9-12,42
southward,social_studies,9-12,42
submission,social_studies,9-12,42
aboriginal,social_studies,9-12,41
annexation,social_studies,9-12,41
individualism,social_studies,9-12,41
superiority,social_studies,9-12,41
covenant,social_studies,9-12,40
franchise,social_studies,9-12,40
gamble,social_studies,9-12,40
ghetto,social_studies,9-12,40
lawsuit,social_studies,9-12,40
adoption,social_studies,9-12,39
aristocracy,social_studies,9-12,39
healthcare,social_studies,9-12,39
plunder,social_studies,9-12,39
anglican,social_studies,9-12,38
sikh,social_studies,9-12,38
anarchy,social_studies,9-12,37
indulgence,social_studies,9-12,37
lynch,social_studies,9-12,37
witty,social_studies,9-12,37
worldly,social_studies,9-12,37
censor,social_studies,9-12,36
centrally,social_studies,9-12,36
insure,social_studies,9-12,36
metaphysical,social_studies,9-12,36
squire,social_studies,9-12,36
strife,social_studies,9-12,36
virtuous,social_studies,9-12,36
ambush,social_studies,9-12,35
bestow,social_studies,9-12,35
conspiracy,social_studies,9-12,35
enlightened,social_studies,9-12,35
imperialist,social_studies,9-12,35
redress,social_studies,9-12,35
unskilled,social_studies,9-12,35
protectorate,social_studies,9-12,34
taxpayer,social_studies,9-12,34
vernacular,social_studies,9-12,34
activism,social_studies,9-12,33
adversary,social_studies,9-12,33
confrontation,social_studies,9-12,33
counterculture,social_studies,9-12,33
demonstrator,social_studies,9-12,33
edict,social_studies,9-12,33
epitaph,social_studies,9-12,33
grotesque,social_studies,9-12,33
tavern,social_studies,9-12,33
commune,social_studies,9-12,32
endorse,social_studies,9-12,32
feud,social_studies,9-12,32
fortify,social_studies,9-12,32
glasnost,social_studies,9-12,32
nubian,social_studies,9-12,32
offset,social_studies,9-12,32
partisan,social_studies,9-12,32
redeem,social_studies,9-12,32
repression,social_studies,9-12,32
translator,social_studies,9-12,32
appropriation,social_studies,9-12,31
forbade,social_studies,9-12,31
grandeur,social_studies,9-12,31
monstrous,social_studies,9-12,31
optimism,social_studies,9-12,31
satirical,social_studies,9-12,31
servitude,social_studies,9-12,31
stockholder,social_studies,9-12,31
cede,social_studies,9-12,30
devout,social_studies,9-12,30
entreat,social_studies,9-12,30
expire,social_studies,9-12,30
hapsburg,social_studies,9-12,30
opium,social_studies,9-12,30
perestroika,social_studies,9-12,30
privatization,social_studies,9-12,30
safeguard,social_studies,9-12,30
absolutism,social_studies,9-12,29
aide,social_studies,9-12,29
aristocratic,social_studies,9-12,29
assent,social_studies,9-12,29
brutality,social_studies,9-12,29
compulsory,social_studies,9-12,29
conservatism,social_studies,9-12,29
facto,social_studies,9-12,29
forgiveness,social_studies,9-12,29
illiterate,social_studies,9-12,29
prosecute,social_studies,9-12,29
afghan,social_studies,9-12,28
apostle,social_studies,9-12,28
belgian,social_studies,9-12,28
bicameral,social_studies,9-12,28
cultivation,social_studies,9-12,28
default,social_studies,9-12,28
lobbyist,social_studies,9-12,28
mobilization,social_studies,9-12,28
omen,social_studies,9-12,28
scripture,social_studies,9-12,28
takeover,social_studies,9-12,28
theology,social_studies,9-12,28
airlift,social_studies,9-12,27
autonomy,social_studies,9-12,27
bloc,social_studies,9-12,27
commend,social_studies,9-12,27
convent,social_studies,9-12,27
escarpment,social_studies,9-12,27
lawful,social_studies,9-12,27
sparsely,social_studies,9-12,27
theocracy,social_studies,9-12,27
treeless,social_studies,9-12,27
abridge,social_studies,9-12,26
banishment,social_studies,9-12,26
barbarian,social_studies,9-12,26
bloodshed,social_studies,9-12,26
disapproval,social_studies,9-12,26
downturn,social_studies,9-12,26
environmentalist,social_studies,9-12,26
fundamentalist,social_studies,9-12,26
liberalism,social_studies,9-12,26
morally,social_studies,9-12,26
peacetime,social_studies,9-12,26
prestige,social_studies,9-12,26
reconciliation,social_studies,9-12,26
reestablish,social_studies,9-12,26
tamil,social_studies,9-12,26
televise,social_studies,9-12,26
archaic,social_studies,9-12,25
assimilation,social_studies,9-12,25
baptist,social_studies,9-12,25
breach,social_studies,9-12,25
consolidate,social_studies,9-12,25
emigrant,social_studies,9-12,25
endow,social_studies,9-12,25
harass,social_studies,9-12,25
huguenot,social_studies,9-12,25
indifference,social_studies,9-12,25
merciful,social_studies,9-12,25
ordain,social_studies,9-12,25
prosecution,social_studies,9-12,25
prosecutor,social_studies,9-12,25
sabbath,social_studies,9-12,25
sarcasm,social_studies,9-12,25
adjourn,social_studies,9-12,24
amnesty,social_studies,9-12,24
anarchist,social_studies,9-12,24
bailiff,social_studies,9-12,24
bankrupt,social_studies,9-12,24
bondage,social_studies,9-12,24
conformity,social_studies,9-12,24
creditor,social_studies,9-12,24
excise,social_studies,9-12,24
mutiny,social_studies,9-12,24
nationalize,social_studies,9-12,24
peacekeeping,social_studies,9-12,24
provisional,social_studies,9-12,24
sectional,social_studies,9-12,24
sepoy,social_studies,9-12,24
treatise,social_studies,9-12,24
trinity,social_studies,9-12,24
unalienable,social_studies,9-12,24
abdicate,social_studies,9-12,23
affirmation,social_studies,9-12,23
allocate,social_studies,9-12,23
archbishop,social_studies,9-12,23
elective,social_studies,9-12,23
embankment,social_studies,9-12,23
empower,social_studies,9-12,23
espionage,social_studies,9-12,23
exempt,social_studies,9-12,23
feminist,social_studies,9-12,23
industrialist,social_studies,9-12,23
insurrection,social_studies,9-12,23
naught,social_studies,9-12,23
nordic,social_studies,9-12,23
nullify,social_studies,9-12,23
restructure,social_studies,9-12,23
righteousness,social_studies,9-12,23
substantive,social_studies,9-12,23
tenure,social_studies,9-12,23
unitary,social_studies,9-12,23
vibrant,social_studies,9-12,23
warlike,social_studies,9-12,23
withhold,social_studies,9-12,23
apparition,social_studies,9-12,22
blitzkrieg,social_studies,9-12,22
bourgeoisie,social_studies,9-12,22
charitable,social_studies,9-12,22
desegregation,social_studies,9-12,22
didst,social_studies,9-12,22
foothold,social_studies,9-12,22
heretic,social_studies,9-12,22
labour,social_studies,9-12,22
oust,social_studies,9-12,22
patronize,social_studies,9-12,22
precinct,social_studies,9-12,22
relocation,social_studies,9-12,22
retaliation,social_studies,9-12,22
sacrament,social_studies,9-12,22
solace,social_studies,9-12,22
treachery,social_studies,9-12,22
unleash,social_studies,9-12,22
verdict,social_studies,9-12,22
avarice,social_studies,9-12,21
baroque,social_studies,9-12,21
bombardment,social_studies,9-12,21
bounty,social_studies,9-12,21
conscription,social_studies,9-12,21
denial,social_studies,9-12,21
deregulation,social_studies,9-12,21
filibuster,social_studies,9-12,21
freeman,social_studies,9-12,21
grassroots,social_studies,9-12,21
isolationist,social_studies,9-12,21
joust,social_studies,9-12,21
martyr,social_studies,9-12,21
narrowly,social_studies,9-12,21
neoclassical,social_studies,9-12,21
repressive,social_studies,9-12,21
solidarity,social_studies,9-12,21
suffragist,social_studies,9-12,21
totalitarianism,social_studies,9-12,21
absurdity,social_studies,9-12,20
battleship,social_studies,9-12,20
chaldean,social_studies,9-12,20
combatant,social_studies,9-12,20
commentator,social_studies,9-12,20
courtly,social_studies,9-12,20
dramatist,social_studies,9-12,20
felony,social_studies,9-12,20
financially,social_studies,9-12,20
firearm,social_studies,9-12,20
gladiator,social_studies,9-12,20
kinsman,social_studies,9-12,20
legalize,social_studies,9-12,20
nativism,social_studies,9-12,20
ornate,social_studies,9-12,20
parson,social_studies,9-12,20
picket,social_studies,9-12,20
provincial,social_studies,9-12,20
responsive,social_studies,9-12,20
shipyard,social_studies,9-12,20
statesman,social_studies,9-12,20
tutsi,social_studies,9-12,20
utopia,social_studies,9-12,20
zulu,social_studies,9-12,20
advisory,social_studies,9-12,19
arbitration,social_studies,9-12,19
armband,social_studies,9-12,19
behead,social_studies,9-12,19
candide,social_studies,9-12,19
cartel,social_studies,9-12,19
cartographer,social_studies,9-12,19
corse,social_studies,9-12,19
dharma,social_studies,9-12,19
disarmament,social_studies,9-12,19
dismantle,social_studies,9-12,19
entitlement,social_studies,9-12,19
ethnically,social_studies,9-12,19
geographically,social_studies,9-12,19
injunction,social_studies,9-12,19
jobless,social_studies,9-12,19
obstruct,social_studies,9-12,19
openness,social_studies,9-12,19
papal,social_studies,9-12,19
patriarch,social_studies,9-12,19
reinforcement,social_studies,9-12,19
satirize,social_studies,9-12,19
serfdom,social_studies,9-12,19
skyrocket,social_studies,9-12,19
slander,social_studies,9-12,19
stronghold,social_studies,9-12,19
subcommittee,social_studies,9-12,19
taxable,social_studies,9-12,19
affiliation,social_studies,9-12,18
apothecary,social_studies,9-12,18
assassin,social_studies,9-12,18
autocracy,social_studies,9-12,18
ayatollah,social_studies,9-12,18
beanbag,social_studies,9-12,18
constitutionality,social_studies,9-12,18
counterattack,social_studies,9-12,18
delegation,social_studies,9-12,18
depositor,social_studies,9-12,18
duel,social_studies,9-12,18
forcibly,social_studies,9-12,18
heartland,social_studies,9-12,18
hijack,social_studies,9-12,18
hun,social_studies,9-12,18
influx,social_studies,9-12,18
landholder,social_studies,9-12,18
libel,social_studies,9-12,18
mechanize,social_studies,9-12,18
misdemeanor,social_studies,9-12,18
mundane,social_studies,9-12,18
outspoken,social_studies,9-12,18
poignant,social_studies,9-12,18
predecessor,social_studies,9-12,18
priestess,social_studies,9-12,18
profess,social_studies,9-12,18
secrecy,social_studies,9-12,18
soothsayer,social_studies,9-12,18
stockpile,social_studies,9-12,18
summons,social_studies,9-12,18
theses,social_studies,9-12,18
unrestricted,social_studies,9-12,18
unsuccessfully,social_studies,9-12,18
watchman,social_studies,9-12,18
wield,social_studies,9-12,18
abolitionism,social_studies,9-12,17
analyst,social_studies,9-12,17
atrocity,social_studies,9-12,17
blitz,social_studies,9-12,17
brethren,social_studies,9-12,17
brutally,social_studies,9-12,17
candid,social_studies,9-12,17
collectivization,social_studies,9-12,17
damnation,social_studies,9-12,17
diocletian,social_studies,9-12,17
disloyalty,social_studies,9-12,17
entangle,social_studies,9-12,17
exemption,social_studies,9-12,17
falsely,social_studies,9-12,17
idealistic,social_studies,9-12,17
importation,social_studies,9-12,17
incorporation,social_studies,9-12,17
insurgent,social_studies,9-12,17
livy,social_studies,9-12,17
maxim,social_studies,9-12,17
navigable,social_studies,9-12,17
neoclassicism,social_studies,9-12,17
northernmost,social_studies,9-12,17
oppressor,social_studies,9-12,17
plaintiff,social_studies,9-12,17
popularly,social_studies,9-12,17
predominantly,social_studies,9-12,17
progressivism,social_studies,9-12,17
quorum,social_studies,9-12,17
racist,social_studies,9-12,17
reaffirm,social_studies,9-12,17
shantytown,social_studies,9-12,17
shareholder,social_studies,9-12,17
shopkeeper,social_studies,9-12,17
toltec,social_studies,9-12,17
unanimously,social_studies,9-12,17
assail,social_studies,9-12,16
benevolent,social_studies,9-12,16
breech,social_studies,9-12,16
concur,social_studies,9-12,16
countee,social_studies,9-12,16
courtroom,social_studies,9-12,16
daoist,social_studies,9-12,16
defoe,social_studies,9-12,16
dictatorial,social_studies,9-12,16
disclosure,social_studies,9-12,16
expressly,social_studies,9-12,16
fief,social_studies,9-12,16
franciscan,social_studies,9-12,16
gerrymander,social_studies,9-12,16
goodwill,social_studies,9-12,16
guru,social_studies,9-12,16
idol,social_studies,9-12,16
immunities,social_studies,9-12,16
impressionist,social_studies,9-12,16
inferno,social_studies,9-12,16
literate,social_studies,9-12,16
millet,social_studies,9-12,16
modesty,social_studies,9-12,16
oratory,social_studies,9-12,16
overstatement,social_studies,9-12,16
patronage,social_studies,9-12,16
proletariat,social_studies,9-12,16
redistribution,social_studies,9-12,16
satirist,social_studies,9-12,16
sensational,social_studies,9-12,16
steamship,social_studies,9-12,16
stoicism,social_studies,9-12,16
terrorize,social_studies,9-12,16
unconditional,social_studies,9-12,16
unevenly,social_studies,9-12,16
virginian,social_studies,9-12,16
accountable,social_studies,9-12,15
alienate,social_studies,9-12,15
anabaptist,social_studies,9-12,15
attainder,social_studies,9-12,15
brazen,social_studies,9-12,15
cowardice,social_studies,9-12,15
depose,social_studies,9-12,15
diligence,social_studies,9-12,15
dole,social_studies,9-12,15
effigy,social_studies,9-12,15
hotly,social_studies,9-12,15
idyll,social_studies,9-12,15
intifada,social_studies,9-12,15
intoxicate,social_studies,9-12,15
mesoamerican,social_studies,9-12,15
monopolistic,social_studies,9-12,15
officeholder,social_studies,9-12,15
overwhelmingly,social_studies,9-12,15
perjury,social_studies,9-12,15
predestination,social_studies,9-12,15
reprieve,social_studies,9-12,15
sandinista,social_studies,9-12,15
seafaring,social_studies,9-12,15
sensibility,social_studies,9-12,15
shogunate,social_studies,9-12,15
visa,social_studies,9-12,15
accursed,social_studies,9-12,14
aforesaid,social_studies,9-12,14
akkadian,social_studies,9-12,14
ascertain,social_studies,9-12,14
aught,social_studies,9-12,14
cleric,social_studies,9-12,14
custody,social_studies,9-12,14
deportation,social_studies,9-12,14
disembark,social_studies,9-12,14
disillusionment,social_studies,9-12,14
essayist,social_studies,9-12,14
extermination,social_studies,9-12,14
garner,social_studies,9-12,14
glorify,social_studies,9-12,14
helot,social_studies,9-12,14
impudence,social_studies,9-12,14
indictment,social_studies,9-12,14
institutional,social_studies,9-12,14
intern,social_studies,9-12,14
kinship,social_studies,9-12,14
legitimacy,social_studies,9-12,14
linguistic,social_studies,9-12,14
longtime,social_studies,9-12,14
macroeconomic,social_studies,9-12,14
manly,social_studies,9-12,14
nationally,social_studies,9-12,14
nominal,social_studies,9-12,14
proslavery,social_studies,9-12,14
pulpit,social_studies,9-12,14
quipu,social_studies,9-12,14
regressive,social_studies,9-12,14
relinquish,social_studies,9-12,14
sizable,social_studies,9-12,14
squadron,social_studies,9-12,14
stoic,social_studies,9-12,14
stubbornly,social_studies,9-12,14
torpedo,social_studies,9-12,14
transgress,social_studies,9-12,14
turnout,social_studies,9-12,14
unmarried,social_studies,9-12,14
wadi,social_studies,9-12,14
zeal,social_studies,9-12,14
acquiesce,social_studies,9-12,13
aggressor,social_studies,9-12,13
annul,social_studies,9-12,13
autonomous,social_studies,9-12,13
baptize,social_studies,9-12,13
brahmin,social_studies,9-12,13
chairperson,social_studies,9-12,13
consort,social_studies,9-12,13
constituency,social_studies,9-12,13
copious,social_studies,9-12,13
covert,social_studies,9-12,13
deceit,social_studies,9-12,13
desegregate,social_studies,9-12,13
disarm,social_studies,9-12,13
divisive,social_studies,9-12,13
electorate,social_studies,9-12,13
emancipate,social_studies,9-12,13
entrust,social_studies,9-12,13
enumeration,social_studies,9-12,13
fortitude,social_studies,9-12,13
fulfillment,social_studies,9-12,13
greenback,social_studies,9-12,13
henceforth,social_studies,9-12,13
hereby,social_studies,9-12,13
impersonal,social_studies,9-12,13
incumbent,social_studies,9-12,13
industrialism,social_studies,9-12,13
justly,social_studies,9-12,13
kabuki,social_studies,9-12,13
kurdish,social_studies,9-12,13
landless,social_studies,9-12,13
lawlessness,social_studies,9-12,13
millionaire,social_studies,9-12,13
multiparty,social_studies,9-12,13
mythic,social_studies,9-12,13
napalm,social_studies,9-12,13
offence,social_studies,9-12,13
parochial,social_studies,9-12,13
passionately,social_studies,9-12,13
penal,social_studies,9-12,13
perchance,social_studies,9-12,13
polder,social_studies,9-12,13
propriety,social_studies,9-12,13
rapture,social_studies,9-12,13
rebuttal,social_studies,9-12,13
richly,social_studies,9-12,13
sabotage,social_studies,9-12,13
seward,social_studies,9-12,13
sexton,social_studies,9-12,13
spokesperson,social_studies,9-12,13
stagflation,social_studies,9-12,13
stockbroker,social_studies,9-12,13
sultanate,social_studies,9-12,13
uneducated,social_studies,9-12,13
unsigned,social_studies,9-12,13
unwritten,social_studies,9-12,13
wasteland,social_studies,9-12,13
allegorical,social_studies,9-12,12
allocation,social_studies,9-12,12
antithesis,social_studies,9-12,12
appointee,social_studies,9-12,12
apportionment,social_studies,9-12,12
attire,social_studies,9-12,12
bribery,social_studies,9-12,12
cloture,social_studies,9-12,12
colloquial,social_studies,9-12,12
consolidation,social_studies,9-12,12
delian,social_studies,9-12,12
demeanor,social_studies,9-12,12
despot,social_studies,9-12,12
disloyal,social_studies,9-12,12
dissident,social_studies,9-12,12
enslavement,social_studies,9-12,12
entrepreneurship,social_studies,9-12,12
feign,social_studies,9-12,12
friedan,social_studies,9-12,12
insistence,social_studies,9-12,12
intermediary,social_studies,9-12,12
ironwork,social_studies,9-12,12
kristallnacht,social_studies,9-12,12
lncan,social_studies,9-12,12
mannerism,social_studies,9-12,12
mirth,social_studies,9-12,12
normalcy,social_studies,9-12,12
piracy,social_studies,9-12,12
rationalism,social_studies,9-12,12
reapportionment,social_studies,9-12,12
saloon,social_studies,9-12,12
scalawag,social_studies,9-12,12
seminary,social_studies,9-12,12
seniority,social_studies,9-12,12
sinhalese,social_studies,9-12,12
slowdown,social_studies,9-12,12
southernmost,social_studies,9-12,12
spam,social_studies,9-12,12
thoughtless,social_studies,9-12,12
trustee,social_studies,9-12,12
tyrannical,social_studies,9-12,12
unfriendly,social_studies,9-12,12
unicameral,social_studies,9-12,12
unnerve,social_studies,9-12,12
unpaid,social_studies,9-12,12
varna,social_studies,9-12,12
vizier,social_studies,9-12,12
westernization,social_studies,9-12,12
absentee,social_studies,9-12,11
acquit,social_studies,9-12,11
anticommunist,social_studies,9-12,11
apportion,social_studies,9-12,11
armament,social_studies,9-12,11
asylum,social_studies,9-12,11
authorization,social_studies,9-12,11
autocratic,social_studies,9-12,11
bandit,social_studies,9-12,11
borough,social_studies,9-12,11
bracero,social_studies,9-12,11
brasilia,social_studies,9-12,11
bureaucrat,social_studies,9-12,11
clerical,social_studies,9-12,11
coldly,social_studies,9-12,11
collateral,social_studies,9-12,11
comedian,social_studies,9-12,11
contemplation,social_studies,9-12,11
crucify,social_studies,9-12,11
cruelly,social_studies,9-12,11
deadlock,social_studies,9-12,11
envoy,social_studies,9-12,11
fateful,social_studies,9-12,11
foreclosure,social_studies,9-12,11
horrific,social_studies,9-12,11
housework,social_studies,9-12,11
hysterical,social_studies,9-12,11
impatience,social_studies,9-12,11
impressionism,social_studies,9-12,11
indignant,social_studies,9-12,11
inmate,social_studies,9-12,11
intergovernmental,social_studies,9-12,11
kennan,social_studies,9-12,11
kingship,social_studies,9-12,11
legislate,social_studies,9-12,11
marshy,social_studies,9-12,11
masai,social_studies,9-12,11
masculine,social_studies,9-12,11
materialism,social_studies,9-12,11
matrilineal,social_studies,9-12,11
merciless,social_studies,9-12,11
nationalistic,social_studies,9-12,11
oligopoly,social_studies,9-12,11
pacify,social_studies,9-12,11
peaceably,social_studies,9-12,11
pidgin,social_studies,9-12,11
piteous,social_studies,9-12,11
populism,social_studies,9-12,11
prewar,social_studies,9-12,11
publicize,social_studies,9-12,11
racially,social_studies,9-12,11
remittance,social_studies,9-12,11
requisite,social_studies,9-12,11
revoke,social_studies,9-12,11
sinful,social_studies,9-12,11
spouse,social_studies,9-12,11
symbolist,social_studies,9-12,11
thatch,social_studies,9-12,11
triumvirate,social_studies,9-12,11
whither,social_studies,9-12,11
workweek,social_studies,9-12,11
abbot,social_studies,9-12,10
animosity,social_studies,9-12,10
carthaginian,social_studies,9-12,10
catacomb,social_studies,9-12,10
ceasefire,social_studies,9-12,10
chernozem,social_studies,9-12,10
confiscate,social_studies,9-12,10
constitutionally,social_studies,9-12,10
consumerism,social_studies,9-12,10
cult,social_studies,9-12,10
decentralize,social_studies,9-12,10
delinquency,social_studies,9-12,10
discriminatory,social_studies,9-12,10
dulles,social_studies,9-12,10
evangelical,social_studies,9-12,10
evict,social_studies,9-12,10
feminism,social_studies,9-12,10
fiat,social_studies,9-12,10
forefather,social_studies,9-12,10
fortification,social_studies,9-12,10
hieroglyphic,social_studies,9-12,10
implicitly,social_studies,9-12,10
inalienable,social_studies,9-12,10
inscrutable,social_studies,9-12,10
lawless,social_studies,9-12,10
lighthearted,social_studies,9-12,10
loophole,social_studies,9-12,10
makeshift,social_studies,9-12,10
meddle,social_studies,9-12,10
mediation,social_studies,9-12,10
mercantilist,social_studies,9-12,10
midterm,social_studies,9-12,10
minstrel,social_studies,9-12,10
misconduct,social_studies,9-12,10
moroccan,social_studies,9-12,10
nonpartisan,social_studies,9-12,10
nonreligious,social_studies,9-12,10
nonwhite,social_studies,9-12,10
overlord,social_studies,9-12,10
peacekeeper,social_studies,9-12,10
plagiarize,social_studies,9-12,10
polynesian,social_studies,9-12,10
ransack,social_studies,9-12,10
redemption,social_studies,9-12,10
resentful,social_studies,9-12,10
resettle,social_studies,9-12,10
sadat,social_studies,9-12,10
satrap,social_studies,9-12,10
savior,social_studies,9-12,10
scholastic,social_studies,9-12,10
spearhead,social_studies,9-12,10
statewide,social_studies,9-12,10
strategist,social_studies,9-12,10
superintendent,social_studies,9-12,10
technologically,social_studies,9-12,10
temperament,social_studies,9-12,10
turnpike,social_studies,9-12,10
tutu,social_studies,9-12,10
unconquerable,social_studies,9-12,10
untouchable,social_studies,9-12,10
ardent,social_studies,9-12,9
barbarous,social_studies,9-12,9
barricade,social_studies,9-12,9
battleground,social_studies,9-12,9
besiege,social_studies,9-12,9
candidacy,social_studies,9-12,9
chivalrous,social_studies,9-12,9
citadel,social_studies,9-12,9
crossbow,social_studies,9-12,9
cuisine,social_studies,9-12,9
disorderly,social_studies,9-12,9
dreamy,social_studies,9-12,9
dutiful,social_studies,9-12,9
eligibility,social_studies,9-12,9
emolument,social_studies,9-12,9
enactment,social_studies,9-12,9
enthusiastically,social_studies,9-12,9
entrench,social_studies,9-12,9
fastidious,social_studies,9-12,9
goodly,social_studies,9-12,9
gunfire,social_studies,9-12,9
hairstyle,social_studies,9-12,9
hobo,social_studies,9-12,9
illiteracy,social_studies,9-12,9
infernal,social_studies,9-12,9
kami,social_studies,9-12,9
magnanimity,social_studies,9-12,9
mistreatment,social_studies,9-12,9
mummification,social_studies,9-12,9
negotiator,social_studies,9-12,9
publicity,social_studies,9-12,9
readership,social_studies,9-12,9
rectitude,social_studies,9-12,9
reprisal,social_studies,9-12,9
sepulcher,social_studies,9-12,9
shameful,social_studies,9-12,9
spellbound,social_studies,9-12,9
steamy,social_studies,9-12,9
steelworker,social_studies,9-12,9
tirelessly,social_studies,9-12,9
upriver,social_studies,9-12,9
vigil,social_studies,9-12,9
wholesale,social_studies,9-12,9
adjournment,social_studies,9-12,8
appalling,social_studies,9-12,8
automaker,social_studies,9-12,8
cartography,social_studies,9-12,8
condemnation,social_studies,9-12,8
coronation,social_studies,9-12,8
decency,social_studies,9-12,8
endorsement,social_studies,9-12,8
finery,social_studies,9-12,8
gaius,social_studies,9-12,8
grimly,social_studies,9-12,8
overrule,social_studies,9-12,8
peacemaker,social_studies,9-12,8
pogrom,social_studies,9-12,8
seacoast,social_studies,9-12,8
seamstress,social_studies,9-12,8
secondly,social_studies,9-12,8
shaky,social_studies,9-12,8
skirmish,social_studies,9-12,8
songwriter,social_studies,9-12,8
westmoreland,social_studies,9-12,8
apathy,social_studies,9-12,7
boastful,social_studies,9-12,7
breadbasket,social_studies,9-12,7
columnist,social_studies,9-12,7
figurehead,social_studies,9-12,7
flurry,social_studies,9-12,7
gunboat,social_studies,9-12,7
headdress,social_studies,9-12,7
monopolize,social_studies,9-12,7
orphanage,social_studies,9-12,7
pleasantly,social_studies,9-12,7
souk,social_studies,9-12,7
festive,social_studies,9-12,6
hardworking,social_studies,9-12,6
moat,social_studies,9-12,5
