version: 1.0,published: 04/09/2019,date queried: 01/10/2020,email: kepa.bengoetxea@ehu.eus,grade: 5,domains: general

Word,Domain,Grade,Grade 5 Frequency
compromise,general,5,47
percent,general,5,34
advantage,general,5,30
coordinate,general,5,30
approve,general,5,28
additional,general,5,27
assembly,general,5,26
exploration,general,5,25
oppose,general,5,25
arctic,general,5,23
indicate,general,5,23
resistance,general,5,22
approach,general,5,21
origin,general,5,21
reveal,general,5,21
quiz,general,5,20
quotation,general,5,20
quality,general,5,19
adjust,general,5,18
classification,general,5,18
introduction,general,5,18
representation,general,5,18
previous,general,5,17
constant,general,5,16
contribute,general,5,16
development,general,5,16
everyday,general,5,16
feedback,general,5,16
impact,general,5,16
logical,general,5,16
secondary,general,5,16
succession,general,5,16
achieve,general,5,15
define,general,5,15
maintain,general,5,15
severe,general,5,15
consist,general,5,14
lack,general,5,14
viewpoint,general,5,14
category,general,5,13
compact,general,5,13
composition,general,5,13
concern,general,5,13
dependent,general,5,13
depression,general,5,13
despite,general,5,13
detect,general,5,13
efficient,general,5,13
medium,general,5,13
obtain,general,5,13
relation,general,5,13
slightly,general,5,13
transition,general,5,13
version,general,5,13
attribute,general,5,12
engage,general,5,12
importance,general,5,12
mainly,general,5,12
preparation,general,5,12
recall,general,5,12
therefore,general,5,12
various,general,5,12
vast,general,5,12
accuracy,general,5,11
alternative,general,5,11
circulation,general,5,11
concentrate,general,5,11
critique,general,5,11
disadvantage,general,5,11
further,general,5,11
generally,general,5,11
highlight,general,5,11
navigation,general,5,11
neutral,general,5,11
presentation,general,5,11
propose,general,5,11
reliable,general,5,11
spiral,general,5,11
artificial,general,5,10
assessment,general,5,10
behave,general,5,10
confuse,general,5,10
constantly,general,5,10
demonstrate,general,5,10
desire,general,5,10
dominant,general,5,10
exert,general,5,10
gradually,general,5,10
informal,general,5,10
irregular,general,5,10
newly,general,5,10
promote,general,5,10
proportion,general,5,10
resolve,general,5,10
specialize,general,5,10
typical,general,5,10
conjunction,general,5,9
contribution,general,5,9
convey,general,5,9
driven,general,5,9
encounter,general,5,9
expectation,general,5,9
farthest,general,5,9
homonym,general,5,9
incorrect,general,5,9
interaction,general,5,9
perspective,general,5,9
scarce,general,5,9
separation,general,5,9
suggestion,general,5,9
technique,general,5,9
