version: 1.0,published: 04/09/2019,date queried: 01/10/2020,email: kepa.bengoetxea@ehu.eus,grade: 3,domains: general

Word,Domain,Grade,Grade 3 Frequency
affect,general,3,111
organize,general,3,111
represent,general,3,110
critical,general,3,89
factor,general,3,77
separate,general,3,74
locate,general,3,62
prediction,general,3,61
operation,general,3,60
active,general,3,57
depend,general,3,56
section,general,3,56
term,general,3,55
hypothesis,general,3,52
link,general,3,52
focus,general,3,51
similar,general,3,50
standard,general,3,50
express,general,3,46
allow,general,3,45
statement,general,3,45
observation,general,3,43
suppose,general,3,43
improve,general,3,42
adaptation,general,3,40
invent,general,3,40
balance,general,3,37
develop,general,3,37
illustration,general,3,37
definition,general,3,36
display,general,3,35
opposite,general,3,34
phrase,general,3,33
visual,general,3,33
passage,general,3,32
description,general,3,31
interpret,general,3,31
nutrient,general,3,28
characteristic,general,3,27
challenge,general,3,26
determine,general,3,26
multiple,general,3,26
online,general,3,26
prefix,general,3,26
professor,general,3,26
revolve,general,3,26
situation,general,3,26
surround,general,3,26
visualize,general,3,26
combination,general,3,25
conserve,general,3,25
generalize,general,3,25
interact,general,3,25
knowledge,general,3,25
potential,general,3,25
relevant,general,3,25
behavior,general,3,24
evaluate,general,3,24
excite,general,3,23
explanation,general,3,23
interactive,general,3,23
declaration,general,3,22
phase,general,3,22
procedure,general,3,22
response,general,3,22
unique,general,3,22
average,general,3,21
occur,general,3,21
caption,general,3,20
representative,general,3,20
suffix,general,3,20
construct,general,3,19
content,general,3,19
farther,general,3,19
fluency,general,3,19
inherit,general,3,19
relationship,general,3,19
clearly,general,3,18
pronunciation,general,3,18
reasonableness,general,3,18
