version: 1.0,published: 04/09/2019,date queried: 01/10/2020,email: kepa.bengoetxea@ehu.eus,grade: 5,domains: math

Word,Domain,Grade,Grade 5 Frequency
prism,math,5,77
ratio,math,5,53
rectangular,math,5,44
congruent,math,5,37
exponent,math,5,36
cubic,math,5,35
divisor,math,5,32
calculate,math,5,31
compatible,math,5,31
coordinate,math,5,30
dividend,math,5,26
estimation,math,5,24
formula,math,5,24
rotate,math,5,22
numerical,math,5,21
calculator,math,5,20
thousandth,math,5,20
ft,math,5,19
diameter,math,5,18
acre,math,5,17
associative,math,5,17
factorization,math,5,17
slope,math,5,17
triangular,math,5,17
vertical,math,5,17
benchmark,math,5,14
rhombus,math,5,14
horizontal,math,5,13
homograph,math,5,12
index,math,5,12
median,math,5,12
vertices,math,5,12
gcf,math,5,11
lcm,math,5,11
