version: 1.0,published: 04/09/2019,date queried: 01/10/2020,email: kepa.bengoetxea@ehu.eus,grade: 9-12,domains: math

Word,Domain,Grade,Grade 9-12 Frequency
calorie,math,9-12,130
horizontally,math,9-12,98
orientation,math,9-12,96
complementary,math,9-12,95
vertically,math,9-12,86
counterclockwise,math,9-12,84
matrices,math,9-12,83
scatterplot,math,9-12,81
conjugate,math,9-12,77
logarithmic,math,9-12,76
corollary,math,9-12,75
elimination,math,9-12,75
trillion,math,9-12,69
radii,math,9-12,67
equidistant,math,9-12,65
dimensional,math,9-12,64
inversely,math,9-12,61
endpoint,math,9-12,59
asymptote,math,9-12,57
nonlinear,math,9-12,57
algorithm,math,9-12,56
discrete,math,9-12,55
clockwise,math,9-12,54
nonzero,math,9-12,53
oval,math,9-12,53
mathematically,math,9-12,51
constraint,math,9-12,50
algebraically,math,9-12,49
concurrent,math,9-12,46
hexagon,math,9-12,46
proportionality,math,9-12,46
spreadsheet,math,9-12,45
trinomial,math,9-12,45
maximize,math,9-12,44
midpoints,math,9-12,44
parameter,math,9-12,44
approximation,math,9-12,43
equivalence,math,9-12,42
straightedge,math,9-12,42
infinity,math,9-12,41
parabolic,math,9-12,41
secant,math,9-12,41
counterexample,math,9-12,40
fractional,math,9-12,40
graphically,math,9-12,40
numeral,math,9-12,39
integral,math,9-12,38
skew,math,9-12,38
parametric,math,9-12,37
piecewise,math,9-12,37
centroid,math,9-12,36
cylindrical,math,9-12,36
undefined,math,9-12,34
concurrency,math,9-12,33
protractor,math,9-12,32
trigonometry,math,9-12,32
iteration,math,9-12,30
derivative,math,9-12,29
graphical,math,9-12,29
iterate,math,9-12,29
concentric,math,9-12,28
scalar,math,9-12,27
percentile,math,9-12,26
collinear,math,9-12,25
sigma,math,9-12,25
shorthand,math,9-12,23
coplanar,math,9-12,22
exponentially,math,9-12,22
oblique,math,9-12,22
computation,math,9-12,21
discriminant,math,9-12,21
boxplot,math,9-12,20
enlargement,math,9-12,20
categorical,math,9-12,19
contrapositive,math,9-12,19
equiangular,math,9-12,19
halve,math,9-12,19
hexagonal,math,9-12,19
depreciation,math,9-12,18
factorial,math,9-12,18
scalene,math,9-12,18
symmetrical,math,9-12,18
foci,math,9-12,17
multiplicative,math,9-12,17
octagon,math,9-12,17
quantitatively,math,9-12,17
hyperbola,math,9-12,16
midline,math,9-12,16
apex,math,9-12,15
nonvertical,math,9-12,15
quartic,math,9-12,15
subset,math,9-12,15
cotangent,math,9-12,14
lox,math,9-12,14
prerequisite,math,9-12,14
redraw,math,9-12,14
tangency,math,9-12,14
adjacency,math,9-12,13
randomization,math,9-12,13
geometrically,math,9-12,12
skydiver,math,9-12,12
statistician,math,9-12,12
tetrahedron,math,9-12,12
visualization,math,9-12,12
isometric,math,9-12,11
numeric,math,9-12,11
numerically,math,9-12,11
placebo,math,9-12,11
recursion,math,9-12,11
simplification,math,9-12,11
bungee,math,9-12,10
extrapolate,math,9-12,10
megawatt,math,9-12,10
causation,math,9-12,9
decagon,math,9-12,9
interchange,math,9-12,9
noncollinear,math,9-12,9
nonnegative,math,9-12,9
coterminal,math,9-12,7
truss,math,9-12,7
recursively,math,9-12,6
removable,math,9-12,6
impedance,math,9-12,5
interpolation,math,9-12,5
nonadjacent,math,9-12,5
bivariate,math,9-12,4
cofunction,math,9-12,4
decimeter,math,9-12,4
dodecagon,math,9-12,4
pentagonal,math,9-12,4
markup,math,9-12,2
polygonal,math,9-12,2
polyhedra,math,9-12,2
rhombi,math,9-12,2
gigabyte,math,9-12,1
heptagon,math,9-12,1
keystroke,math,9-12,1
tabular,math,9-12,1
multidigit,math,9-12,0
tangram,math,9-12,0
ungroup,math,9-12,0
