version: 1.0,published: 04/09/2019,date queried: 01/10/2020,email: kepa.bengoetxea@ehu.eus,grade: 4,domains: social_studies

Word,Domain,Grade,Grade 4 Frequency
coastal,social_studies,4,37
expedition,social_studies,4,19
confederate,social_studies,4,17
plantation,social_studies,4,16
tourism,social_studies,4,16
viceroy,social_studies,4,16
treaty,social_studies,4,15
badlands,social_studies,4,14
servant,social_studies,4,14
diverse,social_studies,4,13
steamboat,social_studies,4,13
coastline,social_studies,4,12
fertile,social_studies,4,12
barrier,social_studies,4,11
stock,social_studies,4,10
colonel,social_studies,4,9
resident,social_studies,4,9
timber,social_studies,4,9
mummy,social_studies,4,8
reconstruction,social_studies,4,8
abolitionist,social_studies,4,7
interstate,social_studies,4,7
invasion,social_studies,4,7
landowner,social_studies,4,7
panhandle,social_studies,4,7
rebuild,social_studies,4,7
wealthy,social_studies,4,7
agricultural,social_studies,4,6
cowhand,social_studies,4,6
descendant,social_studies,4,6
inset,social_studies,4,6
mainland,social_studies,4,6
metropolitan,social_studies,4,6
migrant,social_studies,4,6
potlatch,social_studies,4,6
pottery,social_studies,4,6
prospector,social_studies,4,6
savannah,social_studies,4,6
sod,social_studies,4,6
victory,social_studies,4,6
violence,social_studies,4,6
admit,social_studies,4,5
discrimination,social_studies,4,5
gorge,social_studies,4,5
industrial,social_studies,4,5
refinery,social_studies,4,5
register,social_studies,4,5
sacrifice,social_studies,4,5
segregate,social_studies,4,5
statehood,social_studies,4,5
textile,social_studies,4,5
timberline,social_studies,4,5
upland,social_studies,4,5
abolish,social_studies,4,4
admission,social_studies,4,4
agency,social_studies,4,4
ally,social_studies,4,4
archaeologist,social_studies,4,4
arid,social_studies,4,4
ban,social_studies,4,4
dugout,social_studies,4,4
hardship,social_studies,4,4
hieroglyph,social_studies,4,4
levy,social_studies,4,4
megalopolis,social_studies,4,4
missionary,social_studies,4,4
politics,social_studies,4,4
powwow,social_studies,4,4
priest,social_studies,4,4
resort,social_studies,4,4
scholar,social_studies,4,4
secede,social_studies,4,4
soviet,social_studies,4,4
surrender,social_studies,4,4
totem,social_studies,4,4
tributary,social_studies,4,4
wage,social_studies,4,4
warrior,social_studies,4,4
administration,social_studies,4,3
allusion,social_studies,4,3
aqueduct,social_studies,4,3
authority,social_studies,4,3
bargain,social_studies,4,3
blockade,social_studies,4,3
bomb,social_studies,4,3
commerce,social_studies,4,3
compensation,social_studies,4,3
conquer,social_studies,4,3
defeat,social_studies,4,3
disability,social_studies,4,3
dispute,social_studies,4,3
emancipation,social_studies,4,3
fleet,social_studies,4,3
fund,social_studies,4,3
headquarter,social_studies,4,3
hilly,social_studies,4,3
inlet,social_studies,4,3
invade,social_studies,4,3
lasso,social_studies,4,3
lowland,social_studies,4,3
missile,social_studies,4,3
mountainous,social_studies,4,3
newcomer,social_studies,4,3
nomad,social_studies,4,3
obedience,social_studies,4,3
politician,social_studies,4,3
pope,social_studies,4,3
presidential,social_studies,4,3
prison,social_studies,4,3
proclamation,social_studies,4,3
recruit,social_studies,4,3
reform,social_studies,4,3
regional,social_studies,4,3
relocate,social_studies,4,3
removal,social_studies,4,3
sacred,social_studies,4,3
saint,social_studies,4,3
spy,social_studies,4,3
sugarcane,social_studies,4,3
unfairly,social_studies,4,3
amend,social_studies,4,2
anger,social_studies,4,2
antecedent,social_studies,4,2
archipelago,social_studies,4,2
boomtown,social_studies,4,2
boost,social_studies,4,2
catholic,social_studies,4,2
ceremonial,social_studies,4,2
chairman,social_studies,4,2
cheaply,social_studies,4,2
civilize,social_studies,4,2
clan,social_studies,4,2
committee,social_studies,4,2
crisscross,social_studies,4,2
dictator,social_studies,4,2
economically,social_studies,4,2
flashback,social_studies,4,2
floodwater,social_studies,4,2
foothill,social_studies,4,2
globalization,social_studies,4,2
hatred,social_studies,4,2
institute,social_studies,4,2
institution,social_studies,4,2
investor,social_studies,4,2
machinery,social_studies,4,2
mapmaker,social_studies,4,2
membership,social_studies,4,2
mistreat,social_studies,4,2
modem,social_studies,4,2
naval,social_studies,4,2
ordinance,social_studies,4,2
oversee,social_studies,4,2
ownership,social_studies,4,2
passport,social_studies,4,2
pharaoh,social_studies,4,2
philippine,social_studies,4,2
pike,social_studies,4,2
pipeline,social_studies,4,2
poll,social_studies,4,2
progressive,social_studies,4,2
province,social_studies,4,2
punish,social_studies,4,2
railway,social_studies,4,2
ratify,social_studies,4,2
reluctantly,social_studies,4,2
renaissance,social_studies,4,2
rubble,social_studies,4,2
salutation,social_studies,4,2
sawmill,social_studies,4,2
seasonal,social_studies,4,2
serpent,social_studies,4,2
session,social_studies,4,2
sharecrop,social_studies,4,2
tenement,social_studies,4,2
unemployed,social_studies,4,2
urbanization,social_studies,4,2
