version: 1.0,published: 04/09/2019,date queried: 01/10/2020,email: kepa.bengoetxea@ehu.eus,grade: 6-8,"domains: general, social_studies, math, science"

Word,Domain,Grade,Grade 6-8 Frequency
analysis,general,6-8,578
absolute,general,6-8,518
variation,general,6-8,357
academic,general,6-8,306
conjecture,general,6-8,298
association,general,6-8,291
interval,general,6-8,274
standardize,general,6-8,255
initial,general,6-8,223
percentage,general,6-8,210
approximate,general,6-8,203
translate,general,6-8,203
modify,general,6-8,199
randomly,general,6-8,199
conditional,general,6-8,190
periodic,general,6-8,187
approximately,general,6-8,184
objective,general,6-8,184
appeal,general,6-8,179
cite,general,6-8,178
principle,general,6-8,173
statistics,general,6-8,170
assess,general,6-8,169
verify,general,6-8,169
experimental,general,6-8,162
universal,general,6-8,157
alternate,general,6-8,151
annual,general,6-8,151
effective,general,6-8,151
bias,general,6-8,148
precision,general,6-8,147
eliminate,general,6-8,145
integration,general,6-8,144
satisfy,general,6-8,143
arrangement,general,6-8,141
calculation,general,6-8,138
extension,general,6-8,138
trend,general,6-8,125
assign,general,6-8,123
noble,general,6-8,121
thus,general,6-8,120
indirect,general,6-8,114
enable,general,6-8,113
emphasize,general,6-8,112
paraphrase,general,6-8,112
participate,general,6-8,112
aspect,general,6-8,111
continuous,general,6-8,110
compose,general,6-8,109
insight,general,6-8,109
enlarge,general,6-8,107
consult,general,6-8,106
interpretation,general,6-8,103
complement,general,6-8,102
distinct,general,6-8,101
instance,general,6-8,101
distinguish,general,6-8,100
format,general,6-8,97
distribute,general,6-8,96
synthesize,general,6-8,96
verbal,general,6-8,94
downward,general,6-8,93
margin,general,6-8,92
slant,general,6-8,90
dynamic,general,6-8,87
significant,general,6-8,87
confirm,general,6-8,86
valid,general,6-8,86
brainstorm,general,6-8,82
external,general,6-8,82
prior,general,6-8,82
restate,general,6-8,82
effectively,general,6-8,81
operate,general,6-8,81
fundamental,general,6-8,80
peer,general,6-8,79
isolate,general,6-8,78
greatly,general,6-8,77
accurately,general,6-8,76
commonly,general,6-8,76
dramatic,general,6-8,75
frequently,general,6-8,74
logically,general,6-8,73
singular,general,6-8,72
advertise,general,6-8,71
apparent,general,6-8,70
span,general,6-8,69
similarly,general,6-8,68
insert,general,6-8,67
climax,general,6-8,66
educate,general,6-8,66
imply,general,6-8,66
achievement,general,6-8,65
creative,general,6-8,65
boldface,general,6-8,64
informative,general,6-8,64
properly,general,6-8,64
ensure,general,6-8,63
fully,general,6-8,63
analogy,general,6-8,62
assumption,general,6-8,62
restrict,general,6-8,62
occupy,general,6-8,61
regard,general,6-8,61
complicate,general,6-8,60
enclose,general,6-8,60
intend,general,6-8,60
optical,general,6-8,60
intensity,general,6-8,59
tendency,general,6-8,59
virtual,general,6-8,59
admire,general,6-8,58
conversion,general,6-8,58
inductively,general,6-8,58
rapid,general,6-8,58
respectively,general,6-8,58
yield,general,6-8,58
breed,general,6-8,57
cumulative,general,6-8,57
subordinate,general,6-8,57
suspect,general,6-8,57
chronological,general,6-8,56
continuously,general,6-8,56
efficiency,general,6-8,56
undergo,general,6-8,56
categorize,general,6-8,55
rearrange,general,6-8,55
typically,general,6-8,55
update,general,6-8,55
revision,general,6-8,54
usage,general,6-8,54
derive,general,6-8,53
overlap,general,6-8,53
consistent,general,6-8,52
criteria,general,6-8,52
integrate,general,6-8,52
multimedia,general,6-8,52
atmospheric,general,6-8,51
explanatory,general,6-8,51
literacy,general,6-8,51
practical,general,6-8,51
resemble,general,6-8,51
widely,general,6-8,51
descend,general,6-8,50
improvement,general,6-8,50
obstacle,general,6-8,50
publication,general,6-8,50
simulate,general,6-8,50
briefly,general,6-8,49
highly,general,6-8,49
characterization,general,6-8,48
fascinate,general,6-8,48
hypothesize,general,6-8,48
precede,general,6-8,48
employ,general,6-8,47
restriction,general,6-8,47
anecdote,general,6-8,46
rubric,general,6-8,46
speculate,general,6-8,46
currently,general,6-8,45
limitation,general,6-8,45
meaningful,general,6-8,45
regularly,general,6-8,45
relatively,general,6-8,45
tightly,general,6-8,45
dominate,general,6-8,44
gender,general,6-8,44
organizational,general,6-8,44
participant,general,6-8,44
requirement,general,6-8,44
sufficient,general,6-8,44
systematic,general,6-8,44
circumstance,general,6-8,43
fictional,general,6-8,43
passive,general,6-8,43
specify,general,6-8,43
technical,general,6-8,43
acquire,general,6-8,42
logic,general,6-8,42
mythology,general,6-8,42
recreation,general,6-8,42
unfold,general,6-8,42
exposition,general,6-8,41
inductive,general,6-8,41
scheme,general,6-8,41
timeline,general,6-8,41
consequence,general,6-8,40
factual,general,6-8,40
astronomy,general,6-8,39
characterize,general,6-8,39
evolve,general,6-8,39
focal,general,6-8,39
quantitative,general,6-8,39
alter,general,6-8,38
denote,general,6-8,38
functional,general,6-8,38
observational,general,6-8,38
collaboration,general,6-8,37
comparative,general,6-8,37
fame,general,6-8,37
finite,general,6-8,37
orient,general,6-8,37
spun,general,6-8,37
caution,general,6-8,36
donate,general,6-8,36
exhaust,general,6-8,36
qualitative,general,6-8,36
symbolic,general,6-8,36
align,general,6-8,35
convenient,general,6-8,35
manipulate,general,6-8,35
propel,general,6-8,35
shield,general,6-8,35
significance,general,6-8,35
somewhat,general,6-8,35
exceed,general,6-8,34
exception,general,6-8,34
incomplete,general,6-8,34
keyword,general,6-8,34
originate,general,6-8,34
outward,general,6-8,34
reduction,general,6-8,34
unexpected,general,6-8,34
capitalize,general,6-8,33
destructive,general,6-8,33
occurrence,general,6-8,33
quest,general,6-8,33
rarely,general,6-8,33
steadily,general,6-8,33
symbolize,general,6-8,33
adequate,general,6-8,32
afterward,general,6-8,32
analytical,general,6-8,32
anticipate,general,6-8,32
classical,general,6-8,32
complexity,general,6-8,32
freely,general,6-8,32
impress,general,6-8,32
interfere,general,6-8,32
memorable,general,6-8,32
narration,general,6-8,32
numerous,general,6-8,32
partly,general,6-8,32
slight,general,6-8,32
suspend,general,6-8,32
thrive,general,6-8,32
deeply,general,6-8,31
enhance,general,6-8,31
favorable,general,6-8,31
motivation,general,6-8,31
regularity,general,6-8,31
thoroughly,general,6-8,31
uncover,general,6-8,31
vague,general,6-8,31
watt,general,6-8,31
contradiction,general,6-8,30
install,general,6-8,30
regulation,general,6-8,30
smoothly,general,6-8,30
technological,general,6-8,30
visually,general,6-8,30
brightly,general,6-8,29
annually,general,6-8,28
displace,general,6-8,28
educational,general,6-8,28
excess,general,6-8,28
introductory,general,6-8,28
regardless,general,6-8,28
reinforce,general,6-8,28
repel,general,6-8,28
shortage,general,6-8,28
spite,general,6-8,28
suitable,general,6-8,28
textual,general,6-8,28
worldwide,general,6-8,28
fitness,general,6-8,27
selective,general,6-8,27
separately,general,6-8,27
vital,general,6-8,27
exposure,general,6-8,26
likewise,general,6-8,26
minimize,general,6-8,26
partially,general,6-8,26
perceive,general,6-8,26
portable,general,6-8,26
abbreviation,general,6-8,25
converge,general,6-8,25
determination,general,6-8,25
flaw,general,6-8,25
mislead,general,6-8,25
persuasion,general,6-8,25
roughly,general,6-8,25
submersible,general,6-8,25
unbiased,general,6-8,25
unchanged,general,6-8,25
coherent,general,6-8,24
effectiveness,general,6-8,24
efficiently,general,6-8,24
incorporate,general,6-8,24
yearly,general,6-8,24
probability,math,6-8,1513
inequality,math,6-8,1502
theorem,math,6-8,1234
linear,math,6-8,1170
polynomial,math,6-8,903
h,math,6-8,902
quadratic,math,6-8,885
inverse,math,6-8,850
vertex,math,6-8,729
distribution,math,6-8,644
radius,math,6-8,641
correspond,math,6-8,615
integer,math,6-8,599
transformation,math,6-8,592
geometric,math,6-8,577
exponential,math,6-8,561
substitute,math,6-8,543
intersect,math,6-8,534
mathematics,math,6-8,505
parabola,math,6-8,483
rewrite,math,6-8,481
dimension,math,6-8,456
interior,math,6-8,407
maximum,math,6-8,400
arc,math,6-8,380
deviation,math,6-8,366
translation,math,6-8,366
coefficient,math,6-8,356
tangent,math,6-8,353
notation,math,6-8,351
arithmetic,math,6-8,349
geometry,math,6-8,334
sine,math,6-8,326
intersection,math,6-8,323
trigonometric,math,6-8,323
algebraic,math,6-8,319
cosine,math,6-8,317
conjecture,math,6-8,298
minimum,math,6-8,289
interval,math,6-8,274
trapezoid,math,6-8,274
scatter,math,6-8,269
sphere,math,6-8,260
quartile,math,6-8,259
diagonal,math,6-8,258
intercept,math,6-8,254
histogram,math,6-8,252
matrix,math,6-8,250
bisector,math,6-8,244
isosceles,math,6-8,244
binomial,math,6-8,243
dilation,math,6-8,236
congruence,math,6-8,234
midpoint,math,6-8,233
circumference,math,6-8,218
proportional,math,6-8,217
altitude,math,6-8,212
portion,math,6-8,209
approximate,math,6-8,203
pythagorean,math,6-8,200
logarithm,math,6-8,199
randomly,math,6-8,199
hypotenuse,math,6-8,197
exterior,math,6-8,192
mode,math,6-8,188
consecutive,math,6-8,187
postulate,math,6-8,187
substitution,math,6-8,183
reciprocal,math,6-8,178
simulation,math,6-8,178
lateral,math,6-8,171
circular,math,6-8,170
radian,math,6-8,169
supplementary,math,6-8,169
converse,math,6-8,165
correlation,math,6-8,162
equilateral,math,6-8,162
regression,math,6-8,159
symmetric,math,6-8,153
variability,math,6-8,152
adjacent,math,6-8,150
quadrant,math,6-8,150
recursive,math,6-8,147
calculation,math,6-8,138
permutation,math,6-8,135
residual,math,6-8,134
transversal,math,6-8,132
inscribe,math,6-8,131
polyhedron,math,6-8,119
multiplier,math,6-8,118
abstractly,math,6-8,117
bisect,math,6-8,117
theoretical,math,6-8,116
overlap,math,6-8,53
finite,math,6-8,37
periodic,science,6-8,187
allele,science,6-8,159
precision,science,6-8,147
terminal,science,6-8,99
radioactive,science,6-8,93
vector,science,6-8,92
valence,science,6-8,90
voltage,science,6-8,90
cancer,science,6-8,89
reproductive,science,6-8,83
homeostasis,science,6-8,81
vitamin,science,6-8,77
carbohydrate,science,6-8,75
component,science,6-8,68
isotope,science,6-8,63
evolution,science,6-8,62
optical,science,6-8,60
conversion,science,6-8,58
meiosis,science,6-8,58
ionic,science,6-8,54
synthetic,science,6-8,54
amino,science,6-8,53
glucose,science,6-8,52
hydrocarbon,science,6-8,52
atmospheric,science,6-8,51
buoyant,science,6-8,51
dilate,science,6-8,50
enzyme,science,6-8,50
emit,science,6-8,49
mitosis,science,6-8,48
physics,science,6-8,48
phenotype,science,6-8,46
spherical,science,6-8,46
nuclei,science,6-8,45
relatively,science,6-8,45
rotational,science,6-8,45
biodiversity,science,6-8,43
synthesis,science,6-8,43
europa,science,6-8,42
genotype,science,6-8,42
inheritance,science,6-8,42
pigment,science,6-8,42
transverse,science,6-8,42
diffusion,science,6-8,41
topographic,science,6-8,40
covalent,science,6-8,39
evolve,science,6-8,39
fission,science,6-8,39
focal,science,6-8,39
oceanic,science,6-8,39
positively,science,6-8,39
zygote,science,6-8,39
antibody,science,6-8,38
immunity,science,6-8,38
uterus,science,6-8,38
gamma,science,6-8,37
centipede,science,6-8,36
interference,science,6-8,36
lipid,science,6-8,36
stimuli,science,6-8,36
fusion,science,6-8,35
biological,science,6-8,34
fetus,science,6-8,34
overlapping,science,6-8,34
reduction,science,6-8,34
starch,science,6-8,34
colon,science,6-8,33
cyclic,science,6-8,33
pathogen,science,6-8,33
tidal,science,6-8,33
methane,science,6-8,32
multilingual,science,6-8,32
retina,science,6-8,32
solstice,science,6-8,32
sunscreen,science,6-8,32
terrestrial,science,6-8,32
antigen,science,6-8,31
molecular,science,6-8,31
negatively,science,6-8,31
appendix,science,6-8,30
emission,science,6-8,30
genetics,science,6-8,30
infectious,science,6-8,30
kelvin,science,6-8,30
replication,science,6-8,30
trough,science,6-8,30
bacterial,science,6-8,29
longitudinal,science,6-8,29
piston,science,6-8,29
potassium,science,6-8,29
stratosphere,science,6-8,29
bacterium,science,6-8,28
cleavage,science,6-8,28
displace,science,6-8,28
divergent,science,6-8,28
excess,science,6-8,28
insulin,science,6-8,28
repel,science,6-8,28
symptom,science,6-8,28
decomposition,science,6-8,27
endothermic,science,6-8,27
landmass,science,6-8,27
martian,science,6-8,27
pupil,science,6-8,27
absorption,science,6-8,26
alpha,science,6-8,26
antenna,science,6-8,26
ecoregion,science,6-8,26
magnification,science,6-8,26
mesozoic,science,6-8,26
receptor,science,6-8,26
smog,science,6-8,26
watershed,science,6-8,26
cartilage,science,6-8,25
convergent,science,6-8,25
eukaryotic,science,6-8,25
exothermic,science,6-8,25
lymphatic,science,6-8,25
nucleic,science,6-8,25
unstable,science,6-8,25
eukaryote,science,6-8,24
transmission,science,6-8,24
ultrasound,science,6-8,24
bloodstream,science,6-8,23
diploid,science,6-8,23
genetically,science,6-8,23
haploid,science,6-8,23
interphase,science,6-8,23
phosphorus,science,6-8,23
topography,science,6-8,23
alkali,science,6-8,22
allergy,science,6-8,22
amoeba,science,6-8,22
anode,science,6-8,22
bilateral,science,6-8,22
binary,science,6-8,22
diabetes,science,6-8,22
hydroxide,science,6-8,22
ohm,science,6-8,22
steepness,science,6-8,22
viscosity,science,6-8,22
activation,science,6-8,21
adulthood,science,6-8,21
beverage,science,6-8,21
cardiovascular,science,6-8,21
catalyst,science,6-8,21
cnidarian,science,6-8,21
displacement,science,6-8,21
elastic,science,6-8,21
equinox,science,6-8,21
neon,science,6-8,21
node,science,6-8,21
prokaryote,science,6-8,21
semiconductor,science,6-8,21
tumor,science,6-8,21
alveoli,science,6-8,20
aurora,science,6-8,20
hyphae,science,6-8,20
asthma,science,6-8,19
cellulose,science,6-8,19
chromatid,science,6-8,19
connective,science,6-8,19
fermentation,science,6-8,19
glacial,science,6-8,19
homogeneous,science,6-8,19
nonpolar,science,6-8,19
pasture,science,6-8,19
rarefaction,science,6-8,19
contaminate,science,6-8,18
eardrum,science,6-8,18
empirical,science,6-8,18
eyepiece,science,6-8,18
hazardous,science,6-8,18
menstrual,science,6-8,18
orbital,science,6-8,18
pancreas,science,6-8,18
placenta,science,6-8,18
scuba,science,6-8,18
seedless,science,6-8,18
silica,science,6-8,18
subduction,science,6-8,18
submerge,science,6-8,18
unsaturated,science,6-8,18
cardiac,science,6-8,17
cohesion,science,6-8,17
detector,science,6-8,17
homologous,science,6-8,17
mesosphere,science,6-8,17
nucleotide,science,6-8,17
operational,science,6-8,17
peripheral,science,6-8,17
platelet,science,6-8,17
puck,science,6-8,17
radial,science,6-8,17
slime,science,6-8,17
viral,science,6-8,17
abrasion,science,6-8,16
appendage,science,6-8,16
beta,science,6-8,16
brittle,science,6-8,16
calcite,science,6-8,16
centripetal,science,6-8,16
chordate,science,6-8,16
cinder,science,6-8,16
deforestation,science,6-8,16
dispersal,science,6-8,16
fluorine,science,6-8,16
fracture,science,6-8,16
heterozygous,science,6-8,16
pathway,science,6-8,16
pivot,science,6-8,16
reactor,science,6-8,16
reflex,science,6-8,16
slit,science,6-8,16
testes,science,6-8,16
thermosphere,science,6-8,16
toothpaste,science,6-8,16
transistor,science,6-8,16
algal,science,6-8,15
armature,science,6-8,15
axon,science,6-8,15
carbonate,science,6-8,15
cholera,science,6-8,15
detergent,science,6-8,15
diaphragm,science,6-8,15
diffuse,science,6-8,15
ecological,science,6-8,15
electrically,science,6-8,15
endoskeleton,science,6-8,15
eon,science,6-8,15
fingerprint,science,6-8,15
galvanometer,science,6-8,15
ginkgo,science,6-8,15
heartbeat,science,6-8,15
heterogeneous,science,6-8,15
hydraulic,science,6-8,15
illuminate,science,6-8,15
inflammatory,science,6-8,15
inhale,science,6-8,15
inversion,science,6-8,15
modulation,science,6-8,15
noninfectious,science,6-8,15
osmosis,science,6-8,15
ovule,science,6-8,15
protozoan,science,6-8,15
syndrome,science,6-8,15
vaccination,science,6-8,15
argon,science,6-8,14
bony,science,6-8,14
cholesterol,science,6-8,14
cochlea,science,6-8,14
disposal,science,6-8,14
epidermis,science,6-8,14
extract,science,6-8,14
fishery,science,6-8,14
flask,science,6-8,14
heterotroph,science,6-8,14
hurl,science,6-8,14
monoxide,science,6-8,14
obsidian,science,6-8,14
permafrost,science,6-8,14
permeable,science,6-8,14
photosphere,science,6-8,14
reactant,science,6-8,14
seafloor,science,6-8,14
sexually,science,6-8,14
subarctic,science,6-8,14
umbra,science,6-8,14
urinary,science,6-8,14
vagina,science,6-8,14
vaporization,science,6-8,14
adolescence,science,6-8,13
asthenosphere,science,6-8,13
caffeine,science,6-8,13
charcoal,science,6-8,13
deflation,science,6-8,13
dermis,science,6-8,13
diatom,science,6-8,13
diffraction,science,6-8,13
endoplasmic,science,6-8,13
excrete,science,6-8,13
fallopian,science,6-8,13
flatworm,science,6-8,13
geocentric,science,6-8,13
gully,science,6-8,13
heliocentric,science,6-8,13
hertz,science,6-8,13
hydrochloric,science,6-8,13
inject,science,6-8,13
loess,science,6-8,13
luminous,science,6-8,13
mechanism,science,6-8,13
nephron,science,6-8,13
oceanographer,science,6-8,13
pituitary,science,6-8,13
polarize,science,6-8,13
prokaryotic,science,6-8,13
radiate,science,6-8,13
resonance,science,6-8,13
shear,science,6-8,13
solenoid,science,6-8,13
stimulate,science,6-8,13
subtropical,science,6-8,13
supergiant,science,6-8,13
uplift,science,6-8,13
alpine,science,6-8,12
cavern,science,6-8,12
coarse,science,6-8,12
cornea,science,6-8,12
electrode,science,6-8,12
excretion,science,6-8,12
fingernail,science,6-8,12
fluorescent,science,6-8,12
gecko,science,6-8,12
geology,science,6-8,12
invert,science,6-8,12
ionosphere,science,6-8,12
isobar,science,6-8,12
ligament,science,6-8,12
meander,science,6-8,12
microbe,science,6-8,12
mole,science,6-8,12
overtone,science,6-8,12
parallax,science,6-8,12
petri,science,6-8,12
pharynx,science,6-8,12
planetary,science,6-8,12
pregnancy,science,6-8,12
reticulum,science,6-8,12
roundworm,science,6-8,12
telophase,science,6-8,12
transfusion,science,6-8,12
utility,science,6-8,12
vitreous,science,6-8,12
anaphase,science,6-8,11
apparatus,science,6-8,11
boreal,science,6-8,11
bronchi,science,6-8,11
cerebrum,science,6-8,11
conceptual,science,6-8,11
corpus,science,6-8,11
crustacean,science,6-8,11
epoch,science,6-8,11
fatty,science,6-8,11
fig,science,6-8,11
flammable,science,6-8,11
forearm,science,6-8,11
gizzard,science,6-8,11
hibernation,science,6-8,11
hypothalamus,science,6-8,11
lander,science,6-8,11
longshore,science,6-8,11
medusa,science,6-8,11
mica,science,6-8,11
microclimate,science,6-8,11
monomer,science,6-8,11
photochemical,science,6-8,11
physicist,science,6-8,11
prophase,science,6-8,11
pseudopod,science,6-8,11
reddish,science,6-8,11
resultant,science,6-8,11
seaweed,science,6-8,11
sloth,science,6-8,11
spongy,science,6-8,11
subgroup,science,6-8,11
sustainable,science,6-8,11
thermostat,science,6-8,11
utensil,science,6-8,11
venom,science,6-8,11
autotroph,science,6-8,10
clastic,science,6-8,10
cleanup,science,6-8,10
clot,science,6-8,10
contamination,science,6-8,10
crystalline,science,6-8,10
cuticle,science,6-8,10
dike,science,6-8,10
dilute,science,6-8,10
endospore,science,6-8,10
ferromagnetic,science,6-8,10
gametophyte,science,6-8,10
gravitation,science,6-8,10
hydra,science,6-8,10
hydronium,science,6-8,10
hydrothermal,science,6-8,10
ignite,science,6-8,10
infancy,science,6-8,10
kettle,science,6-8,10
larynx,science,6-8,10
leafy,science,6-8,10
linkage,science,6-8,10
lithium,science,6-8,10
liverwort,science,6-8,10
metaphase,science,6-8,10
mitochondrion,science,6-8,10
mudflow,science,6-8,10
nebulae,science,6-8,10
nitrate,science,6-8,10
ooze,science,6-8,10
osteoporosis,science,6-8,10
pascal,science,6-8,10
passageway,science,6-8,10
photosynthetic,science,6-8,10
radish,science,6-8,10
semen,science,6-8,10
shale,science,6-8,10
sinkhole,science,6-8,10
subdivide,science,6-8,10
subscript,science,6-8,10
symbiotic,science,6-8,10
urea,science,6-8,10
urethra,science,6-8,10
wastewater,science,6-8,10
abdomen,science,6-8,9
adrenaline,science,6-8,9
alkaline,science,6-8,9
amorphous,science,6-8,9
amplify,science,6-8,9
antennae,science,6-8,9
atherosclerosis,science,6-8,9
birch,science,6-8,9
birthrate,science,6-8,9
blurry,science,6-8,9
canister,science,6-8,9
colorblindness,science,6-8,9
conjugation,science,6-8,9
correlate,science,6-8,9
crystallize,science,6-8,9
cystic,science,6-8,9
desertification,science,6-8,9
doorknob,science,6-8,9
electrolyte,science,6-8,9
equilibrium,science,6-8,9
feldspar,science,6-8,9
fertility,science,6-8,9
fibrosis,science,6-8,9
fixation,science,6-8,9
foliate,science,6-8,9
forage,science,6-8,9
fossilize,science,6-8,9
gaseous,science,6-8,9
gemstone,science,6-8,9
gestation,science,6-8,9
glassware,science,6-8,9
headland,science,6-8,9
hemoglobin,science,6-8,9
homozygous,science,6-8,9
inactive,science,6-8,9
influenza,science,6-8,9
instantaneous,science,6-8,9
intake,science,6-8,9
intrusion,science,6-8,9
loudspeaker,science,6-8,9
luminosity,science,6-8,9
malleability,science,6-8,9
malleable,science,6-8,9
marsupial,science,6-8,9
notochord,science,6-8,9
nourish,science,6-8,9
pulmonary,science,6-8,9
pumice,science,6-8,9
pyrite,science,6-8,9
radioactivity,science,6-8,9
reactivity,science,6-8,9
reflector,science,6-8,9
sandbar,science,6-8,9
seesaw,science,6-8,9
semiarid,science,6-8,9
sewage,science,6-8,9
slate,science,6-8,9
snowstorm,science,6-8,9
sulfide,science,6-8,9
tarantula,science,6-8,9
thaw,science,6-8,9
trophic,science,6-8,9
umbilical,science,6-8,9
unconformity,science,6-8,9
ureter,science,6-8,9
vertebrae,science,6-8,9
villi,science,6-8,9
activate,science,6-8,8
aerobic,science,6-8,8
amniotic,science,6-8,8
amp,science,6-8,8
ampere,science,6-8,8
anticyclone,science,6-8,8
auxin,science,6-8,8
biosphere,science,6-8,8
biotechnology,science,6-8,8
canopy,science,6-8,8
catfish,science,6-8,8
cerebellum,science,6-8,8
chickenpox,science,6-8,8
chromatin,science,6-8,8
clog,science,6-8,8
combustible,science,6-8,8
conveyor,science,6-8,8
crevice,science,6-8,8
deflect,science,6-8,8
dendrite,science,6-8,8
diode,science,6-8,8
dispersion,science,6-8,8
eject,science,6-8,8
epithelial,science,6-8,8
equatorial,science,6-8,8
ethanol,science,6-8,8
eutrophication,science,6-8,8
femur,science,6-8,8
flamingo,science,6-8,8
frond,science,6-8,8
gibbon,science,6-8,8
gradient,science,6-8,8
halite,science,6-8,8
halogen,science,6-8,8
halogens,science,6-8,8
helix,science,6-8,8
hominid,science,6-8,8
horsetail,science,6-8,8
inhalation,science,6-8,8
inhibitor,science,6-8,8
intrusive,science,6-8,8
jaguar,science,6-8,8
magnetize,science,6-8,8
neutralization,science,6-8,8
offshore,science,6-8,8
optimum,science,6-8,8
oscillation,science,6-8,8
paramecium,science,6-8,8
parasitism,science,6-8,8
peroxide,science,6-8,8
platypus,science,6-8,8
polyester,science,6-8,8
projectile,science,6-8,8
propane,science,6-8,8
purebred,science,6-8,8
pyroclastic,science,6-8,8
rectum,science,6-8,8
socket,science,6-8,8
spontaneous,science,6-8,8
sulfate,science,6-8,8
sulfuric,science,6-8,8
sunburn,science,6-8,8
superposition,science,6-8,8
tapeworm,science,6-8,8
threadlike,science,6-8,8
thyroid,science,6-8,8
toxin,science,6-8,8
uncharged,science,6-8,8
underside,science,6-8,8
weightless,science,6-8,8
weightlessness,science,6-8,8
wheelbarrow,science,6-8,8
abnormal,science,6-8,7
acidity,science,6-8,7
airway,science,6-8,7
alga,science,6-8,7
alluvial,science,6-8,7
alveolus,science,6-8,7
anatomy,science,6-8,7
animalia,science,6-8,7
anvil,science,6-8,7
asphalt,science,6-8,7
aspirin,science,6-8,7
atoll,science,6-8,7
bile,science,6-8,7
boron,science,6-8,7
bromine,science,6-8,7
broth,science,6-8,7
carbonic,science,6-8,7
carp,science,6-8,7
ceramic,science,6-8,7
chromosphere,science,6-8,7
commutator,science,6-8,7
cosmetic,science,6-8,7
cretaceous,science,6-8,7
deflate,science,6-8,7
dietary,science,6-8,7
eggshell,science,6-8,7
electromagnetism,science,6-8,7
endocytosis,science,6-8,7
endotherm,science,6-8,7
energetic,science,6-8,7
flagella,science,6-8,7
fleece,science,6-8,7
genome,science,6-8,7
hairlike,science,6-8,7
hardwood,science,6-8,7
heron,science,6-8,7
hologram,science,6-8,7
implant,science,6-8,7
inflammation,science,6-8,7
interglacial,science,6-8,7
interneuron,science,6-8,7
lysosome,science,6-8,7
melanin,science,6-8,7
mesquite,science,6-8,7
metabolism,science,6-8,7
mountainside,science,6-8,7
mouthpart,science,6-8,7
nearsighted,science,6-8,7
obesity,science,6-8,7
ovulation,science,6-8,7
oxidation,science,6-8,7
parental,science,6-8,7
pasteurization,science,6-8,7
perspiration,science,6-8,7
phagocyte,science,6-8,7
pheromone,science,6-8,7
placental,science,6-8,7
plasmid,science,6-8,7
platinum,science,6-8,7
porcupine,science,6-8,7
predation,science,6-8,7
primate,science,6-8,7
propulsion,science,6-8,7
protostar,science,6-8,7
pseudoscience,science,6-8,7
psychrometer,science,6-8,7
radon,science,6-8,7
rinse,science,6-8,7
rodent,science,6-8,7
seismogram,science,6-8,7
shrew,science,6-8,7
smelt,science,6-8,7
spiny,science,6-8,7
splint,science,6-8,7
stigma,science,6-8,7
streambed,science,6-8,7
supercontinent,science,6-8,7
sustainability,science,6-8,7
synapse,science,6-8,7
syringe,science,6-8,7
tarnish,science,6-8,7
tertiary,science,6-8,7
thymus,science,6-8,7
trilobite,science,6-8,7
wasp,science,6-8,7
waxy,science,6-8,7
agar,science,6-8,6
barnacle,science,6-8,6
depletion,science,6-8,6
dinoflagellate,science,6-8,6
duct,science,6-8,6
electrochemical,science,6-8,6
evolutionary,science,6-8,6
flagellum,science,6-8,6
lanthanide,science,6-8,6
planarian,science,6-8,6
rainstorm,science,6-8,6
reverberation,science,6-8,6
seafood,science,6-8,6
solidify,science,6-8,6
spacesuit,science,6-8,6
spectroscope,science,6-8,6
subscripts,science,6-8,6
vaporize,science,6-8,6
dynasty,social_studies,6-8,90
connotation,social_studies,6-8,69
achievement,social_studies,6-8,65
financial,social_studies,6-8,65
memoir,social_studies,6-8,64
tomb,social_studies,6-8,57
commission,social_studies,6-8,55
enlightenment,social_studies,6-8,55
samurai,social_studies,6-8,47
medieval,social_studies,6-8,46
irony,social_studies,6-8,45
dominate,social_studies,6-8,44
racial,social_studies,6-8,43
arab,social_studies,6-8,42
peasant,social_studies,6-8,39
revenue,social_studies,6-8,39
philosophy,social_studies,6-8,34
sumerian,social_studies,6-8,34
autobiographical,social_studies,6-8,33
subcontinent,social_studies,6-8,31
monsoon,social_studies,6-8,30
plague,social_studies,6-8,30
hindu,social_studies,6-8,29
largely,social_studies,6-8,29
buddhist,social_studies,6-8,28
abundant,social_studies,6-8,27
involvement,social_studies,6-8,27
participation,social_studies,6-8,27
reformation,social_studies,6-8,27
scroll,social_studies,6-8,27
workplace,social_studies,6-8,27
landlocked,social_studies,6-8,26
opposition,social_studies,6-8,26
propaganda,social_studies,6-8,26
athenian,social_studies,6-8,25
baltic,social_studies,6-8,25
critic,social_studies,6-8,25
maiden,social_studies,6-8,25
presidency,social_studies,6-8,25
cunning,social_studies,6-8,24
finale,social_studies,6-8,24
mosque,social_studies,6-8,24
prose,social_studies,6-8,24
balkan,social_studies,6-8,23
combat,social_studies,6-8,23
refugee,social_studies,6-8,23
reign,social_studies,6-8,23
rhetorical,social_studies,6-8,23
saudi,social_studies,6-8,23
apartheid,social_studies,6-8,22
artistic,social_studies,6-8,22
feudal,social_studies,6-8,22
minority,social_studies,6-8,22
popularity,social_studies,6-8,22
geographical,social_studies,6-8,21
hinduism,social_studies,6-8,21
finance,social_studies,6-8,20
arabic,social_studies,6-8,19
grief,social_studies,6-8,19
ottoman,social_studies,6-8,19
stereotype,social_studies,6-8,19
vow,social_studies,6-8,19
confucianism,social_studies,6-8,18
diaspora,social_studies,6-8,18
forum,social_studies,6-8,18
imperialism,social_studies,6-8,18
luxury,social_studies,6-8,18
maritime,social_studies,6-8,18
pity,social_studies,6-8,18
steppe,social_studies,6-8,18
throne,social_studies,6-8,18
caste,social_studies,6-8,17
decree,social_studies,6-8,17
diction,social_studies,6-8,17
oasis,social_studies,6-8,17
offensive,social_studies,6-8,17
pillar,social_studies,6-8,17
retail,social_studies,6-8,17
shogun,social_studies,6-8,17
stability,social_studies,6-8,17
activist,social_studies,6-8,16
afterlife,social_studies,6-8,16
authorize,social_studies,6-8,16
coalition,social_studies,6-8,16
deforestation,social_studies,6-8,16
empress,social_studies,6-8,16
grammatical,social_studies,6-8,16
manor,social_studies,6-8,16
midway,social_studies,6-8,16
aryan,social_studies,6-8,15
bishop,social_studies,6-8,15
cavalry,social_studies,6-8,15
concession,social_studies,6-8,15
employment,social_studies,6-8,15
feudalism,social_studies,6-8,15
neglect,social_studies,6-8,15
overthrow,social_studies,6-8,15
reunite,social_studies,6-8,15
ritual,social_studies,6-8,15
summon,social_studies,6-8,15
uzbekistan,social_studies,6-8,15
beggar,social_studies,6-8,14
corruption,social_studies,6-8,14
cripple,social_studies,6-8,14
euro,social_studies,6-8,14
gang,social_studies,6-8,14
instability,social_studies,6-8,14
liberation,social_studies,6-8,14
malay,social_studies,6-8,14
monastery,social_studies,6-8,14
obligation,social_studies,6-8,14
pardon,social_studies,6-8,14
scribe,social_studies,6-8,14
ballad,social_studies,6-8,13
capitalism,social_studies,6-8,13
eldest,social_studies,6-8,13
genocide,social_studies,6-8,13
negotiate,social_studies,6-8,13
nomadic,social_studies,6-8,13
occidental,social_studies,6-8,13
penalty,social_studies,6-8,13
sentiment,social_studies,6-8,13
violate,social_studies,6-8,13
agenda,social_studies,6-8,12
aggression,social_studies,6-8,12
antislavery,social_studies,6-8,12
bataan,social_studies,6-8,12
copperhead,social_studies,6-8,12
densely,social_studies,6-8,12
devotion,social_studies,6-8,12
evoke,social_studies,6-8,12
exodus,social_studies,6-8,12
ivory,social_studies,6-8,12
mob,social_studies,6-8,12
nonviolent,social_studies,6-8,12
resent,social_studies,6-8,12
revive,social_studies,6-8,12
slum,social_studies,6-8,12
vassal,social_studies,6-8,12
basho,social_studies,6-8,11
berber,social_studies,6-8,11
bribe,social_studies,6-8,11
byzantine,social_studies,6-8,11
cartoonist,social_studies,6-8,11
daoism,social_studies,6-8,11
deprive,social_studies,6-8,11
diplomacy,social_studies,6-8,11
diplomat,social_studies,6-8,11
exile,social_studies,6-8,11
jubilation,social_studies,6-8,11
landlord,social_studies,6-8,11
mercantilism,social_studies,6-8,11
papyrus,social_studies,6-8,11
prosperous,social_studies,6-8,11
protagonist,social_studies,6-8,11
salvation,social_studies,6-8,11
sculptor,social_studies,6-8,11
shrine,social_studies,6-8,11
accusation,social_studies,6-8,10
assault,social_studies,6-8,10
cheerful,social_studies,6-8,10
consul,social_studies,6-8,10
corrupt,social_studies,6-8,10
daimyo,social_studies,6-8,10
fortress,social_studies,6-8,10
greatness,social_studies,6-8,10
grope,social_studies,6-8,10
honorable,social_studies,6-8,10
imperial,social_studies,6-8,10
infantry,social_studies,6-8,10
isolationism,social_studies,6-8,10
marbury,social_studies,6-8,10
naturalize,social_studies,6-8,10
neutrality,social_studies,6-8,10
outpost,social_studies,6-8,10
pickett,social_studies,6-8,10
prophet,social_studies,6-8,10
proverb,social_studies,6-8,10
residence,social_studies,6-8,10
scowl,social_studies,6-8,10
sedition,social_studies,6-8,10
sixteenth,social_studies,6-8,10
socialist,social_studies,6-8,10
strategic,social_studies,6-8,10
stylistic,social_studies,6-8,10
superhuman,social_studies,6-8,10
terrain,social_studies,6-8,10
unhappiness,social_studies,6-8,10
acropolis,social_studies,6-8,9
assert,social_studies,6-8,9
brotherhood,social_studies,6-8,9
bustle,social_studies,6-8,9
cession,social_studies,6-8,9
cleverness,social_studies,6-8,9
complaint,social_studies,6-8,9
conviction,social_studies,6-8,9
coup,social_studies,6-8,9
czar,social_studies,6-8,9
demarcation,social_studies,6-8,9
dictatorship,social_studies,6-8,9
diplomatic,social_studies,6-8,9
divine,social_studies,6-8,9
domestication,social_studies,6-8,9
elite,social_studies,6-8,9
emigration,social_studies,6-8,9
filipino,social_studies,6-8,9
internment,social_studies,6-8,9
laden,social_studies,6-8,9
micronesia,social_studies,6-8,9
negotiation,social_studies,6-8,9
oligarchy,social_studies,6-8,9
oracle,social_studies,6-8,9
overgeneralization,social_studies,6-8,9
postwar,social_studies,6-8,9
prohibition,social_studies,6-8,9
prologue,social_studies,6-8,9
rebirth,social_studies,6-8,9
referendum,social_studies,6-8,9
serf,social_studies,6-8,9
socialism,social_studies,6-8,9
tactic,social_studies,6-8,9
telegram,social_studies,6-8,9
unanimous,social_studies,6-8,9
unrest,social_studies,6-8,9
violation,social_studies,6-8,9
administrative,social_studies,6-8,8
advocate,social_studies,6-8,8
aristocrat,social_studies,6-8,8
barley,social_studies,6-8,8
calligraphy,social_studies,6-8,8
cathedral,social_studies,6-8,8
chaos,social_studies,6-8,8
circumnavigate,social_studies,6-8,8
constantinople,social_studies,6-8,8
controversy,social_studies,6-8,8
craftspeople,social_studies,6-8,8
deficit,social_studies,6-8,8
disable,social_studies,6-8,8
dominion,social_studies,6-8,8
enrollment,social_studies,6-8,8
federalism,social_studies,6-8,8
footnote,social_studies,6-8,8
governmental,social_studies,6-8,8
heir,social_studies,6-8,8
hippie,social_studies,6-8,8
historically,social_studies,6-8,8
hostile,social_studies,6-8,8
illegally,social_studies,6-8,8
imprisonment,social_studies,6-8,8
inflict,social_studies,6-8,8
initiative,social_studies,6-8,8
judiciary,social_studies,6-8,8
loot,social_studies,6-8,8
manila,social_studies,6-8,8
martial,social_studies,6-8,8
meditation,social_studies,6-8,8
nativist,social_studies,6-8,8
nirvana,social_studies,6-8,8
nonviolence,social_studies,6-8,8
offense,social_studies,6-8,8
outback,social_studies,6-8,8
outrage,social_studies,6-8,8
populous,social_studies,6-8,8
proclaim,social_studies,6-8,8
profitable,social_studies,6-8,8
shah,social_studies,6-8,8
stalemate,social_studies,6-8,8
uprising,social_studies,6-8,8
verge,social_studies,6-8,8
vest,social_studies,6-8,8
wartime,social_studies,6-8,8
writhe,social_studies,6-8,8
abode,social_studies,6-8,7
affirmative,social_studies,6-8,7
afrikaners,social_studies,6-8,7
altiplano,social_studies,6-8,7
antitrust,social_studies,6-8,7
availability,social_studies,6-8,7
clergy,social_studies,6-8,7
commandment,social_studies,6-8,7
coverage,social_studies,6-8,7
culturally,social_studies,6-8,7
disunion,social_studies,6-8,7
doth,social_studies,6-8,7
fascism,social_studies,6-8,7
hajj,social_studies,6-8,7
humanism,social_studies,6-8,7
humiliate,social_studies,6-8,7
incentive,social_studies,6-8,7
inquisition,social_studies,6-8,7
intervention,social_studies,6-8,7
kamikaze,social_studies,6-8,7
karma,social_studies,6-8,7
legalism,social_studies,6-8,7
legion,social_studies,6-8,7
melancholy,social_studies,6-8,7
nomination,social_studies,6-8,7
pact,social_studies,6-8,7
patrician,social_studies,6-8,7
populist,social_studies,6-8,7
rabbi,social_studies,6-8,7
realpolitik,social_studies,6-8,7
recapture,social_studies,6-8,7
registration,social_studies,6-8,7
salon,social_studies,6-8,7
sanction,social_studies,6-8,7
sect,social_studies,6-8,7
secular,social_studies,6-8,7
somali,social_studies,6-8,7
suspenseful,social_studies,6-8,7
torture,social_studies,6-8,7
truce,social_studies,6-8,7
unsuccessful,social_studies,6-8,7
villa,social_studies,6-8,7
warrant,social_studies,6-8,7
abroad,social_studies,6-8,6
animism,social_studies,6-8,6
anthropologist,social_studies,6-8,6
antiwar,social_studies,6-8,6
apprehension,social_studies,6-8,6
attorney,social_studies,6-8,6
bayonet,social_studies,6-8,6
bilingual,social_studies,6-8,6
cataract,social_studies,6-8,6
chronicle,social_studies,6-8,6
commonwealth,social_studies,6-8,6
crises,social_studies,6-8,6
crucifixion,social_studies,6-8,6
deport,social_studies,6-8,6
detain,social_studies,6-8,6
discriminate,social_studies,6-8,6
disobey,social_studies,6-8,6
domesticate,social_studies,6-8,6
dramatize,social_studies,6-8,6
eastward,social_studies,6-8,6
eloquence,social_studies,6-8,6
embalm,social_studies,6-8,6
expulsion,social_studies,6-8,6
fireside,social_studies,6-8,6
fjord,social_studies,6-8,6
foolishness,social_studies,6-8,6
generosity,social_studies,6-8,6
guerrilla,social_studies,6-8,6
hoard,social_studies,6-8,6
hostility,social_studies,6-8,6
hymn,social_studies,6-8,6
intellectual,social_studies,6-8,6
jeopardy,social_studies,6-8,6
legally,social_studies,6-8,6
magistrate,social_studies,6-8,6
messiah,social_studies,6-8,6
mobilize,social_studies,6-8,6
muse,social_studies,6-8,6
nobility,social_studies,6-8,6
novella,social_studies,6-8,6
nullification,social_studies,6-8,6
overland,social_studies,6-8,6
overpower,social_studies,6-8,6
pension,social_studies,6-8,6
plea,social_studies,6-8,6
porcelain,social_studies,6-8,6
regionalism,social_studies,6-8,6
relent,social_studies,6-8,6
reparation,social_studies,6-8,6
scornfully,social_studies,6-8,6
scrutiny,social_studies,6-8,6
smuggle,social_studies,6-8,6
swampy,social_studies,6-8,6
township,social_studies,6-8,6
ungrateful,social_studies,6-8,6
vanity,social_studies,6-8,6
aborigine,social_studies,6-8,5
acclaim,social_studies,6-8,5
admiral,social_studies,6-8,5
ambassador,social_studies,6-8,5
anthology,social_studies,6-8,5
arable,social_studies,6-8,5
armistice,social_studies,6-8,5
barrack,social_studies,6-8,5
befriend,social_studies,6-8,5
biographer,social_studies,6-8,5
businesspeople,social_studies,6-8,5
chancellor,social_studies,6-8,5
comrade,social_studies,6-8,5
condemn,social_studies,6-8,5
constable,social_studies,6-8,5
dao,social_studies,6-8,5
deduction,social_studies,6-8,5
disapprove,social_studies,6-8,5
disciple,social_studies,6-8,5
educator,social_studies,6-8,5
eminent,social_studies,6-8,5
enact,social_studies,6-8,5
enclave,social_studies,6-8,5
enrage,social_studies,6-8,5
escalation,social_studies,6-8,5
ethnicity,social_studies,6-8,5
excommunicate,social_studies,6-8,5
execution,social_studies,6-8,5
expenditure,social_studies,6-8,5
figurine,social_studies,6-8,5
flinch,social_studies,6-8,5
heresy,social_studies,6-8,5
hittite,social_studies,6-8,5
hostage,social_studies,6-8,5
humanist,social_studies,6-8,5
jesuit,social_studies,6-8,5
liable,social_studies,6-8,5
liberator,social_studies,6-8,5
locale,social_studies,6-8,5
malnutrition,social_studies,6-8,5
metalwork,social_studies,6-8,5
morality,social_studies,6-8,5
nationality,social_studies,6-8,5
nun,social_studies,6-8,5
openly,social_studies,6-8,5
oppression,social_studies,6-8,5
pang,social_studies,6-8,5
plessy,social_studies,6-8,5
poach,social_studies,6-8,5
polis,social_studies,6-8,5
polynesia,social_studies,6-8,5
precedent,social_studies,6-8,5
prehistory,social_studies,6-8,5
racism,social_studies,6-8,5
ramble,social_studies,6-8,5
relic,social_studies,6-8,5
renewal,social_studies,6-8,5
reorganize,social_studies,6-8,5
resentment,social_studies,6-8,5
resignation,social_studies,6-8,5
resurrection,social_studies,6-8,5
retake,social_studies,6-8,5
retirement,social_studies,6-8,5
retribution,social_studies,6-8,5
revival,social_studies,6-8,5
rivalry,social_studies,6-8,5
sanitation,social_studies,6-8,5
seizure,social_studies,6-8,5
shyness,social_studies,6-8,5
sikhism,social_studies,6-8,5
sly,social_studies,6-8,5
spacious,social_studies,6-8,5
statute,social_studies,6-8,5
stubbornness,social_studies,6-8,5
suicide,social_studies,6-8,5
superpower,social_studies,6-8,5
talmud,social_studies,6-8,5
testament,social_studies,6-8,5
tribune,social_studies,6-8,5
undeveloped,social_studies,6-8,5
unification,social_studies,6-8,5
unlawful,social_studies,6-8,5
unwilling,social_studies,6-8,5
victorious,social_studies,6-8,5
wat,social_studies,6-8,5
workday,social_studies,6-8,5
zealot,social_studies,6-8,5
ziggurat,social_studies,6-8,5
abomination,social_studies,6-8,4
accommodation,social_studies,6-8,4
acupuncture,social_studies,6-8,4
administrator,social_studies,6-8,4
allotment,social_studies,6-8,4
appeasement,social_studies,6-8,4
archduke,social_studies,6-8,4
architectural,social_studies,6-8,4
asset,social_studies,6-8,4
avenge,social_studies,6-8,4
bazaar,social_studies,6-8,4
bedouin,social_studies,6-8,4
benet,social_studies,6-8,4
brinkmanship,social_studies,6-8,4
bureaucracy,social_studies,6-8,4
childish,social_studies,6-8,4
comical,social_studies,6-8,4
containment,social_studies,6-8,4
contraband,social_studies,6-8,4
damn,social_studies,6-8,4
demilitarize,social_studies,6-8,4
dishonest,social_studies,6-8,4
disrespect,social_studies,6-8,4
dissatisfaction,social_studies,6-8,4
distrust,social_studies,6-8,4
embassy,social_studies,6-8,4
expatriate,social_studies,6-8,4
expeditionary,social_studies,6-8,4
falter,social_studies,6-8,4
favela,social_studies,6-8,4
fraud,social_studies,6-8,4
fundamentalism,social_studies,6-8,4
gore,social_studies,6-8,4
grieve,social_studies,6-8,4
gulag,social_studies,6-8,4
haggard,social_studies,6-8,4
harshly,social_studies,6-8,4
humanitarian,social_studies,6-8,4
indict,social_studies,6-8,4
indigenous,social_studies,6-8,4
infrastructure,social_studies,6-8,4
installment,social_studies,6-8,4
instill,social_studies,6-8,4
juror,social_studies,6-8,4
lavishly,social_studies,6-8,4
legislator,social_studies,6-8,4
mandatory,social_studies,6-8,4
maquiladora,social_studies,6-8,4
minaret,social_studies,6-8,4
monotheism,social_studies,6-8,4
mortgage,social_studies,6-8,4
nationwide,social_studies,6-8,4
needy,social_studies,6-8,4
offend,social_studies,6-8,4
personify,social_studies,6-8,4
phalanx,social_studies,6-8,4
polytheism,social_studies,6-8,4
posterity,social_studies,6-8,4
powerhouse,social_studies,6-8,4
reborn,social_studies,6-8,4
reconquista,social_studies,6-8,4
redistribute,social_studies,6-8,4
reincarnation,social_studies,6-8,4
renounce,social_studies,6-8,4
restraint,social_studies,6-8,4
retaliate,social_studies,6-8,4
reunification,social_studies,6-8,4
speculator,social_studies,6-8,4
squad,social_studies,6-8,4
steerage,social_studies,6-8,4
stonewall,social_studies,6-8,4
subsistence,social_studies,6-8,4
sweatshop,social_studies,6-8,4
synagogue,social_studies,6-8,4
taunt,social_studies,6-8,4
testimony,social_studies,6-8,4
theft,social_studies,6-8,4
toleration,social_studies,6-8,4
unprepared,social_studies,6-8,4
uphold,social_studies,6-8,4
utopian,social_studies,6-8,4
warlord,social_studies,6-8,4
workforce,social_studies,6-8,4
arrogant,social_studies,6-8,3
defiant,social_studies,6-8,3
premier,social_studies,6-8,3
