version: 1.0,published: 04/09/2019,date queried: 01/10/2020,email: kepa.bengoetxea@ehu.eus,grade: 5,"domains: general, social_studies, math, science"

Word,Domain,Grade,Grade 5 Frequency
compromise,general,5,47
percent,general,5,34
advantage,general,5,30
coordinate,general,5,30
approve,general,5,28
additional,general,5,27
assembly,general,5,26
exploration,general,5,25
oppose,general,5,25
arctic,general,5,23
indicate,general,5,23
resistance,general,5,22
approach,general,5,21
origin,general,5,21
reveal,general,5,21
quiz,general,5,20
quotation,general,5,20
quality,general,5,19
adjust,general,5,18
classification,general,5,18
introduction,general,5,18
representation,general,5,18
previous,general,5,17
constant,general,5,16
contribute,general,5,16
development,general,5,16
everyday,general,5,16
feedback,general,5,16
impact,general,5,16
logical,general,5,16
secondary,general,5,16
succession,general,5,16
achieve,general,5,15
define,general,5,15
maintain,general,5,15
severe,general,5,15
consist,general,5,14
lack,general,5,14
viewpoint,general,5,14
category,general,5,13
compact,general,5,13
composition,general,5,13
concern,general,5,13
dependent,general,5,13
depression,general,5,13
despite,general,5,13
detect,general,5,13
efficient,general,5,13
medium,general,5,13
obtain,general,5,13
relation,general,5,13
slightly,general,5,13
transition,general,5,13
version,general,5,13
attribute,general,5,12
engage,general,5,12
importance,general,5,12
mainly,general,5,12
preparation,general,5,12
recall,general,5,12
therefore,general,5,12
various,general,5,12
vast,general,5,12
accuracy,general,5,11
alternative,general,5,11
circulation,general,5,11
concentrate,general,5,11
critique,general,5,11
disadvantage,general,5,11
further,general,5,11
generally,general,5,11
highlight,general,5,11
navigation,general,5,11
neutral,general,5,11
presentation,general,5,11
propose,general,5,11
reliable,general,5,11
spiral,general,5,11
artificial,general,5,10
assessment,general,5,10
behave,general,5,10
confuse,general,5,10
constantly,general,5,10
demonstrate,general,5,10
desire,general,5,10
dominant,general,5,10
exert,general,5,10
gradually,general,5,10
informal,general,5,10
irregular,general,5,10
newly,general,5,10
promote,general,5,10
proportion,general,5,10
resolve,general,5,10
specialize,general,5,10
typical,general,5,10
conjunction,general,5,9
contribution,general,5,9
convey,general,5,9
driven,general,5,9
encounter,general,5,9
expectation,general,5,9
farthest,general,5,9
homonym,general,5,9
incorrect,general,5,9
interaction,general,5,9
perspective,general,5,9
scarce,general,5,9
separation,general,5,9
suggestion,general,5,9
technique,general,5,9
prism,math,5,77
ratio,math,5,53
rectangular,math,5,44
congruent,math,5,37
exponent,math,5,36
cubic,math,5,35
divisor,math,5,32
calculate,math,5,31
compatible,math,5,31
coordinate,math,5,30
dividend,math,5,26
estimation,math,5,24
formula,math,5,24
rotate,math,5,22
numerical,math,5,21
calculator,math,5,20
thousandth,math,5,20
ft,math,5,19
diameter,math,5,18
acre,math,5,17
associative,math,5,17
factorization,math,5,17
slope,math,5,17
triangular,math,5,17
vertical,math,5,17
benchmark,math,5,14
rhombus,math,5,14
horizontal,math,5,13
homograph,math,5,12
index,math,5,12
median,math,5,12
vertices,math,5,12
gcf,math,5,11
lcm,math,5,11
electron,science,5,45
resistance,science,5,22
proton,science,5,19
nonmetal,science,5,17
sodium,science,5,16
vascular,science,5,15
animation,science,5,14
phylum,science,5,14
artery,science,5,13
niche,science,5,13
respiration,science,5,13
vein,science,5,13
infrared,science,5,12
malaria,science,5,12
asexual,science,5,11
capillary,science,5,11
circulation,science,5,11
kidney,science,5,11
atomic,science,5,10
behavioral,science,5,10
exert,science,5,10
ion,science,5,10
resistor,science,5,10
biomass,science,5,9
compression,science,5,9
embryo,science,5,9
helium,science,5,9
interaction,science,5,9
multicellular,science,5,9
neutron,science,5,9
phloem,science,5,9
prosthetic,science,5,9
xylem,science,5,9
chemistry,science,5,8
chloride,science,5,8
contour,science,5,8
gland,science,5,8
gravitational,science,5,8
membrane,science,5,8
metalloid,science,5,8
pollutant,science,5,8
rainforest,science,5,8
recessive,science,5,8
sac,science,5,8
transmit,science,5,8
anaconda,science,5,7
caribou,science,5,7
disk,science,5,7
esophagus,science,5,7
extinction,science,5,7
koala,science,5,7
sexual,science,5,7
structural,science,5,7
vent,science,5,7
cellular,science,5,6
chemist,science,5,6
conductivity,science,5,6
discharge,science,5,6
estuary,science,5,6
hydroelectric,science,5,6
hydrosphere,science,5,6
limb,science,5,6
meteorite,science,5,6
microchip,science,5,6
nebula,science,5,6
stable,science,5,6
tectonic,science,5,6
vacuole,science,5,6
ventricle,science,5,6
zoologist,science,5,6
alcohol,science,5,5
angiosperm,science,5,5
antibiotic,science,5,5
bladder,science,5,5
brine,science,5,5
calcium,science,5,5
combustion,science,5,5
compress,science,5,5
concentration,science,5,5
digestion,science,5,5
dimple,science,5,5
excretory,science,5,5
finch,science,5,5
fungus,science,5,5
glassy,science,5,5
gradual,science,5,5
hormone,science,5,5
lithosphere,science,5,5
photon,science,5,5
plasma,science,5,5
pollinator,science,5,5
regulate,science,5,5
salinity,science,5,5
sublimation,science,5,5
sulfur,science,5,5
symbiosis,science,5,5
tablet,science,5,5
thickness,science,5,5
trachea,science,5,5
unicellular,science,5,5
urchin,science,5,5
valve,science,5,5
anemone,science,5,4
antelope,science,5,4
atrium,science,5,4
basalt,science,5,4
bioengineer,science,5,4
bleach,science,5,4
brightness,science,5,4
buildup,science,5,4
buoyancy,science,5,4
crescent,science,5,4
cyclone,science,5,4
decibel,science,5,4
donor,science,5,4
echolocation,science,5,4
epicenter,science,5,4
fragment,science,5,4
fuse,science,5,4
gel,science,5,4
genetic,science,5,4
impulse,science,5,4
indicator,science,5,4
infect,science,5,4
inflate,science,5,4
invasive,science,5,4
joule,science,5,4
larvae,science,5,4
liver,science,5,4
magnesium,science,5,4
meteoroid,science,5,4
microscopic,science,5,4
momentum,science,5,4
mucus,science,5,4
mutation,science,5,4
nonvascular,science,5,4
peat,science,5,4
ph,science,5,4
pouch,science,5,4
projection,science,5,4
reactants,science,5,4
sandpaper,science,5,4
setup,science,5,4
sieve,science,5,4
silicon,science,5,4
specimen,science,5,4
stomata,science,5,4
supernova,science,5,4
testable,science,5,4
transpiration,science,5,4
trench,science,5,4
troposphere,science,5,4
ultraviolet,science,5,4
ammonia,science,5,3
antacid,science,5,3
aquatic,science,5,3
archaea,science,5,3
asexually,science,5,3
astronomical,science,5,3
au,science,5,3
biceps,science,5,3
biology,science,5,3
bronchiole,science,5,3
bulge,science,5,3
cannonball,science,5,3
cavity,science,5,3
ccd,science,5,3
chromosome,science,5,3
clump,science,5,3
cobalt,science,5,3
collision,science,5,3
commensalism,science,5,3
constructive,science,5,3
cytoplasm,science,5,3
dicot,science,5,3
echinoderm,science,5,3
endocrine,science,5,3
exhale,science,5,3
furnace,science,5,3
gelatin,science,5,3
geologic,science,5,3
graphite,science,5,3
gymnosperm,science,5,3
hazard,science,5,3
infection,science,5,3
inorganic,science,5,3
interdependence,science,5,3
intertidal,science,5,3
iodine,science,5,3
kelp,science,5,3
marrow,science,5,3
mitochondria,science,5,3
monocot,science,5,3
mutualism,science,5,3
nekton,science,5,3
nylon,science,5,3
orchid,science,5,3
organelle,science,5,3
oxide,science,5,3
ozone,science,5,3
pedigree,science,5,3
pest,science,5,3
phonograph,science,5,3
phyla,science,5,3
plankton,science,5,3
polymer,science,5,3
protein,science,5,3
quake,science,5,3
reactive,science,5,3
riverbank,science,5,3
saltwater,science,5,3
sandstone,science,5,3
saturate,science,5,3
sensor,science,5,3
spruce,science,5,3
squid,science,5,3
stationary,science,5,3
sunspot,science,5,3
taxonomist,science,5,3
tendon,science,5,3
toxic,science,5,3
uranium,science,5,3
urine,science,5,3
veterinarian,science,5,3
volt,science,5,3
waterproof,science,5,3
zinc,science,5,3
abyssal,science,5,2
acidic,science,5,2
fullerene,science,5,2
lymph,science,5,2
penicillin,science,5,2
ribosome,science,5,2
rift,science,5,2
saliva,science,5,2
seawater,science,5,2
suspension,science,5,2
aztec,social_studies,5,34
rebellion,social_studies,5,32
confederation,social_studies,5,28
parliament,social_studies,5,25
militia,social_studies,5,20
birthplace,social_studies,5,19
apprentice,social_studies,5,17
battlefield,social_studies,5,17
federalist,social_studies,5,17
annex,social_studies,5,15
shay,social_studies,5,15
tariff,social_studies,5,15
revolt,social_studies,5,14
conquistador,social_studies,5,13
massacre,social_studies,5,13
portuguese,social_studies,5,13
repeal,social_studies,5,13
indenture,social_studies,5,12
preamble,social_studies,5,12
rebel,social_studies,5,12
tsar,social_studies,5,12
viking,social_studies,5,12
accuse,social_studies,5,11
mormon,social_studies,5,11
regiment,social_studies,5,11
secretary,social_studies,5,11
alliance,social_studies,5,10
basketmaker,social_studies,5,10
burgess,social_studies,5,10
charter,social_studies,5,10
expansion,social_studies,5,10
indigo,social_studies,5,10
loyalist,social_studies,5,10
reserve,social_studies,5,10
artisan,social_studies,5,9
communist,social_studies,5,9
elector,social_studies,5,9
musket,social_studies,5,9
punishment,social_studies,5,9
raid,social_studies,5,9
warship,social_studies,5,9
communism,social_studies,5,8
leadership,social_studies,5,8
minutemen,social_studies,5,8
republican,social_studies,5,8
treason,social_studies,5,8
census,social_studies,5,7
civilian,social_studies,5,7
debtor,social_studies,5,7
decline,social_studies,5,7
muslim,social_studies,5,7
policy,social_studies,5,7
terrorist,social_studies,5,7
backcountry,social_studies,5,6
colonization,social_studies,5,6
enlist,social_studies,5,6
gunpowder,social_studies,5,6
homeless,social_studies,5,6
impeachment,social_studies,5,6
inflation,social_studies,5,6
mercenary,social_studies,5,6
outlaw,social_studies,5,6
proprietor,social_studies,5,6
providence,social_studies,5,6
ragtime,social_studies,5,6
ratification,social_studies,5,6
shipbuilder,social_studies,5,6
sought,social_studies,5,6
treasury,social_studies,5,6
ammunition,social_studies,5,5
arsenal,social_studies,5,5
corporation,social_studies,5,5
crisis,social_studies,5,5
currency,social_studies,5,5
doctrine,social_studies,5,5
hessian,social_studies,5,5
impeach,social_studies,5,5
jail,social_studies,5,5
manifest,social_studies,5,5
nazi,social_studies,5,5
oath,social_studies,5,5
preach,social_studies,5,5
prejudice,social_studies,5,5
privilege,social_studies,5,5
rival,social_studies,5,5
starvation,social_studies,5,5
vacancy,social_studies,5,5
abolition,social_studies,5,4
antifederalist,social_studies,5,4
assassinate,social_studies,5,4
clash,social_studies,5,4
conquest,social_studies,5,4
convict,social_studies,5,4
dissent,social_studies,5,4
domestic,social_studies,5,4
fugitive,social_studies,5,4
interchangeable,social_studies,5,4
isthmus,social_studies,5,4
legislation,social_studies,5,4
loyalty,social_studies,5,4
maize,social_studies,5,4
monopoly,social_studies,5,4
muckraker,social_studies,5,4
nominate,social_studies,5,4
outnumber,social_studies,5,4
poverty,social_studies,5,4
prohibit,social_studies,5,4
prosper,social_studies,5,4
provision,social_studies,5,4
repay,social_studies,5,4
runaway,social_studies,5,4
sectionalism,social_studies,5,4
shaman,social_studies,5,4
surplus,social_studies,5,4
suspense,social_studies,5,4
terrorism,social_studies,5,4
traitor,social_studies,5,4
widespread,social_studies,5,4
appointment,social_studies,5,3
assassination,social_studies,5,3
borderland,social_studies,5,3
brutal,social_studies,5,3
caravan,social_studies,5,3
caravel,social_studies,5,3
cemetery,social_studies,5,3
collective,social_studies,5,3
conqueror,social_studies,5,3
criticize,social_studies,5,3
crusade,social_studies,5,3
eligible,social_studies,5,3
enforcement,social_studies,5,3
entitle,social_studies,5,3
execute,social_studies,5,3
foreshadow,social_studies,5,3
garrison,social_studies,5,3
gospel,social_studies,5,3
governance,social_studies,5,3
harmony,social_studies,5,3
impose,social_studies,5,3
inauguration,social_studies,5,3
jurisdiction,social_studies,5,3
kidnap,social_studies,5,3
kiva,social_studies,5,3
mankind,social_studies,5,3
nationalism,social_studies,5,3
nationalist,social_studies,5,3
overcrowd,social_studies,5,3
overturn,social_studies,5,3
panic,social_studies,5,3
persecution,social_studies,5,3
pilgrimage,social_studies,5,3
prayer,social_studies,5,3
proprietary,social_studies,5,3
prosperity,social_studies,5,3
protestant,social_studies,5,3
quarrel,social_studies,5,3
redcoat,social_studies,5,3
refusal,social_studies,5,3
resign,social_studies,5,3
secretly,social_studies,5,3
separatist,social_studies,5,3
siege,social_studies,5,3
spiritual,social_studies,5,3
stampede,social_studies,5,3
supervise,social_studies,5,3
tribute,social_studies,5,3
unemployment,social_studies,5,3
warfare,social_studies,5,3
welfare,social_studies,5,3
artillery,social_studies,5,2
casualty,social_studies,5,2
criminal,social_studies,5,2
elaborate,social_studies,5,2
eleventh,social_studies,5,2
establishment,social_studies,5,2
famine,social_studies,5,2
federation,social_studies,5,2
grievance,social_studies,5,2
igloo,social_studies,5,2
impressment,social_studies,5,2
imprison,social_studies,5,2
ironclad,social_studies,5,2
lieutenant,social_studies,5,2
naturalization,social_studies,5,2
outcast,social_studies,5,2
philosopher,social_studies,5,2
qualification,social_studies,5,2
ration,social_studies,5,2
riot,social_studies,5,2
salute,social_studies,5,2
scandal,social_studies,5,2
solemnly,social_studies,5,2
sovereignty,social_studies,5,2
sympathy,social_studies,5,2
taxation,social_studies,5,2
temperance,social_studies,5,2
tempore,social_studies,5,2
torment,social_studies,5,2
tyranny,social_studies,5,2
tyrant,social_studies,5,2
unconstitutional,social_studies,5,2
