1.008,4.6667,1.008,1.8,19.3333,4.389,4.0893,2.5,222.6667,1.5652,4.5,0.6667,7.375,21.6111,4.389,0.9798,79.7134,2.3745,2.2291,10.2964,2.3745,0.125,0.1667,1.0,1.0,0.125,0.1667,0.0182,0.0315,0.0265,0.0384,0.0,0.0,0.0,0.0,0.0,0.0,0.0,0.0,0.0,0.0,0.0,0.0,0.0,0.0,0.0,0.0,0.0,0.0,0.0,0.0,0.0,0.0,0.0,0.0,0.0,0.0,0.0,0.0,0.0,0.0,0.0,0.0,0.0,0.0,0.0,0.0,0.0,0.0,0.0,0.0,0.0,0.0,0.0,0.0,0.0,0.0,0.0,0.0,0.0,0.0,0.0,0.0,0.0,0.0,0.0,0.0,0.0,0.0,0.0,0.0,0.0,0.0,0.0,0.0,0.0,0.0,0.0,0.0,0.0,0.0,0.0,0.0,0.0,0.0,0.0,0.0,0.0,0.0,0
1.2391,4.4167,1.2391,3.0,25.1667,4.2508,4.01,3.6667,177.75,1.2308,4.3529,0.0,6.1667,27.75,4.2508,1.5811,83.4684,2.3832,2.1507,11.833,2.3832,0.25,0.4118,1.0,1.0,0.25,0.4118,0.032,0.0272,0.0387,0.0307,0.0,0.0,0.0,0.0,0.0,0.0,0.0,0.0,0.0,0.0,0.0,0.0,0.0,0.0,0.0,0.0,0.0,0.0,0.0,0.0,0.0,0.0,0.0,0.0,0.0,0.0,0.0,0.0,0.0,0.0,0.0,0.0,0.0,0.0,0.0,0.0,0.0,0.0,0.0,0.0,0.0,0.0,0.0,0.0,0.0,0.0,0.0,0.0,0.0,0.0,0.0,0.0,0.0,0.0,0.0,0.0,0.0,0.0,0.0,0.0,0.0,0.0,0.0,0.0,0.0,0.0,0.0,0.0,0.0,0.0,0.0,0.0,0.0,0.0,0.0,0.0,0.0,0.0,0
1.1901,5.9333,1.1901,5.0,25.1333,4.4562,4.2149,3.2667,231.4667,2.2174,6.0556,0.0,8.3846,27.6667,4.4562,0.8165,94.0403,2.5934,2.4493,16.1521,2.5934,0.25,0.1935,1.0,0.9677,0.25,0.1935,0.0303,0.0373,0.0224,0.0301,0.0,0.0,0.0,0.0,0.0,0.0,0.0,0.0,0.0,0.0,0.0,0.0,0.0,0.0,0.0,0.0,0.0,0.0,0.0,0.0,0.0,0.0,0.0,0.0,0.0,0.0,0.0,0.0,0.0,0.0,0.0,0.0,0.0,0.0,0.0,0.0,0.0,0.0,0.0,0.0,0.0,0.0,0.0,0.0,0.0,0.0,0.0,0.0,0.0,0.0,0.0,0.0,0.0,0.0,0.0,0.0,0.0,0.0,0.0,0.0,0.0,0.0,0.0,0.0,0.0,0.0,0.0,0.0,0.0,0.0,0.0,0.0,0.0,0.0,0.0,0.0,0.0,0.0,0
0.942,4.3571,0.942,2.3333,17.5,4.4571,4.2653,2.5714,140.6429,1.5,4.7692,0.0,8.8571,20.0714,4.4571,1.7951,63.0971,2.7351,2.5792,5.2978,2.7351,0.25,0.1579,1.0,1.0,0.375,0.2105,0.0271,0.0372,0.0175,0.0306,0.0,0.0,0.0,0.0,0.0,0.0,0.0,0.0,0.0,0.0,0.0,0.0,0.0,0.0,0.0,0.0,0.0,0.0,0.0,0.0,0.0,0.0,0.0,0.0,0.0,0.0,0.0,0.0,0.0,0.0,0.0,0.0,0.0,0.0,0.0,0.0,0.0,0.0,0.0,0.0,0.0,0.0,0.0,0.0,0.0,0.0,0.0,0.0,0.0,0.0,0.0,0.0,0.0,0.0,0.0,0.0,0.0,0.0,0.0,0.0,0.0,0.0,0.0,0.0,0.0,0.0,0.0,0.0,0.0,0.0,0.0,0.0,0.0,0.0,0.0,0.0,0.0,0.0,0
0.99,3.1667,0.99,1.8462,14.0417,4.2246,4.1138,1.7083,199.3333,1.3103,2.1176,0.0,7.2,15.75,4.2246,1.0263,67.3415,2.3549,2.2238,6.7593,2.3549,0.4545,0.2941,1.0,0.8235,0.4545,0.2941,0.0724,0.0953,0.0508,0.0834,0.0,0.0,0.0,0.0,0.0,0.0,0.0,0.0,0.0,0.0,0.0,0.0,0.0,0.0,0.0,0.0,0.0,0.0,0.0,0.0,0.0,0.0,0.0,0.0,0.0,0.0,0.0,0.0,0.0,0.0,0.0,0.0,0.0,0.0,0.0,0.0,0.0,0.0,0.0,0.0,0.0,0.0,0.0,0.0,0.0,0.0,0.0,0.0,0.0,0.0,0.0,0.0,0.0,0.0,0.0,0.0,0.0,0.0,0.0,0.0,0.0,0.0,0.0,0.0,0.0,0.0,0.0,0.0,0.0,0.0,0.0,0.0,0.0,0.0,0.0,0.0,0.0,0.0,0
1.0755,2.9333,1.0755,2.1429,11.9333,4.7907,4.6221,1.5,260.3667,1.3529,4.1739,0.0,7.3846,14.0333,4.7907,1.1249,64.263,2.9368,2.7549,9.803,2.9368,0.125,0.0769,1.0,0.7692,0.125,0.0769,0.0169,0.0395,0.0104,0.0321,0.0,0.0,0.0,0.0,0.0,0.0,0.0,0.0,0.0,0.0,0.0,0.0,0.0,0.0,0.0,0.0,0.0,0.0,0.0,0.0,0.0,0.0,0.0,0.0,0.0,0.0,0.0,0.0,0.0,0.0,0.0,0.0,0.0,0.0,0.0,0.0,0.0,0.0,0.0,0.0,0.0,0.0,0.0,0.0,0.0,0.0,0.0,0.0,0.0,0.0,0.0,0.0,0.0,0.0,0.0,0.0,0.0,0.0,0.0,0.0,0.0,0.0,0.0,0.0,0.0,0.0,0.0,0.0,0.0,0.0,0.0,0.0,0.0,0.0,0.0,0.0,0.0,0.0,1
1.0645,1.3913,1.0645,2.0909,9.2609,4.7286,4.6571,1.087,115.3043,0.6667,3.95,0.8,7.1,10.8696,4.7286,1.0833,43.4373,2.7199,2.5591,9.2045,2.7199,0.0833,0.0526,1.0,0.7895,0.0833,0.0526,0.0064,0.0213,0.0071,0.021,0.0,0.0,0.0,0.0,0.0,0.0,0.0,0.0,0.0,0.0,0.0,0.0,0.0,0.0,0.0,0.0,0.0,0.0,0.0,0.0,0.0,0.0,0.0,0.0,0.0,0.0,0.0,0.0,0.0,0.0,0.0,0.0,0.0,0.0,0.0,0.0,0.0,0.0,0.0,0.0,0.0,0.0,0.0,0.0,0.0,0.0,0.0,0.0,0.0,0.0,0.0,0.0,0.0,0.0,0.0,0.0,0.0,0.0,0.0,0.0,0.0,0.0,0.0,0.0,0.0,0.0,0.0,0.0,0.0,0.0,0.0,0.0,0.0,0.0,0.0,0.0,0.0,0.0,1
1.3111,3.9167,1.3111,1.5,12.0833,4.7083,4.7083,1.0,107.9167,0.5,0.0,0.0,0.0,13.8333,4.7083,0.7071,40.0759,2.5897,2.5573,7.2667,2.5897,0.25,0.2,1.0,1.0,0.25,0.2,0.0125,0.0217,0.01,0.02,0.0,0.0,0.0,0.0,0.0,0.0,0.0,0.0,0.0,0.0,0.0,0.0,0.0,0.0,0.0,0.0,0.0,0.0,0.0,0.0,0.0,0.0,0.0,0.0,0.0,0.0,0.0,0.0,0.0,0.0,0.0,0.0,0.0,0.0,0.0,0.0,0.0,0.0,0.0,0.0,0.0,0.0,0.0,0.0,0.0,0.0,0.0,0.0,0.0,0.0,0.0,0.0,0.0,0.0,0.0,0.0,0.0,0.0,0.0,0.0,0.0,0.0,0.0,0.0,0.0,0.0,0.0,0.0,0.0,0.0,0.0,0.0,0.0,0.0,0.0,0.0,0.0,0.0,1
0.972,2.2857,0.972,3.5,8.7857,4.4121,4.3462,1.0952,225.9286,1.5455,3.0,0.0,9.0,10.6429,4.4121,1.7559,56.256,2.6809,2.5626,7.184,2.6809,0.0667,0.0282,1.0,0.7887,0.0667,0.0282,0.026,0.0601,0.0233,0.0573,0.0,0.0,0.0,0.0,0.0,0.0,0.0,0.0,0.0,0.0,0.0,0.0,0.0,0.0,0.0,0.0,0.0,0.0,0.0,0.0,0.0,0.0,0.0,0.0,0.0,0.0,0.0,0.0,0.0,0.0,0.0,0.0,0.0,0.0,0.0,0.0,0.0,0.0,0.0,0.0,0.0,0.0,0.0,0.0,0.0,0.0,0.0,0.0,0.0,0.0,0.0,0.0,0.0,0.0,0.0,0.0,0.0,0.0,0.0,0.0,0.0,0.0,0.0,0.0,0.0,0.0,0.0,0.0,0.0,0.0,0.0,0.0,0.0,0.0,0.0,0.0,0.0,0.0,1
1.2547,3.7778,1.2547,1.8,12.963,4.7011,4.3534,1.4815,240.3333,1.0435,4.5833,0.0,6.875,15.8519,4.7011,0.7483,66.0984,2.7735,2.5015,8.5881,2.7735,0.0833,0.0667,1.0,1.0,0.0833,0.0667,0.0042,0.0138,0.0033,0.0125,0.0,0.0,0.0,0.0,0.0,0.0,0.0,0.0,0.0,0.0,0.0,0.0,0.0,0.0,0.0,0.0,0.0,0.0,0.0,0.0,0.0,0.0,0.0,0.0,0.0,0.0,0.0,0.0,0.0,0.0,0.0,0.0,0.0,0.0,0.0,0.0,0.0,0.0,0.0,0.0,0.0,0.0,0.0,0.0,0.0,0.0,0.0,0.0,0.0,0.0,0.0,0.0,0.0,0.0,0.0,0.0,0.0,0.0,0.0,0.0,0.0,0.0,0.0,0.0,0.0,0.0,0.0,0.0,0.0,0.0,0.0,0.0,0.0,0.0,0.0,0.0,0.0,0.0,1
0.8772,3.1905,0.8772,3.0,17.4762,4.3452,4.0932,2.7619,208.8571,1.2609,2.8333,0.0,8.5,19.1905,4.3452,1.8516,78.1559,2.4329,2.2567,9.6393,2.4329,0.1429,0.1818,1.0,0.8788,0.1429,0.1818,0.0167,0.0274,0.0227,0.0348,0.0,0.0,0.0,0.0,0.0,0.0,0.0,0.0,0.0,0.0,0.0,0.0,0.0,0.0,0.0,0.0,0.0,0.0,0.0,0.0,0.0,0.0,0.0,0.0,0.0,0.0,0.0,0.0,0.0,0.0,0.0,0.0,0.0,0.0,0.0,0.0,0.0,0.0,0.0,0.0,0.0,0.0,0.0,0.0,0.0,0.0,0.0,0.0,0.0,0.0,0.0,0.0,0.0,0.0,0.0,0.0,0.0,0.0,0.0,0.0,0.0,0.0,0.0,0.0,0.0,0.0,0.0,0.0,0.0,0.0,0.0,0.0,0.0,0.0,0.0,0.0,0.0,0.0,0
1.0153,3.1786,1.0153,2.8,16.4643,4.6463,4.4367,2.1429,250.75,1.0938,4.6842,0.5,7.7273,18.25,4.6463,2.2271,85.5509,2.546,2.2923,11.4131,2.546,0.2222,0.2,1.0,0.92,0.2222,0.2,0.0204,0.0321,0.0178,0.033,0.0,0.0,0.0,0.0,0.0,0.0,0.0,0.0,0.0,0.0,0.0,0.0,0.0,0.0,0.0,0.0,0.0,0.0,0.0,0.0,0.0,0.0,0.0,0.0,0.0,0.0,0.0,0.0,0.0,0.0,0.0,0.0,0.0,0.0,0.0,0.0,0.0,0.0,0.0,0.0,0.0,0.0,0.0,0.0,0.0,0.0,0.0,0.0,0.0,0.0,0.0,0.0,0.0,0.0,0.0,0.0,0.0,0.0,0.0,0.0,0.0,0.0,0.0,0.0,0.0,0.0,0.0,0.0,0.0,0.0,0.0,0.0,0.0,0.0,0.0,0.0,0.0,0.0,0
0.9848,3.4545,0.9848,5.5,18.8182,4.3689,4.3058,2.3636,123.0,1.0769,4.1111,0.0,9.25,20.4545,4.3689,1.5,59.5083,2.3483,2.3377,8.0155,2.3483,0.2222,0.1111,1.0,1.0,0.2222,0.1111,0.0157,0.023,0.01,0.0193,0.0,0.0,0.0,0.0,0.0,0.0,0.0,0.0,0.0,0.0,0.0,0.0,0.0,0.0,0.0,0.0,0.0,0.0,0.0,0.0,0.0,0.0,0.0,0.0,0.0,0.0,0.0,0.0,0.0,0.0,0.0,0.0,0.0,0.0,0.0,0.0,0.0,0.0,0.0,0.0,0.0,0.0,0.0,0.0,0.0,0.0,0.0,0.0,0.0,0.0,0.0,0.0,0.0,0.0,0.0,0.0,0.0,0.0,0.0,0.0,0.0,0.0,0.0,0.0,0.0,0.0,0.0,0.0,0.0,0.0,0.0,0.0,0.0,0.0,0.0,0.0,0.0,0.0,0
1.1058,5.0,1.1058,1.9091,16.381,4.2326,4.0262,1.6667,200.6667,1.8235,6.6364,0.0,8.1111,18.5238,4.2326,1.3111,73.2578,2.3646,2.2968,11.6767,2.3646,0.2,0.1579,1.0,0.8947,0.2,0.1579,0.0143,0.0314,0.0174,0.0307,0.0,0.0,0.0,0.0,0.0,0.0,0.0,0.0,0.0,0.0,0.0,0.0,0.0,0.0,0.0,0.0,0.0,0.0,0.0,0.0,0.0,0.0,0.0,0.0,0.0,0.0,0.0,0.0,0.0,0.0,0.0,0.0,0.0,0.0,0.0,0.0,0.0,0.0,0.0,0.0,0.0,0.0,0.0,0.0,0.0,0.0,0.0,0.0,0.0,0.0,0.0,0.0,0.0,0.0,0.0,0.0,0.0,0.0,0.0,0.0,0.0,0.0,0.0,0.0,0.0,0.0,0.0,0.0,0.0,0.0,0.0,0.0,0.0,0.0,0.0,0.0,0.0,0.0,0
1.0103,3.5714,1.0103,2.8,24.1429,4.8249,4.6172,3.7857,196.8571,1.3182,4.375,0.0,8.75,26.9286,4.8249,0.7483,87.0483,2.956,2.7987,11.8831,2.956,0.2222,0.2143,1.0,1.0,0.2222,0.2143,0.0363,0.0296,0.031,0.0301,0.0,0.0,0.0,0.0,0.0,0.0,0.0,0.0,0.0,0.0,0.0,0.0,0.0,0.0,0.0,0.0,0.0,0.0,0.0,0.0,0.0,0.0,0.0,0.0,0.0,0.0,0.0,0.0,0.0,0.0,0.0,0.0,0.0,0.0,0.0,0.0,0.0,0.0,0.0,0.0,0.0,0.0,0.0,0.0,0.0,0.0,0.0,0.0,0.0,0.0,0.0,0.0,0.0,0.0,0.0,0.0,0.0,0.0,0.0,0.0,0.0,0.0,0.0,0.0,0.0,0.0,0.0,0.0,0.0,0.0,0.0,0.0,0.0,0.0,0.0,0.0,0.0,0.0,0
1.1264,5.2857,1.1264,2.3333,21.1429,4.6392,4.4674,2.7143,187.7857,1.75,4.5,0.0,9.0,23.5,4.6392,0.7454,76.2317,2.7887,2.6193,10.894,2.7887,0.25,0.3636,1.0,1.0,0.25,0.3636,0.0148,0.0256,0.024,0.034,0.0,0.0,0.0,0.0,0.0,0.0,0.0,0.0,0.0,0.0,0.0,0.0,0.0,0.0,0.0,0.0,0.0,0.0,0.0,0.0,0.0,0.0,0.0,0.0,0.0,0.0,0.0,0.0,0.0,0.0,0.0,0.0,0.0,0.0,0.0,0.0,0.0,0.0,0.0,0.0,0.0,0.0,0.0,0.0,0.0,0.0,0.0,0.0,0.0,0.0,0.0,0.0,0.0,0.0,0.0,0.0,0.0,0.0,0.0,0.0,0.0,0.0,0.0,0.0,0.0,0.0,0.0,0.0,0.0,0.0,0.0,0.0,0.0,0.0,0.0,0.0,0.0,0.0,1
0.966,3.102,0.966,3.5,14.3469,4.3678,4.2974,2.102,416.7551,1.2083,3.6552,0.2222,9.2727,16.8163,4.3678,2.383,99.3985,2.6375,2.5494,7.5638,2.6375,0.2286,0.1584,1.0,0.9802,0.2286,0.1584,0.0254,0.0412,0.0208,0.038,0.0,0.0,0.0,0.0,0.0,0.0,0.0,0.0,0.0,0.0,0.0,0.0,0.0,0.0,0.0,0.0,0.0,0.0,0.0,0.0,0.0,0.0,0.0,0.0,0.0,0.0,0.0,0.0,0.0,0.0,0.0,0.0,0.0,0.0,0.0,0.0,0.0,0.0,0.0,0.0,0.0,0.0,0.0,0.0,0.0,0.0,0.0,0.0,0.0,0.0,0.0,0.0,0.0,0.0,0.0,0.0,0.0,0.0,0.0,0.0,0.0,0.0,0.0,0.0,0.0,0.0,0.0,0.0,0.0,0.0,0.0,0.0,0.0,0.0,0.0,0.0,0.0,0.0,1
1.2016,4.8261,1.2016,5.75,18.8261,4.7126,4.6028,2.0435,250.4783,1.9,5.0588,1.1429,7.8,21.3478,4.7126,3.1125,88.3022,2.8398,2.7499,10.6183,2.8398,0.2105,0.2297,1.0,0.973,0.2105,0.2297,0.0288,0.0354,0.0219,0.0319,0.0,0.0,0.0,0.0,0.0,0.0,0.0,0.0,0.0,0.0,0.0,0.0,0.0,0.0,0.0,0.0,0.0,0.0,0.0,0.0,0.0,0.0,0.0,0.0,0.0,0.0,0.0,0.0,0.0,0.0,0.0,0.0,0.0,0.0,0.0,0.0,0.0,0.0,0.0,0.0,0.0,0.0,0.0,0.0,0.0,0.0,0.0,0.0,0.0,0.0,0.0,0.0,0.0,0.0,0.0,0.0,0.0,0.0,0.0,0.0,0.0,0.0,0.0,0.0,0.0,0.0,0.0,0.0,0.0,0.0,0.0,0.0,0.0,0.0,0.0,0.0,0.0,0.0,1
0.8983,5.0909,0.8983,5.5,17.0,4.4222,4.2722,2.2727,129.7273,1.8,5.6667,0.0,7.2857,19.9091,4.4222,0.5,53.7587,2.8557,2.6601,11.1555,2.8557,0.5556,0.52,1.0,0.96,0.5556,0.52,0.0369,0.0376,0.051,0.0562,0.0,0.0,0.0,0.0,0.0,0.0,0.0,0.0,0.0,0.0,0.0,0.0,0.0,0.0,0.0,0.0,0.0,0.0,0.0,0.0,0.0,0.0,0.0,0.0,0.0,0.0,0.0,0.0,0.0,0.0,0.0,0.0,0.0,0.0,0.0,0.0,0.0,0.0,0.0,0.0,0.0,0.0,0.0,0.0,0.0,0.0,0.0,0.0,0.0,0.0,0.0,0.0,0.0,0.0,0.0,0.0,0.0,0.0,0.0,0.0,0.0,0.0,0.0,0.0,0.0,0.0,0.0,0.0,0.0,0.0,0.0,0.0,0.0,0.0,0.0,0.0,0.0,0.0,1
1.058,3.5294,1.058,17.0,14.7059,4.4896,4.3776,1.7059,162.5882,1.1,3.0,0.0,7.0,16.5882,4.4896,0.0,58.8235,2.7842,2.5771,9.4686,2.7842,0.0625,0.1176,1.0,1.0,0.0625,0.1176,0.0158,0.0352,0.0135,0.0311,0.0,0.0,0.0,0.0,0.0,0.0,0.0,0.0,0.0,0.0,0.0,0.0,0.0,0.0,0.0,0.0,0.0,0.0,0.0,0.0,0.0,0.0,0.0,0.0,0.0,0.0,0.0,0.0,0.0,0.0,0.0,0.0,0.0,0.0,0.0,0.0,0.0,0.0,0.0,0.0,0.0,0.0,0.0,0.0,0.0,0.0,0.0,0.0,0.0,0.0,0.0,0.0,0.0,0.0,0.0,0.0,0.0,0.0,0.0,0.0,0.0,0.0,0.0,0.0,0.0,0.0,0.0,0.0,0.0,0.0,0.0,0.0,0.0,0.0,0.0,0.0,0.0,0.0,1
0.8315,3.4706,0.8315,1.7,18.1176,4.2432,4.1678,2.8235,171.7059,1.6071,2.5294,0.4,5.5714,20.9412,4.2432,1.1874,72.4706,2.4605,2.3458,8.3558,2.4605,0.2857,0.3077,1.0,1.0,0.2857,0.3077,0.0333,0.0556,0.034,0.0474,0.0,0.0,0.0,0.0,0.0,0.0,0.0,0.0,0.0,0.0,0.0,0.0,0.0,0.0,0.0,0.0,0.0,0.0,0.0,0.0,0.0,0.0,0.0,0.0,0.0,0.0,0.0,0.0,0.0,0.0,0.0,0.0,0.0,0.0,0.0,0.0,0.0,0.0,0.0,0.0,0.0,0.0,0.0,0.0,0.0,0.0,0.0,0.0,0.0,0.0,0.0,0.0,0.0,0.0,0.0,0.0,0.0,0.0,0.0,0.0,0.0,0.0,0.0,0.0,0.0,0.0,0.0,0.0,0.0,0.0,0.0,0.0,0.0,0.0,0.0,0.0,0.0,0.0,0
0.7922,2.6154,0.7922,6.5,17.0,4.3653,4.2055,2.2308,130.9231,1.4167,2.7143,0.8,7.5,18.6154,4.3653,1.5,58.8897,2.4539,2.4022,4.9231,2.4539,0.5455,0.3684,1.0,1.0,0.5455,0.3684,0.0587,0.0615,0.0476,0.0583,0.0,0.0,0.0,0.0,0.0,0.0,0.0,0.0,0.0,0.0,0.0,0.0,0.0,0.0,0.0,0.0,0.0,0.0,0.0,0.0,0.0,0.0,0.0,0.0,0.0,0.0,0.0,0.0,0.0,0.0,0.0,0.0,0.0,0.0,0.0,0.0,0.0,0.0,0.0,0.0,0.0,0.0,0.0,0.0,0.0,0.0,0.0,0.0,0.0,0.0,0.0,0.0,0.0,0.0,0.0,0.0,0.0,0.0,0.0,0.0,0.0,0.0,0.0,0.0,0.0,0.0,0.0,0.0,0.0,0.0,0.0,0.0,0.0,0.0,0.0,0.0,0.0,0.0,0
0.7877,2.7407,0.7877,3.8571,18.7778,4.1549,4.0805,2.6667,293.8519,2.5227,4.36,0.6923,8.3333,20.4074,4.1549,1.3553,95.7483,2.3183,2.1951,10.6293,2.3183,0.1,0.1333,1.0,0.9778,0.1,0.1333,0.045,0.0617,0.0381,0.0496,0.0,0.0,0.0,0.0,0.0,0.0,0.0,0.0,0.0,0.0,0.0,0.0,0.0,0.0,0.0,0.0,0.0,0.0,0.0,0.0,0.0,0.0,0.0,0.0,0.0,0.0,0.0,0.0,0.0,0.0,0.0,0.0,0.0,0.0,0.0,0.0,0.0,0.0,0.0,0.0,0.0,0.0,0.0,0.0,0.0,0.0,0.0,0.0,0.0,0.0,0.0,0.0,0.0,0.0,0.0,0.0,0.0,0.0,0.0,0.0,0.0,0.0,0.0,0.0,0.0,0.0,0.0,0.0,0.0,0.0,0.0,0.0,0.0,0.0,0.0,0.0,0.0,0.0,0
1.0,4.625,1.0,4.0,18.75,4.26,4.14,3.25,88.875,1.25,0.0,0.0,0.0,21.0,4.26,1.0,49.6078,2.3308,2.1757,9.3541,2.3308,0.0,0.1538,1.0,1.0,0.0,0.1538,0.0539,0.041,0.0473,0.0439,0.0,0.0,0.0,0.0,0.0,0.0,0.0,0.0,0.0,0.0,0.0,0.0,0.0,0.0,0.0,0.0,0.0,0.0,0.0,0.0,0.0,0.0,0.0,0.0,0.0,0.0,0.0,0.0,0.0,0.0,0.0,0.0,0.0,0.0,0.0,0.0,0.0,0.0,0.0,0.0,0.0,0.0,0.0,0.0,0.0,0.0,0.0,0.0,0.0,0.0,0.0,0.0,0.0,0.0,0.0,0.0,0.0,0.0,0.0,0.0,0.0,0.0,0.0,0.0,0.0,0.0,0.0,0.0,0.0,0.0,0.0,0.0,0.0,0.0,0.0,0.0,0.0,0.0,0
0.8871,4.1667,0.8871,6.0,16.625,4.4026,4.1065,2.25,227.8333,1.8571,1.8,0.0,9.0,18.5417,4.4026,1.4142,79.7307,2.4349,2.2335,10.7973,2.4349,0.25,0.1562,1.0,0.9219,0.25,0.1562,0.041,0.0536,0.0194,0.0393,0.0,0.0,0.0,0.0,0.0,0.0,0.0,0.0,0.0,0.0,0.0,0.0,0.0,0.0,0.0,0.0,0.0,0.0,0.0,0.0,0.0,0.0,0.0,0.0,0.0,0.0,0.0,0.0,0.0,0.0,0.0,0.0,0.0,0.0,0.0,0.0,0.0,0.0,0.0,0.0,0.0,0.0,0.0,0.0,0.0,0.0,0.0,0.0,0.0,0.0,0.0,0.0,0.0,0.0,0.0,0.0,0.0,0.0,0.0,0.0,0.0,0.0,0.0,0.0,0.0,0.0,0.0,0.0,0.0,0.0,0.0,0.0,0.0,0.0,0.0,0.0,0.0,0.0,0
1.0,3.3529,1.0,2.4286,22.5882,4.3639,4.3351,3.4118,213.0,1.2174,4.2857,0.0,7.5,24.7647,4.3639,0.9035,90.3529,2.6755,2.5444,10.4967,2.6755,0.7,0.5333,1.0,1.0,0.7,0.5333,0.0503,0.0373,0.0412,0.0424,0.0,0.0,0.0,0.0,0.0,0.0,0.0,0.0,0.0,0.0,0.0,0.0,0.0,0.0,0.0,0.0,0.0,0.0,0.0,0.0,0.0,0.0,0.0,0.0,0.0,0.0,0.0,0.0,0.0,0.0,0.0,0.0,0.0,0.0,0.0,0.0,0.0,0.0,0.0,0.0,0.0,0.0,0.0,0.0,0.0,0.0,0.0,0.0,0.0,0.0,0.0,0.0,0.0,0.0,0.0,0.0,0.0,0.0,0.0,0.0,0.0,0.0,0.0,0.0,0.0,0.0,0.0,0.0,0.0,0.0,0.0,0.0,0.0,0.0,0.0,0.0,0.0,0.0,1
0.9186,4.1,0.9186,1.8182,13.1,4.3769,4.3385,1.55,173.7,1.6364,5.3529,0.0,7.5833,15.85,4.3769,0.7158,57.1016,2.7069,2.6357,9.377,2.7069,0.2222,0.1818,1.0,0.8182,0.2222,0.1818,0.0259,0.0374,0.0212,0.0352,0.0,0.0,0.0,0.0,0.0,0.0,0.0,0.0,0.0,0.0,0.0,0.0,0.0,0.0,0.0,0.0,0.0,0.0,0.0,0.0,0.0,0.0,0.0,0.0,0.0,0.0,0.0,0.0,0.0,0.0,0.0,0.0,0.0,0.0,0.0,0.0,0.0,0.0,0.0,0.0,0.0,0.0,0.0,0.0,0.0,0.0,0.0,0.0,0.0,0.0,0.0,0.0,0.0,0.0,0.0,0.0,0.0,0.0,0.0,0.0,0.0,0.0,0.0,0.0,0.0,0.0,0.0,0.0,0.0,0.0,0.0,0.0,0.0,0.0,0.0,0.0,0.0,0.0,1
1.2,4.1111,1.2,3.0,13.3333,4.2542,4.2373,1.3333,84.6667,1.375,6.3333,0.0,7.6,15.4444,4.2542,2.1602,37.7124,2.5251,2.4656,5.3148,2.5251,0.0,0.125,1.0,1.0,0.0,0.125,0.0,0.0,0.0091,0.0244,0.0,0.0,0.0,0.0,0.0,0.0,0.0,0.0,0.0,0.0,0.0,0.0,0.0,0.0,0.0,0.0,0.0,0.0,0.0,0.0,0.0,0.0,0.0,0.0,0.0,0.0,0.0,0.0,0.0,0.0,0.0,0.0,0.0,0.0,0.0,0.0,0.0,0.0,0.0,0.0,0.0,0.0,0.0,0.0,0.0,0.0,0.0,0.0,0.0,0.0,0.0,0.0,0.0,0.0,0.0,0.0,0.0,0.0,0.0,0.0,0.0,0.0,0.0,0.0,0.0,0.0,0.0,0.0,0.0,0.0,0.0,0.0,0.0,0.0,0.0,0.0,0.0,0.0,1
1.0048,2.8448,1.0048,3.4118,11.5862,4.3444,4.2915,1.3103,420.6034,2.8043,4.6774,0.0,7.6316,13.8448,4.3444,4.1876,87.4739,2.5896,2.4596,15.1576,2.5896,0.122,0.1324,1.0,0.8539,0.122,0.1324,0.0286,0.0576,0.0196,0.0454,0.0,0.0,0.0,0.0,0.0,0.0,0.0,0.0,0.0,0.0,0.0,0.0,0.0,0.0,0.0,0.0,0.0,0.0,0.0,0.0,0.0,0.0,0.0,0.0,0.0,0.0,0.0,0.0,0.0,0.0,0.0,0.0,0.0,0.0,0.0,0.0,0.0,0.0,0.0,0.0,0.0,0.0,0.0,0.0,0.0,0.0,0.0,0.0,0.0,0.0,0.0,0.0,0.0,0.0,0.0,0.0,0.0,0.0,0.0,0.0,0.0,0.0,0.0,0.0,0.0,0.0,0.0,0.0,0.0,0.0,0.0,0.0,0.0,0.0,0.0,0.0,0.0,0.0,1
0.9974,3.2471,0.9974,5.3125,14.5412,4.3437,4.1956,1.7765,770.7176,1.2209,3.766,0.0,7.375,16.5412,4.3437,3.6864,133.2721,2.6731,2.5724,9.06,2.6731,0.087,0.0993,1.0,0.9281,0.087,0.0993,0.0157,0.0321,0.0177,0.039,0.0,0.0,0.0,0.0,0.0,0.0,0.0,0.0,0.0,0.0,0.0,0.0,0.0,0.0,0.0,0.0,0.0,0.0,0.0,0.0,0.0,0.0,0.0,0.0,0.0,0.0,0.0,0.0,0.0,0.0,0.0,0.0,0.0,0.0,0.0,0.0,0.0,0.0,0.0,0.0,0.0,0.0,0.0,0.0,0.0,0.0,0.0,0.0,0.0,0.0,0.0,0.0,0.0,0.0,0.0,0.0,0.0,0.0,0.0,0.0,0.0,0.0,0.0,0.0,0.0,0.0,0.0,0.0,0.0,0.0,0.0,0.0,0.0,0.0,0.0,0.0,0.0,0.0,1
1.0917,4.0909,1.0917,2.75,34.0909,4.4759,4.2834,5.0,236.4545,1.5217,7.7222,0.0,9.9286,36.6364,4.4759,1.479,107.8049,2.5074,2.3423,14.3544,2.5074,0.1429,0.2143,1.0,1.0,0.1429,0.2143,0.0426,0.0329,0.0295,0.03,0.0,0.0,0.0,0.0,0.0,0.0,0.0,0.0,0.0,0.0,0.0,0.0,0.0,0.0,0.0,0.0,0.0,0.0,0.0,0.0,0.0,0.0,0.0,0.0,0.0,0.0,0.0,0.0,0.0,0.0,0.0,0.0,0.0,0.0,0.0,0.0,0.0,0.0,0.0,0.0,0.0,0.0,0.0,0.0,0.0,0.0,0.0,0.0,0.0,0.0,0.0,0.0,0.0,0.0,0.0,0.0,0.0,0.0,0.0,0.0,0.0,0.0,0.0,0.0,0.0,0.0,0.0,0.0,0.0,0.0,0.0,0.0,0.0,0.0,0.0,0.0,0.0,0.0,0
0.9368,4.0588,0.9368,5.6667,19.2353,4.3622,4.1579,3.5882,195.0,1.52,4.2778,0.5,9.0,21.2353,4.3622,2.8674,76.9412,2.4104,2.2512,12.0515,2.4104,0.3571,0.1731,1.0,1.0,0.3571,0.1731,0.0335,0.036,0.0181,0.0287,0.0,0.0,0.0,0.0,0.0,0.0,0.0,0.0,0.0,0.0,0.0,0.0,0.0,0.0,0.0,0.0,0.0,0.0,0.0,0.0,0.0,0.0,0.0,0.0,0.0,0.0,0.0,0.0,0.0,0.0,0.0,0.0,0.0,0.0,0.0,0.0,0.0,0.0,0.0,0.0,0.0,0.0,0.0,0.0,0.0,0.0,0.0,0.0,0.0,0.0,0.0,0.0,0.0,0.0,0.0,0.0,0.0,0.0,0.0,0.0,0.0,0.0,0.0,0.0,0.0,0.0,0.0,0.0,0.0,0.0,0.0,0.0,0.0,0.0,0.0,0.0,0.0,0.0,0
1.1791,4.72,1.1791,6.25,18.2,4.2725,4.0132,2.24,262.76,1.5,2.5333,0.3,7.0,19.88,4.2725,2.2776,89.1614,2.4514,2.2765,8.0812,2.4514,0.2381,0.2632,1.0,1.0,0.2381,0.2632,0.0312,0.0474,0.0246,0.0384,0.0,0.0,0.0,0.0,0.0,0.0,0.0,0.0,0.0,0.0,0.0,0.0,0.0,0.0,0.0,0.0,0.0,0.0,0.0,0.0,0.0,0.0,0.0,0.0,0.0,0.0,0.0,0.0,0.0,0.0,0.0,0.0,0.0,0.0,0.0,0.0,0.0,0.0,0.0,0.0,0.0,0.0,0.0,0.0,0.0,0.0,0.0,0.0,0.0,0.0,0.0,0.0,0.0,0.0,0.0,0.0,0.0,0.0,0.0,0.0,0.0,0.0,0.0,0.0,0.0,0.0,0.0,0.0,0.0,0.0,0.0,0.0,0.0,0.0,0.0,0.0,0.0,0.0,0
1.2842,4.6667,1.2842,3.0,36.4444,4.4383,4.0586,5.7778,221.4444,1.8438,6.05,0.0,7.5625,40.0,4.4383,0.8165,103.0805,2.3764,2.1372,13.0128,2.3764,0.3333,0.3,1.0,1.0,0.3333,0.3,0.0162,0.0179,0.0178,0.0201,0.0,0.0,0.0,0.0,0.0,0.0,0.0,0.0,0.0,0.0,0.0,0.0,0.0,0.0,0.0,0.0,0.0,0.0,0.0,0.0,0.0,0.0,0.0,0.0,0.0,0.0,0.0,0.0,0.0,0.0,0.0,0.0,0.0,0.0,0.0,0.0,0.0,0.0,0.0,0.0,0.0,0.0,0.0,0.0,0.0,0.0,0.0,0.0,0.0,0.0,0.0,0.0,0.0,0.0,0.0,0.0,0.0,0.0,0.0,0.0,0.0,0.0,0.0,0.0,0.0,0.0,0.0,0.0,0.0,0.0,0.0,0.0,0.0,0.0,0.0,0.0,0.0,0.0,0
1.2222,4.2222,1.2222,3.0,33.3333,4.4295,4.2215,4.1111,207.2222,1.04,3.4706,0.0,7.375,36.2222,4.4295,1.633,94.2809,2.442,2.3311,14.1796,2.442,0.5,0.3077,1.0,1.0,0.5,0.3077,0.0383,0.0272,0.0354,0.0264,0.0,0.0,0.0,0.0,0.0,0.0,0.0,0.0,0.0,0.0,0.0,0.0,0.0,0.0,0.0,0.0,0.0,0.0,0.0,0.0,0.0,0.0,0.0,0.0,0.0,0.0,0.0,0.0,0.0,0.0,0.0,0.0,0.0,0.0,0.0,0.0,0.0,0.0,0.0,0.0,0.0,0.0,0.0,0.0,0.0,0.0,0.0,0.0,0.0,0.0,0.0,0.0,0.0,0.0,0.0,0.0,0.0,0.0,0.0,0.0,0.0,0.0,0.0,0.0,0.0,0.0,0.0,0.0,0.0,0.0,0.0,0.0,0.0,0.0,0.0,0.0,0.0,0.0,0
0.9623,1.95,0.9623,2.3077,8.2667,4.3527,4.3548,0.8167,307.5,1.2,4.3429,0.4118,8.0556,10.0167,4.3527,1.3522,63.4975,2.5328,2.3939,7.6081,2.5328,0.0588,0.0952,1.0,0.7937,0.0588,0.0952,0.0108,0.0398,0.0155,0.0499,0.0,0.0,0.0,0.0,0.0,0.0,0.0,0.0,0.0,0.0,0.0,0.0,0.0,0.0,0.0,0.0,0.0,0.0,0.0,0.0,0.0,0.0,0.0,0.0,0.0,0.0,0.0,0.0,0.0,0.0,0.0,0.0,0.0,0.0,0.0,0.0,0.0,0.0,0.0,0.0,0.0,0.0,0.0,0.0,0.0,0.0,0.0,0.0,0.0,0.0,0.0,0.0,0.0,0.0,0.0,0.0,0.0,0.0,0.0,0.0,0.0,0.0,0.0,0.0,0.0,0.0,0.0,0.0,0.0,0.0,0.0,0.0,0.0,0.0,0.0,0.0,0.0,0.0,1
1.0721,2.0233,1.0721,8.6,10.1395,4.3591,4.2679,1.1047,555.7209,1.8511,4.0526,0.4,8.1111,12.0465,4.3591,5.4443,93.4819,2.5191,2.3994,7.9926,2.5191,0.0789,0.0463,1.0,0.7811,0.0789,0.0463,0.0139,0.0374,0.013,0.0398,0.0,0.0,0.0,0.0,0.0,0.0,0.0,0.0,0.0,0.0,0.0,0.0,0.0,0.0,0.0,0.0,0.0,0.0,0.0,0.0,0.0,0.0,0.0,0.0,0.0,0.0,0.0,0.0,0.0,0.0,0.0,0.0,0.0,0.0,0.0,0.0,0.0,0.0,0.0,0.0,0.0,0.0,0.0,0.0,0.0,0.0,0.0,0.0,0.0,0.0,0.0,0.0,0.0,0.0,0.0,0.0,0.0,0.0,0.0,0.0,0.0,0.0,0.0,0.0,0.0,0.0,0.0,0.0,0.0,0.0,0.0,0.0,0.0,0.0,0.0,0.0,0.0,0.0,1
0.9239,2.3036,0.9239,1.8667,10.6429,4.0875,3.963,1.2679,408.5357,1.4419,4.8966,1.1538,7.9375,13.6429,4.0875,1.384,78.9295,2.3288,2.1786,10.5279,2.3288,0.0,0.0377,1.0,0.9057,0.0,0.0377,0.0083,0.0331,0.0092,0.0277,0.0,0.0,0.0,0.0,0.0,0.0,0.0,0.0,0.0,0.0,0.0,0.0,0.0,0.0,0.0,0.0,0.0,0.0,0.0,0.0,0.0,0.0,0.0,0.0,0.0,0.0,0.0,0.0,0.0,0.0,0.0,0.0,0.0,0.0,0.0,0.0,0.0,0.0,0.0,0.0,0.0,0.0,0.0,0.0,0.0,0.0,0.0,0.0,0.0,0.0,0.0,0.0,0.0,0.0,0.0,0.0,0.0,0.0,0.0,0.0,0.0,0.0,0.0,0.0,0.0,0.0,0.0,0.0,0.0,0.0,0.0,0.0,0.0,0.0,0.0,0.0,0.0,0.0,1
1.2179,3.0488,1.2179,5.125,13.3171,4.6272,4.4653,1.4756,641.6585,1.6714,5.3333,0.3077,7.5862,15.4268,4.6272,3.3331,119.8537,2.7432,2.5999,10.0802,2.7432,0.0606,0.0426,1.0,0.8992,0.0606,0.0426,0.0133,0.0398,0.008,0.0279,0.0,0.0,0.0,0.0,0.0,0.0,0.0,0.0,0.0,0.0,0.0,0.0,0.0,0.0,0.0,0.0,0.0,0.0,0.0,0.0,0.0,0.0,0.0,0.0,0.0,0.0,0.0,0.0,0.0,0.0,0.0,0.0,0.0,0.0,0.0,0.0,0.0,0.0,0.0,0.0,0.0,0.0,0.0,0.0,0.0,0.0,0.0,0.0,0.0,0.0,0.0,0.0,0.0,0.0,0.0,0.0,0.0,0.0,0.0,0.0,0.0,0.0,0.0,0.0,0.0,0.0,0.0,0.0,0.0,0.0,0.0,0.0,0.0,0.0,0.0,0.0,0.0,0.0,1
0.768,1.8667,0.768,1.5,8.4222,3.8142,3.6803,1.1556,237.0444,1.3333,2.3636,1.3333,7.0,10.5333,3.8142,0.7638,55.8667,2.3078,2.1397,5.5321,2.3078,0.1333,0.1,1.0,0.9,0.1333,0.1,0.0402,0.0911,0.034,0.0811,0.0,0.0,0.0,0.0,0.0,0.0,0.0,0.0,0.0,0.0,0.0,0.0,0.0,0.0,0.0,0.0,0.0,0.0,0.0,0.0,0.0,0.0,0.0,0.0,0.0,0.0,0.0,0.0,0.0,0.0,0.0,0.0,0.0,0.0,0.0,0.0,0.0,0.0,0.0,0.0,0.0,0.0,0.0,0.0,0.0,0.0,0.0,0.0,0.0,0.0,0.0,0.0,0.0,0.0,0.0,0.0,0.0,0.0,0.0,0.0,0.0,0.0,0.0,0.0,0.0,0.0,0.0,0.0,0.0,0.0,0.0,0.0,0.0,0.0,0.0,0.0,0.0,0.0,1
1.1111,5.5385,1.1111,2.6,30.0,4.3376,4.0851,4.6923,216.7692,1.625,6.4286,0.0,8.4375,32.4615,4.3376,1.2,103.923,2.4032,2.2396,12.4876,2.4032,0.125,0.3571,1.0,0.7857,0.125,0.3571,0.0247,0.02,0.0326,0.0286,0.0,0.0,0.0,0.0,0.0,0.0,0.0,0.0,0.0,0.0,0.0,0.0,0.0,0.0,0.0,0.0,0.0,0.0,0.0,0.0,0.0,0.0,0.0,0.0,0.0,0.0,0.0,0.0,0.0,0.0,0.0,0.0,0.0,0.0,0.0,0.0,0.0,0.0,0.0,0.0,0.0,0.0,0.0,0.0,0.0,0.0,0.0,0.0,0.0,0.0,0.0,0.0,0.0,0.0,0.0,0.0,0.0,0.0,0.0,0.0,0.0,0.0,0.0,0.0,0.0,0.0,0.0,0.0,0.0,0.0,0.0,0.0,0.0,0.0,0.0,0.0,0.0,0.0,0
0.9369,2.2,0.9369,2.0,37.3,4.1892,4.0108,6.7,207.9,1.125,4.7222,0.4444,9.0,40.7,4.1892,0.8944,111.9,2.3439,2.1598,20.7077,2.3439,0.4,0.4286,1.0,1.0,0.4,0.4286,0.0168,0.0227,0.029,0.0279,0.0,0.0,0.0,0.0,0.0,0.0,0.0,0.0,0.0,0.0,0.0,0.0,0.0,0.0,0.0,0.0,0.0,0.0,0.0,0.0,0.0,0.0,0.0,0.0,0.0,0.0,0.0,0.0,0.0,0.0,0.0,0.0,0.0,0.0,0.0,0.0,0.0,0.0,0.0,0.0,0.0,0.0,0.0,0.0,0.0,0.0,0.0,0.0,0.0,0.0,0.0,0.0,0.0,0.0,0.0,0.0,0.0,0.0,0.0,0.0,0.0,0.0,0.0,0.0,0.0,0.0,0.0,0.0,0.0,0.0,0.0,0.0,0.0,0.0,0.0,0.0,0.0,0.0,0
1.0909,5.9167,1.0909,4.0,26.25,4.3248,4.1815,3.9167,203.5,1.8947,7.0,0.0,8.9091,28.5,4.3248,0.8165,87.0614,2.3788,2.2194,9.4296,2.3788,0.4444,0.4737,1.0,1.0,0.4444,0.4737,0.0384,0.0342,0.0338,0.0302,0.0,0.0,0.0,0.0,0.0,0.0,0.0,0.0,0.0,0.0,0.0,0.0,0.0,0.0,0.0,0.0,0.0,0.0,0.0,0.0,0.0,0.0,0.0,0.0,0.0,0.0,0.0,0.0,0.0,0.0,0.0,0.0,0.0,0.0,0.0,0.0,0.0,0.0,0.0,0.0,0.0,0.0,0.0,0.0,0.0,0.0,0.0,0.0,0.0,0.0,0.0,0.0,0.0,0.0,0.0,0.0,0.0,0.0,0.0,0.0,0.0,0.0,0.0,0.0,0.0,0.0,0.0,0.0,0.0,0.0,0.0,0.0,0.0,0.0,0.0,0.0,0.0,0.0,0
1.0956,3.9231,1.0956,2.0,17.7308,4.1041,4.0304,2.0769,315.6154,1.3143,3.9167,0.0,7.8333,21.0769,4.1041,1.0377,88.6538,2.2136,2.127,13.8673,2.2136,0.0,0.1,1.0,1.0,0.0,0.1,0.0189,0.0268,0.0295,0.0438,0.0,0.0,0.0,0.0,0.0,0.0,0.0,0.0,0.0,0.0,0.0,0.0,0.0,0.0,0.0,0.0,0.0,0.0,0.0,0.0,0.0,0.0,0.0,0.0,0.0,0.0,0.0,0.0,0.0,0.0,0.0,0.0,0.0,0.0,0.0,0.0,0.0,0.0,0.0,0.0,0.0,0.0,0.0,0.0,0.0,0.0,0.0,0.0,0.0,0.0,0.0,0.0,0.0,0.0,0.0,0.0,0.0,0.0,0.0,0.0,0.0,0.0,0.0,0.0,0.0,0.0,0.0,0.0,0.0,0.0,0.0,0.0,0.0,0.0,0.0,0.0,0.0,0.0,0
0.973,5.5,0.973,4.0,28.0,4.3552,4.1104,4.0833,173.75,1.4062,4.5238,0.4,8.2727,31.1667,4.3552,0.8165,92.8655,2.4094,2.2307,13.6004,2.4094,0.6667,0.5789,1.0,1.0,0.6667,0.5789,0.0554,0.0422,0.0588,0.05,0.0,0.0,0.0,0.0,0.0,0.0,0.0,0.0,0.0,0.0,0.0,0.0,0.0,0.0,0.0,0.0,0.0,0.0,0.0,0.0,0.0,0.0,0.0,0.0,0.0,0.0,0.0,0.0,0.0,0.0,0.0,0.0,0.0,0.0,0.0,0.0,0.0,0.0,0.0,0.0,0.0,0.0,0.0,0.0,0.0,0.0,0.0,0.0,0.0,0.0,0.0,0.0,0.0,0.0,0.0,0.0,0.0,0.0,0.0,0.0,0.0,0.0,0.0,0.0,0.0,0.0,0.0,0.0,0.0,0.0,0.0,0.0,0.0,0.0,0.0,0.0,0.0,0.0,0
0.8736,4.7826,0.8736,1.7037,15.5435,3.8956,3.7913,1.8478,381.2826,1.4068,4.3333,1.0,6.3333,18.7174,3.8956,0.895,104.2688,2.1066,2.0242,19.5711,2.1066,0.0526,0.0741,1.0,1.0,0.0526,0.0741,0.0055,0.0235,0.0092,0.0287,0.0,0.0,0.0,0.0,0.0,0.0,0.0,0.0,0.0,0.0,0.0,0.0,0.0,0.0,0.0,0.0,0.0,0.0,0.0,0.0,0.0,0.0,0.0,0.0,0.0,0.0,0.0,0.0,0.0,0.0,0.0,0.0,0.0,0.0,0.0,0.0,0.0,0.0,0.0,0.0,0.0,0.0,0.0,0.0,0.0,0.0,0.0,0.0,0.0,0.0,0.0,0.0,0.0,0.0,0.0,0.0,0.0,0.0,0.0,0.0,0.0,0.0,0.0,0.0,0.0,0.0,0.0,0.0,0.0,0.0,0.0,0.0,0.0,0.0,0.0,0.0,0.0,0.0,1
1.1437,3.4495,1.1437,3.1143,14.5138,4.341,4.204,1.6147,969.1468,1.8917,5.0845,0.2222,8.0682,17.0459,4.341,2.8563,150.8314,2.4726,2.3516,11.088,2.4726,0.0541,0.0659,1.0,0.9457,0.0541,0.0659,0.0106,0.027,0.0126,0.0364,0.0,0.0,0.0,0.0,0.0,0.0,0.0,0.0,0.0,0.0,0.0,0.0,0.0,0.0,0.0,0.0,0.0,0.0,0.0,0.0,0.0,0.0,0.0,0.0,0.0,0.0,0.0,0.0,0.0,0.0,0.0,0.0,0.0,0.0,0.0,0.0,0.0,0.0,0.0,0.0,0.0,0.0,0.0,0.0,0.0,0.0,0.0,0.0,0.0,0.0,0.0,0.0,0.0,0.0,0.0,0.0,0.0,0.0,0.0,0.0,0.0,0.0,0.0,0.0,0.0,0.0,0.0,0.0,0.0,0.0,0.0,0.0,0.0,0.0,0.0,0.0,0.0,0.0,1
0.9045,2.3742,0.9045,2.0946,10.3032,3.9598,3.8846,1.1161,999.8581,1.7113,6.7363,0.6667,10.1897,12.8645,3.9598,1.1874,127.8597,2.2082,2.1189,7.0235,2.2082,0.1358,0.1314,1.0,0.8613,0.1358,0.1314,0.0356,0.083,0.0299,0.0718,0.0,0.0,0.0,0.0,0.0,0.0,0.0,0.0,0.0,0.0,0.0,0.0,0.0,0.0,0.0,0.0,0.0,0.0,0.0,0.0,0.0,0.0,0.0,0.0,0.0,0.0,0.0,0.0,0.0,0.0,0.0,0.0,0.0,0.0,0.0,0.0,0.0,0.0,0.0,0.0,0.0,0.0,0.0,0.0,0.0,0.0,0.0,0.0,0.0,0.0,0.0,0.0,0.0,0.0,0.0,0.0,0.0,0.0,0.0,0.0,0.0,0.0,0.0,0.0,0.0,0.0,0.0,0.0,0.0,0.0,0.0,0.0,0.0,0.0,0.0,0.0,0.0,0.0,1
1.3407,4.3971,1.3407,3.4,12.8235,4.7483,4.6172,1.0441,548.7647,1.4,5.3529,0.4444,7.12,15.0882,4.7483,2.5573,104.9651,2.8232,2.6939,8.9488,2.8232,0.0417,0.0816,1.0,0.9116,0.0417,0.0816,0.0031,0.0151,0.0074,0.0258,0.0,0.0,0.0,0.0,0.0,0.0,0.0,0.0,0.0,0.0,0.0,0.0,0.0,0.0,0.0,0.0,0.0,0.0,0.0,0.0,0.0,0.0,0.0,0.0,0.0,0.0,0.0,0.0,0.0,0.0,0.0,0.0,0.0,0.0,0.0,0.0,0.0,0.0,0.0,0.0,0.0,0.0,0.0,0.0,0.0,0.0,0.0,0.0,0.0,0.0,0.0,0.0,0.0,0.0,0.0,0.0,0.0,0.0,0.0,0.0,0.0,0.0,0.0,0.0,0.0,0.0,0.0,0.0,0.0,0.0,0.0,0.0,0.0,0.0,0.0,0.0,0.0,0.0,1
1.125,2.9268,1.125,6.8333,18.1463,4.3261,4.3099,2.6098,458.9024,1.9773,4.2308,0.7857,8.25,20.2927,4.3261,4.9805,114.7675,2.622,2.5187,12.5567,2.622,0.2,0.0825,1.0,0.9536,0.2,0.0928,0.0277,0.0485,0.013,0.0324,0.0,0.0,0.0,0.0,0.0,0.0,0.0,0.0,0.0,0.0,0.0,0.0,0.0,0.0,0.0,0.0,0.0,0.0,0.0,0.0,0.0,0.0,0.0,0.0,0.0,0.0,0.0,0.0,0.0,0.0,0.0,0.0,0.0,0.0,0.0,0.0,0.0,0.0,0.0,0.0,0.0,0.0,0.0,0.0,0.0,0.0,0.0,0.0,0.0,0.0,0.0,0.0,0.0,0.0,0.0,0.0,0.0,0.0,0.0,0.0,0.0,0.0,0.0,0.0,0.0,0.0,0.0,0.0,0.0,0.0,0.0,0.0,0.0,0.0,0.0,0.0,0.0,0.0,1
1.1039,4.2727,1.1039,3.6667,26.1818,4.7965,4.5263,3.2727,163.1818,1.125,5.6923,0.0,9.25,29.0,4.7965,0.4714,82.7942,2.6518,2.4388,13.6315,2.6518,0.75,0.7333,1.0,1.0,0.75,0.7333,0.0689,0.0494,0.0565,0.0431,0.0,0.0,0.0,0.0,0.0,0.0,0.0,0.0,0.0,0.0,0.0,0.0,0.0,0.0,0.0,0.0,0.0,0.0,0.0,0.0,0.0,0.0,0.0,0.0,0.0,0.0,0.0,0.0,0.0,0.0,0.0,0.0,0.0,0.0,0.0,0.0,0.0,0.0,0.0,0.0,0.0,0.0,0.0,0.0,0.0,0.0,0.0,0.0,0.0,0.0,0.0,0.0,0.0,0.0,0.0,0.0,0.0,0.0,0.0,0.0,0.0,0.0,0.0,0.0,0.0,0.0,0.0,0.0,0.0,0.0,0.0,0.0,0.0,0.0,0.0,0.0,0.0,0.0,0
1.1845,5.8824,1.1845,5.6667,22.5294,4.2147,4.0393,3.1176,230.0,1.1667,4.8182,0.0,7.5714,24.5294,4.2147,3.0912,90.1176,2.4153,2.2781,9.7082,2.4153,0.2143,0.1296,1.0,1.0,0.2143,0.1296,0.0197,0.0235,0.0179,0.0259,0.0,0.0,0.0,0.0,0.0,0.0,0.0,0.0,0.0,0.0,0.0,0.0,0.0,0.0,0.0,0.0,0.0,0.0,0.0,0.0,0.0,0.0,0.0,0.0,0.0,0.0,0.0,0.0,0.0,0.0,0.0,0.0,0.0,0.0,0.0,0.0,0.0,0.0,0.0,0.0,0.0,0.0,0.0,0.0,0.0,0.0,0.0,0.0,0.0,0.0,0.0,0.0,0.0,0.0,0.0,0.0,0.0,0.0,0.0,0.0,0.0,0.0,0.0,0.0,0.0,0.0,0.0,0.0,0.0,0.0,0.0,0.0,0.0,0.0,0.0,0.0,0.0,0.0,0
1.3776,3.25,1.3776,8.0,19.8125,4.5431,4.2045,2.4375,179.0625,1.3125,6.9167,0.0,9.2222,21.8125,4.5431,1.0,76.7335,2.6134,2.3853,6.6259,2.6134,0.2857,0.193,1.0,1.0,0.2857,0.193,0.0222,0.03,0.0148,0.027,0.0,0.0,0.0,0.0,0.0,0.0,0.0,0.0,0.0,0.0,0.0,0.0,0.0,0.0,0.0,0.0,0.0,0.0,0.0,0.0,0.0,0.0,0.0,0.0,0.0,0.0,0.0,0.0,0.0,0.0,0.0,0.0,0.0,0.0,0.0,0.0,0.0,0.0,0.0,0.0,0.0,0.0,0.0,0.0,0.0,0.0,0.0,0.0,0.0,0.0,0.0,0.0,0.0,0.0,0.0,0.0,0.0,0.0,0.0,0.0,0.0,0.0,0.0,0.0,0.0,0.0,0.0,0.0,0.0,0.0,0.0,0.0,0.0,0.0,0.0,0.0,0.0,0.0,0
0.8804,8.5,0.8804,4.0,35.625,4.3825,4.1754,6.0,159.125,1.3913,4.0625,0.5,7.625,38.625,4.3825,0.0,94.2549,2.4158,2.2751,19.0784,2.4158,0.5,0.3333,1.0,1.0,0.5,0.3333,0.064,0.0399,0.0504,0.0348,0.0,0.0,0.0,0.0,0.0,0.0,0.0,0.0,0.0,0.0,0.0,0.0,0.0,0.0,0.0,0.0,0.0,0.0,0.0,0.0,0.0,0.0,0.0,0.0,0.0,0.0,0.0,0.0,0.0,0.0,0.0,0.0,0.0,0.0,0.0,0.0,0.0,0.0,0.0,0.0,0.0,0.0,0.0,0.0,0.0,0.0,0.0,0.0,0.0,0.0,0.0,0.0,0.0,0.0,0.0,0.0,0.0,0.0,0.0,0.0,0.0,0.0,0.0,0.0,0.0,0.0,0.0,0.0,0.0,0.0,0.0,0.0,0.0,0.0,0.0,0.0,0.0,0.0,0
0.9469,7.0714,0.9469,4.6667,27.1429,4.2698,4.1402,3.8571,236.9286,1.2333,3.8125,0.0,7.625,29.1429,4.2698,1.2472,97.865,2.3595,2.1758,10.2877,2.3595,0.3636,0.3929,1.0,1.0,0.3636,0.3929,0.0346,0.0428,0.0285,0.0357,0.0,0.0,0.0,0.0,0.0,0.0,0.0,0.0,0.0,0.0,0.0,0.0,0.0,0.0,0.0,0.0,0.0,0.0,0.0,0.0,0.0,0.0,0.0,0.0,0.0,0.0,0.0,0.0,0.0,0.0,0.0,0.0,0.0,0.0,0.0,0.0,0.0,0.0,0.0,0.0,0.0,0.0,0.0,0.0,0.0,0.0,0.0,0.0,0.0,0.0,0.0,0.0,0.0,0.0,0.0,0.0,0.0,0.0,0.0,0.0,0.0,0.0,0.0,0.0,0.0,0.0,0.0,0.0,0.0,0.0,0.0,0.0,0.0,0.0,0.0,0.0,0.0,0.0,0
1.2521,3.9643,1.2521,6.2222,19.7857,4.5309,4.3764,2.1786,635.375,1.8571,6.6905,0.0,8.0286,21.6429,4.5309,2.78,146.7348,2.6588,2.5381,9.07,2.6588,0.0851,0.0608,1.0,1.0,0.0851,0.0608,0.009,0.0232,0.0079,0.0218,0.0,0.0,0.0,0.0,0.0,0.0,0.0,0.0,0.0,0.0,0.0,0.0,0.0,0.0,0.0,0.0,0.0,0.0,0.0,0.0,0.0,0.0,0.0,0.0,0.0,0.0,0.0,0.0,0.0,0.0,0.0,0.0,0.0,0.0,0.0,0.0,0.0,0.0,0.0,0.0,0.0,0.0,0.0,0.0,0.0,0.0,0.0,0.0,0.0,0.0,0.0,0.0,0.0,0.0,0.0,0.0,0.0,0.0,0.0,0.0,0.0,0.0,0.0,0.0,0.0,0.0,0.0,0.0,0.0,0.0,0.0,0.0,0.0,0.0,0.0,0.0,0.0,0.0,1
1.0249,3.25,1.0249,3.1429,23.5227,4.3933,4.1781,3.2045,608.6818,1.0238,3.381,0.4,6.0909,27.2273,4.3933,1.407,154.2488,2.4499,2.2913,17.1515,2.4499,0.1,0.1148,1.0,0.9836,0.1,0.1148,0.008,0.0171,0.0102,0.0245,0.0,0.0,0.0,0.0,0.0,0.0,0.0,0.0,0.0,0.0,0.0,0.0,0.0,0.0,0.0,0.0,0.0,0.0,0.0,0.0,0.0,0.0,0.0,0.0,0.0,0.0,0.0,0.0,0.0,0.0,0.0,0.0,0.0,0.0,0.0,0.0,0.0,0.0,0.0,0.0,0.0,0.0,0.0,0.0,0.0,0.0,0.0,0.0,0.0,0.0,0.0,0.0,0.0,0.0,0.0,0.0,0.0,0.0,0.0,0.0,0.0,0.0,0.0,0.0,0.0,0.0,0.0,0.0,0.0,0.0,0.0,0.0,0.0,0.0,0.0,0.0,0.0,0.0,1
0.9026,2.2583,0.9026,3.5294,10.2083,4.3342,4.3588,1.1333,768.35,1.5726,4.0667,0.3,8.3714,12.2917,4.3342,3.2561,111.3598,2.5269,2.4494,7.7882,2.5269,0.0233,0.0271,1.0,0.9337,0.0233,0.0271,0.0121,0.0426,0.0079,0.0287,0.0,0.0,0.0,0.0,0.0,0.0,0.0,0.0,0.0,0.0,0.0,0.0,0.0,0.0,0.0,0.0,0.0,0.0,0.0,0.0,0.0,0.0,0.0,0.0,0.0,0.0,0.0,0.0,0.0,0.0,0.0,0.0,0.0,0.0,0.0,0.0,0.0,0.0,0.0,0.0,0.0,0.0,0.0,0.0,0.0,0.0,0.0,0.0,0.0,0.0,0.0,0.0,0.0,0.0,0.0,0.0,0.0,0.0,0.0,0.0,0.0,0.0,0.0,0.0,0.0,0.0,0.0,0.0,0.0,0.0,0.0,0.0,0.0,0.0,0.0,0.0,0.0,0.0,1
1.0876,2.3133,1.0876,1.9762,14.0843,4.732,4.5178,1.506,664.506,1.5733,5.2909,0.5263,7.8056,16.0241,4.732,1.4718,127.5391,2.8245,2.6752,9.9213,2.8245,0.0732,0.0581,1.0,0.9651,0.0732,0.0581,0.008,0.0254,0.0058,0.0205,0.0,0.0,0.0,0.0,0.0,0.0,0.0,0.0,0.0,0.0,0.0,0.0,0.0,0.0,0.0,0.0,0.0,0.0,0.0,0.0,0.0,0.0,0.0,0.0,0.0,0.0,0.0,0.0,0.0,0.0,0.0,0.0,0.0,0.0,0.0,0.0,0.0,0.0,0.0,0.0,0.0,0.0,0.0,0.0,0.0,0.0,0.0,0.0,0.0,0.0,0.0,0.0,0.0,0.0,0.0,0.0,0.0,0.0,0.0,0.0,0.0,0.0,0.0,0.0,0.0,0.0,0.0,0.0,0.0,0.0,0.0,0.0,0.0,0.0,0.0,0.0,0.0,0.0,1
0.9963,2.7045,0.9963,8.0,9.3864,4.3012,4.2111,0.7273,571.3977,1.4091,5.0,0.4,7.875,11.4432,4.3012,7.4223,87.5502,2.4652,2.4208,8.0267,2.4652,0.013,0.0115,1.0,0.8265,0.013,0.0115,0.0049,0.038,0.0025,0.0186,0.0,0.0,0.0,0.0,0.0,0.0,0.0,0.0,0.0,0.0,0.0,0.0,0.0,0.0,0.0,0.0,0.0,0.0,0.0,0.0,0.0,0.0,0.0,0.0,0.0,0.0,0.0,0.0,0.0,0.0,0.0,0.0,0.0,0.0,0.0,0.0,0.0,0.0,0.0,0.0,0.0,0.0,0.0,0.0,0.0,0.0,0.0,0.0,0.0,0.0,0.0,0.0,0.0,0.0,0.0,0.0,0.0,0.0,0.0,0.0,0.0,0.0,0.0,0.0,0.0,0.0,0.0,0.0,0.0,0.0,0.0,0.0,0.0,0.0,0.0,0.0,0.0,0.0,1
0.9375,4.0667,0.9375,3.75,28.7333,4.5493,4.4014,4.4,243.1333,1.3103,3.8333,0.0,7.6667,31.3333,4.5493,1.0897,107.5103,2.7173,2.6227,14.2017,2.7173,0.2727,0.2174,1.0,1.0,0.2727,0.2174,0.0388,0.0436,0.0274,0.0355,0.0,0.0,0.0,0.0,0.0,0.0,0.0,0.0,0.0,0.0,0.0,0.0,0.0,0.0,0.0,0.0,0.0,0.0,0.0,0.0,0.0,0.0,0.0,0.0,0.0,0.0,0.0,0.0,0.0,0.0,0.0,0.0,0.0,0.0,0.0,0.0,0.0,0.0,0.0,0.0,0.0,0.0,0.0,0.0,0.0,0.0,0.0,0.0,0.0,0.0,0.0,0.0,0.0,0.0,0.0,0.0,0.0,0.0,0.0,0.0,0.0,0.0,0.0,0.0,0.0,0.0,0.0,0.0,0.0,0.0,0.0,0.0,0.0,0.0,0.0,0.0,0.0,0.0,0
0.9906,2.9167,0.9906,12.0,15.125,4.4488,4.2909,2.0833,224.5,1.3667,2.8333,0.3333,7.8333,16.7917,4.4488,4.0,72.537,2.4638,2.347,8.4999,2.4638,0.0455,0.0203,1.0,1.0,0.0455,0.0203,0.0197,0.0446,0.0082,0.0263,0.0,0.0,0.0,0.0,0.0,0.0,0.0,0.0,0.0,0.0,0.0,0.0,0.0,0.0,0.0,0.0,0.0,0.0,0.0,0.0,0.0,0.0,0.0,0.0,0.0,0.0,0.0,0.0,0.0,0.0,0.0,0.0,0.0,0.0,0.0,0.0,0.0,0.0,0.0,0.0,0.0,0.0,0.0,0.0,0.0,0.0,0.0,0.0,0.0,0.0,0.0,0.0,0.0,0.0,0.0,0.0,0.0,0.0,0.0,0.0,0.0,0.0,0.0,0.0,0.0,0.0,0.0,0.0,0.0,0.0,0.0,0.0,0.0,0.0,0.0,0.0,0.0,0.0,0
1.1341,2.8235,1.1341,8.5,18.3529,4.3409,4.2825,2.7059,190.0588,1.4737,2.125,0.0,8.5,20.2941,4.3409,0.5,73.4118,2.602,2.4722,7.2173,2.602,0.2,0.2031,1.0,1.0,0.2,0.2031,0.0233,0.0369,0.024,0.0373,0.0,0.0,0.0,0.0,0.0,0.0,0.0,0.0,0.0,0.0,0.0,0.0,0.0,0.0,0.0,0.0,0.0,0.0,0.0,0.0,0.0,0.0,0.0,0.0,0.0,0.0,0.0,0.0,0.0,0.0,0.0,0.0,0.0,0.0,0.0,0.0,0.0,0.0,0.0,0.0,0.0,0.0,0.0,0.0,0.0,0.0,0.0,0.0,0.0,0.0,0.0,0.0,0.0,0.0,0.0,0.0,0.0,0.0,0.0,0.0,0.0,0.0,0.0,0.0,0.0,0.0,0.0,0.0,0.0,0.0,0.0,0.0,0.0,0.0,0.0,0.0,0.0,0.0,0
0.958,3.875,0.958,6.0,19.875,4.6146,4.2184,2.7917,254.75,1.275,5.64,0.4,9.1333,22.3333,4.6146,2.5495,95.3172,2.5331,2.2065,16.4865,2.5331,0.1,0.0959,1.0,1.0,0.1,0.0959,0.0141,0.0231,0.0148,0.0261,0.0,0.0,0.0,0.0,0.0,0.0,0.0,0.0,0.0,0.0,0.0,0.0,0.0,0.0,0.0,0.0,0.0,0.0,0.0,0.0,0.0,0.0,0.0,0.0,0.0,0.0,0.0,0.0,0.0,0.0,0.0,0.0,0.0,0.0,0.0,0.0,0.0,0.0,0.0,0.0,0.0,0.0,0.0,0.0,0.0,0.0,0.0,0.0,0.0,0.0,0.0,0.0,0.0,0.0,0.0,0.0,0.0,0.0,0.0,0.0,0.0,0.0,0.0,0.0,0.0,0.0,0.0,0.0,0.0,0.0,0.0,0.0,0.0,0.0,0.0,0.0,0.0,0.0,0
0.9796,1.1176,0.9796,8.5,18.1176,4.2533,4.0888,2.8235,167.0588,1.8077,5.7368,0.3333,8.2308,20.0588,4.2533,0.5,72.4706,2.4249,2.2989,12.0121,2.4249,0.2,0.125,1.0,1.0,0.2,0.125,0.0202,0.0391,0.0129,0.0313,0.0,0.0,0.0,0.0,0.0,0.0,0.0,0.0,0.0,0.0,0.0,0.0,0.0,0.0,0.0,0.0,0.0,0.0,0.0,0.0,0.0,0.0,0.0,0.0,0.0,0.0,0.0,0.0,0.0,0.0,0.0,0.0,0.0,0.0,0.0,0.0,0.0,0.0,0.0,0.0,0.0,0.0,0.0,0.0,0.0,0.0,0.0,0.0,0.0,0.0,0.0,0.0,0.0,0.0,0.0,0.0,0.0,0.0,0.0,0.0,0.0,0.0,0.0,0.0,0.0,0.0,0.0,0.0,0.0,0.0,0.0,0.0,0.0,0.0,0.0,0.0,0.0,0.0,0
1.3256,4.7727,1.3256,4.125,18.0,4.5763,4.4015,1.9242,704.8333,1.6714,4.925,0.3333,7.68,20.0909,4.5763,2.6663,145.1206,2.7109,2.5806,10.5769,2.7109,0.12,0.0688,1.0,1.0,0.12,0.0688,0.0184,0.0402,0.0107,0.0281,0.0,0.0,0.0,0.0,0.0,0.0,0.0,0.0,0.0,0.0,0.0,0.0,0.0,0.0,0.0,0.0,0.0,0.0,0.0,0.0,0.0,0.0,0.0,0.0,0.0,0.0,0.0,0.0,0.0,0.0,0.0,0.0,0.0,0.0,0.0,0.0,0.0,0.0,0.0,0.0,0.0,0.0,0.0,0.0,0.0,0.0,0.0,0.0,0.0,0.0,0.0,0.0,0.0,0.0,0.0,0.0,0.0,0.0,0.0,0.0,0.0,0.0,0.0,0.0,0.0,0.0,0.0,0.0,0.0,0.0,0.0,0.0,0.0,0.0,0.0,0.0,0.0,0.0,1
1.1823,5.0303,1.1823,4.125,21.0606,4.5306,4.2682,2.5758,356.9091,1.1136,6.8,0.0,8.5,23.7273,4.5306,1.536,119.1368,2.5374,2.3692,11.0653,2.5374,0.08,0.0492,1.0,0.9508,0.08,0.0492,0.0108,0.0222,0.0135,0.0292,0.0,0.0,0.0,0.0,0.0,0.0,0.0,0.0,0.0,0.0,0.0,0.0,0.0,0.0,0.0,0.0,0.0,0.0,0.0,0.0,0.0,0.0,0.0,0.0,0.0,0.0,0.0,0.0,0.0,0.0,0.0,0.0,0.0,0.0,0.0,0.0,0.0,0.0,0.0,0.0,0.0,0.0,0.0,0.0,0.0,0.0,0.0,0.0,0.0,0.0,0.0,0.0,0.0,0.0,0.0,0.0,0.0,0.0,0.0,0.0,0.0,0.0,0.0,0.0,0.0,0.0,0.0,0.0,0.0,0.0,0.0,0.0,0.0,0.0,0.0,0.0,0.0,0.0,1
1.1538,2.5952,1.1538,3.5,11.5238,4.3136,4.1314,1.2381,269.0952,1.9615,6.3,0.0,7.4118,13.0,4.3136,2.2546,73.7884,2.4837,2.2782,8.6959,2.4837,0.0,0.0,1.0,0.988,0.0,0.0,0.0278,0.0626,0.0151,0.0449,0.0,0.0,0.0,0.0,0.0,0.0,0.0,0.0,0.0,0.0,0.0,0.0,0.0,0.0,0.0,0.0,0.0,0.0,0.0,0.0,0.0,0.0,0.0,0.0,0.0,0.0,0.0,0.0,0.0,0.0,0.0,0.0,0.0,0.0,0.0,0.0,0.0,0.0,0.0,0.0,0.0,0.0,0.0,0.0,0.0,0.0,0.0,0.0,0.0,0.0,0.0,0.0,0.0,0.0,0.0,0.0,0.0,0.0,0.0,0.0,0.0,0.0,0.0,0.0,0.0,0.0,0.0,0.0,0.0,0.0,0.0,0.0,0.0,0.0,0.0,0.0,0.0,0.0,1
1.0484,2.6721,1.0484,2.9048,15.0,4.3091,4.1529,1.6885,500.7049,1.0455,3.4,0.0,8.5,16.8525,4.3091,2.653,116.1895,2.5099,2.3621,12.7996,2.5099,0.1,0.197,1.0,0.9848,0.1,0.197,0.012,0.0297,0.0174,0.0339,0.0,0.0,0.0,0.0,0.0,0.0,0.0,0.0,0.0,0.0,0.0,0.0,0.0,0.0,0.0,0.0,0.0,0.0,0.0,0.0,0.0,0.0,0.0,0.0,0.0,0.0,0.0,0.0,0.0,0.0,0.0,0.0,0.0,0.0,0.0,0.0,0.0,0.0,0.0,0.0,0.0,0.0,0.0,0.0,0.0,0.0,0.0,0.0,0.0,0.0,0.0,0.0,0.0,0.0,0.0,0.0,0.0,0.0,0.0,0.0,0.0,0.0,0.0,0.0,0.0,0.0,0.0,0.0,0.0,0.0,0.0,0.0,0.0,0.0,0.0,0.0,0.0,0.0,1
0.9226,2.1301,0.9226,61.5,11.0081,4.395,4.2654,1.2195,862.8537,2.281,4.5581,0.5,7.2115,13.5854,4.395,35.5,121.5888,2.5675,2.436,8.512,2.5675,0.0909,0.0251,1.0,0.7065,0.0909,0.0271,0.0148,0.0436,0.0076,0.0289,0.0,0.0,0.0,0.0,0.0,0.0,0.0,0.0,0.0,0.0,0.0,0.0,0.0,0.0,0.0,0.0,0.0,0.0,0.0,0.0,0.0,0.0,0.0,0.0,0.0,0.0,0.0,0.0,0.0,0.0,0.0,0.0,0.0,0.0,0.0,0.0,0.0,0.0,0.0,0.0,0.0,0.0,0.0,0.0,0.0,0.0,0.0,0.0,0.0,0.0,0.0,0.0,0.0,0.0,0.0,0.0,0.0,0.0,0.0,0.0,0.0,0.0,0.0,0.0,0.0,0.0,0.0,0.0,0.0,0.0,0.0,0.0,0.0,0.0,0.0,0.0,0.0,0.0,1
1.0,1.5263,1.0,9.5,17.8421,4.4866,4.2493,2.5263,197.6842,1.1379,4.3889,0.3333,8.4444,19.4211,4.4866,0.5,75.6976,2.4557,2.2427,6.1329,2.4557,0.2353,0.1605,1.0,1.0,0.2353,0.1605,0.0376,0.04,0.0223,0.033,0.0,0.0,0.0,0.0,0.0,0.0,0.0,0.0,0.0,0.0,0.0,0.0,0.0,0.0,0.0,0.0,0.0,0.0,0.0,0.0,0.0,0.0,0.0,0.0,0.0,0.0,0.0,0.0,0.0,0.0,0.0,0.0,0.0,0.0,0.0,0.0,0.0,0.0,0.0,0.0,0.0,0.0,0.0,0.0,0.0,0.0,0.0,0.0,0.0,0.0,0.0,0.0,0.0,0.0,0.0,0.0,0.0,0.0,0.0,0.0,0.0,0.0,0.0,0.0,0.0,0.0,0.0,0.0,0.0,0.0,0.0,0.0,0.0,0.0,0.0,0.0,0.0,0.0,0
1.2237,3.6667,1.2237,9.0,14.3889,4.4476,4.2298,1.6111,183.2222,1.05,4.0,0.0,9.1429,16.7222,4.4476,2.0,59.3269,2.6498,2.4789,9.9376,2.6498,0.0625,0.0921,1.0,0.9342,0.0625,0.0921,0.0085,0.0244,0.0237,0.0516,0.0,0.0,0.0,0.0,0.0,0.0,0.0,0.0,0.0,0.0,0.0,0.0,0.0,0.0,0.0,0.0,0.0,0.0,0.0,0.0,0.0,0.0,0.0,0.0,0.0,0.0,0.0,0.0,0.0,0.0,0.0,0.0,0.0,0.0,0.0,0.0,0.0,0.0,0.0,0.0,0.0,0.0,0.0,0.0,0.0,0.0,0.0,0.0,0.0,0.0,0.0,0.0,0.0,0.0,0.0,0.0,0.0,0.0,0.0,0.0,0.0,0.0,0.0,0.0,0.0,0.0,0.0,0.0,0.0,0.0,0.0,0.0,0.0,0.0,0.0,0.0,0.0,0.0,0
1.0163,2.4583,1.0163,12.0,16.625,4.4267,4.1748,2.1667,210.0417,1.5,4.5238,0.0,8.6364,18.6667,4.4267,2.0,79.7307,2.5539,2.3782,8.9287,2.5539,0.0909,0.1618,1.0,0.9706,0.0909,0.1618,0.0203,0.0417,0.0194,0.0393,0.0,0.0,0.0,0.0,0.0,0.0,0.0,0.0,0.0,0.0,0.0,0.0,0.0,0.0,0.0,0.0,0.0,0.0,0.0,0.0,0.0,0.0,0.0,0.0,0.0,0.0,0.0,0.0,0.0,0.0,0.0,0.0,0.0,0.0,0.0,0.0,0.0,0.0,0.0,0.0,0.0,0.0,0.0,0.0,0.0,0.0,0.0,0.0,0.0,0.0,0.0,0.0,0.0,0.0,0.0,0.0,0.0,0.0,0.0,0.0,0.0,0.0,0.0,0.0,0.0,0.0,0.0,0.0,0.0,0.0,0.0,0.0,0.0,0.0,0.0,0.0,0.0,0.0,0
1.0505,3.5,1.0505,8.0,18.875,4.54,4.2767,2.5,146.75,1.0385,4.9375,0.0,6.5833,20.6875,4.54,2.0,73.1026,2.5367,2.3166,10.9586,2.5367,0.0714,0.1333,1.0,1.0,0.0714,0.1667,0.0183,0.0492,0.0208,0.0503,0.0,0.0,0.0,0.0,0.0,0.0,0.0,0.0,0.0,0.0,0.0,0.0,0.0,0.0,0.0,0.0,0.0,0.0,0.0,0.0,0.0,0.0,0.0,0.0,0.0,0.0,0.0,0.0,0.0,0.0,0.0,0.0,0.0,0.0,0.0,0.0,0.0,0.0,0.0,0.0,0.0,0.0,0.0,0.0,0.0,0.0,0.0,0.0,0.0,0.0,0.0,0.0,0.0,0.0,0.0,0.0,0.0,0.0,0.0,0.0,0.0,0.0,0.0,0.0,0.0,0.0,0.0,0.0,0.0,0.0,0.0,0.0,0.0,0.0,0.0,0.0,0.0,0.0,0
0.908,4.0714,0.908,7.0,21.2143,4.4096,4.1809,3.5714,169.2857,1.7308,5.375,0.0,7.8182,23.8571,4.4096,1.0,76.4892,2.4695,2.2951,8.1754,2.4695,0.0,0.0465,1.0,1.0,0.0,0.0465,0.0147,0.0266,0.0118,0.0222,0.0,0.0,0.0,0.0,0.0,0.0,0.0,0.0,0.0,0.0,0.0,0.0,0.0,0.0,0.0,0.0,0.0,0.0,0.0,0.0,0.0,0.0,0.0,0.0,0.0,0.0,0.0,0.0,0.0,0.0,0.0,0.0,0.0,0.0,0.0,0.0,0.0,0.0,0.0,0.0,0.0,0.0,0.0,0.0,0.0,0.0,0.0,0.0,0.0,0.0,0.0,0.0,0.0,0.0,0.0,0.0,0.0,0.0,0.0,0.0,0.0,0.0,0.0,0.0,0.0,0.0,0.0,0.0,0.0,0.0,0.0,0.0,0.0,0.0,0.0,0.0,0.0,0.0,0
1.2357,4.9706,1.2357,2.0,14.8529,4.4331,4.251,1.2941,257.1471,1.6765,7.6538,0.0,9.0455,17.4412,4.4331,1.4951,85.3237,2.6463,2.5531,11.5126,2.6463,0.4118,0.3056,1.0,0.6667,0.4118,0.3056,0.0256,0.0322,0.0234,0.0431,0.0,0.0,0.0,0.0,0.0,0.0,0.0,0.0,0.0,0.0,0.0,0.0,0.0,0.0,0.0,0.0,0.0,0.0,0.0,0.0,0.0,0.0,0.0,0.0,0.0,0.0,0.0,0.0,0.0,0.0,0.0,0.0,0.0,0.0,0.0,0.0,0.0,0.0,0.0,0.0,0.0,0.0,0.0,0.0,0.0,0.0,0.0,0.0,0.0,0.0,0.0,0.0,0.0,0.0,0.0,0.0,0.0,0.0,0.0,0.0,0.0,0.0,0.0,0.0,0.0,0.0,0.0,0.0,0.0,0.0,0.0,0.0,0.0,0.0,0.0,0.0,0.0,0.0,1
1.0924,3.775,1.0924,3.6364,19.35,4.5294,4.2444,2.25,439.45,1.7436,4.8571,1.0,8.3636,21.825,4.5294,2.3845,120.8407,2.6702,2.5317,10.3752,2.6702,0.0345,0.1071,1.0,1.0,0.0345,0.1071,0.0115,0.0208,0.0144,0.0353,0.0,0.0,0.0,0.0,0.0,0.0,0.0,0.0,0.0,0.0,0.0,0.0,0.0,0.0,0.0,0.0,0.0,0.0,0.0,0.0,0.0,0.0,0.0,0.0,0.0,0.0,0.0,0.0,0.0,0.0,0.0,0.0,0.0,0.0,0.0,0.0,0.0,0.0,0.0,0.0,0.0,0.0,0.0,0.0,0.0,0.0,0.0,0.0,0.0,0.0,0.0,0.0,0.0,0.0,0.0,0.0,0.0,0.0,0.0,0.0,0.0,0.0,0.0,0.0,0.0,0.0,0.0,0.0,0.0,0.0,0.0,0.0,0.0,0.0,0.0,0.0,0.0,0.0,1
1.0923,3.3958,1.0923,4.0,19.7083,4.3806,4.2239,2.4792,536.8125,1.9265,4.766,0.4,8.0,21.8958,4.3806,2.5166,135.1135,2.6688,2.5449,12.0316,2.6688,0.1111,0.1455,1.0,1.0,0.1111,0.1455,0.011,0.024,0.0146,0.027,0.0,0.0,0.0,0.0,0.0,0.0,0.0,0.0,0.0,0.0,0.0,0.0,0.0,0.0,0.0,0.0,0.0,0.0,0.0,0.0,0.0,0.0,0.0,0.0,0.0,0.0,0.0,0.0,0.0,0.0,0.0,0.0,0.0,0.0,0.0,0.0,0.0,0.0,0.0,0.0,0.0,0.0,0.0,0.0,0.0,0.0,0.0,0.0,0.0,0.0,0.0,0.0,0.0,0.0,0.0,0.0,0.0,0.0,0.0,0.0,0.0,0.0,0.0,0.0,0.0,0.0,0.0,0.0,0.0,0.0,0.0,0.0,0.0,0.0,0.0,0.0,0.0,0.0,1
1.2075,1.9098,1.2075,2.8298,8.6842,4.7319,4.5735,0.8045,718.3534,1.5783,5.84,0.2143,8.0278,10.6316,4.7319,2.1667,99.774,2.7522,2.6504,7.1959,2.7522,0.0698,0.0345,1.0,0.8707,0.0698,0.0345,0.0116,0.0404,0.0063,0.0278,0.0,0.0,0.0,0.0,0.0,0.0,0.0,0.0,0.0,0.0,0.0,0.0,0.0,0.0,0.0,0.0,0.0,0.0,0.0,0.0,0.0,0.0,0.0,0.0,0.0,0.0,0.0,0.0,0.0,0.0,0.0,0.0,0.0,0.0,0.0,0.0,0.0,0.0,0.0,0.0,0.0,0.0,0.0,0.0,0.0,0.0,0.0,0.0,0.0,0.0,0.0,0.0,0.0,0.0,0.0,0.0,0.0,0.0,0.0,0.0,0.0,0.0,0.0,0.0,0.0,0.0,0.0,0.0,0.0,0.0,0.0,0.0,0.0,0.0,0.0,0.0,0.0,0.0,1
1.2139,4.9211,1.2139,2.5333,18.3684,4.3525,4.2994,2.2632,430.2632,1.4118,3.9412,0.0,6.0909,21.6316,4.3525,1.6275,111.7307,2.5448,2.4777,12.7391,2.5448,0.0,0.0408,1.0,1.0,0.0,0.0408,0.0172,0.0342,0.0272,0.0482,0.0,0.0,0.0,0.0,0.0,0.0,0.0,0.0,0.0,0.0,0.0,0.0,0.0,0.0,0.0,0.0,0.0,0.0,0.0,0.0,0.0,0.0,0.0,0.0,0.0,0.0,0.0,0.0,0.0,0.0,0.0,0.0,0.0,0.0,0.0,0.0,0.0,0.0,0.0,0.0,0.0,0.0,0.0,0.0,0.0,0.0,0.0,0.0,0.0,0.0,0.0,0.0,0.0,0.0,0.0,0.0,0.0,0.0,0.0,0.0,0.0,0.0,0.0,0.0,0.0,0.0,0.0,0.0,0.0,0.0,0.0,0.0,0.0,0.0,0.0,0.0,0.0,0.0,1
1.0256,2.0,1.0256,7.5,17.9333,4.4812,4.3158,2.8667,134.6,1.2632,3.8462,0.0,8.3333,19.7333,4.4812,0.5,67.1004,2.6644,2.5067,11.9525,2.6644,0.2308,0.1429,1.0,1.0,0.2308,0.1429,0.0249,0.0352,0.0183,0.033,0.0,0.0,0.0,0.0,0.0,0.0,0.0,0.0,0.0,0.0,0.0,0.0,0.0,0.0,0.0,0.0,0.0,0.0,0.0,0.0,0.0,0.0,0.0,0.0,0.0,0.0,0.0,0.0,0.0,0.0,0.0,0.0,0.0,0.0,0.0,0.0,0.0,0.0,0.0,0.0,0.0,0.0,0.0,0.0,0.0,0.0,0.0,0.0,0.0,0.0,0.0,0.0,0.0,0.0,0.0,0.0,0.0,0.0,0.0,0.0,0.0,0.0,0.0,0.0,0.0,0.0,0.0,0.0,0.0,0.0,0.0,0.0,0.0,0.0,0.0,0.0,0.0,0.0,0
1.0495,4.2105,1.0495,9.5,16.8947,4.0698,3.9206,2.2632,178.5789,0.7353,3.6667,0.2857,8.4,19.0,4.0698,3.5,71.6783,2.2583,2.1344,6.7901,2.2583,0.2353,0.172,1.0,1.0,0.2353,0.172,0.0337,0.0395,0.0207,0.0329,0.0,0.0,0.0,0.0,0.0,0.0,0.0,0.0,0.0,0.0,0.0,0.0,0.0,0.0,0.0,0.0,0.0,0.0,0.0,0.0,0.0,0.0,0.0,0.0,0.0,0.0,0.0,0.0,0.0,0.0,0.0,0.0,0.0,0.0,0.0,0.0,0.0,0.0,0.0,0.0,0.0,0.0,0.0,0.0,0.0,0.0,0.0,0.0,0.0,0.0,0.0,0.0,0.0,0.0,0.0,0.0,0.0,0.0,0.0,0.0,0.0,0.0,0.0,0.0,0.0,0.0,0.0,0.0,0.0,0.0,0.0,0.0,0.0,0.0,0.0,0.0,0.0,0.0,0
1.1818,4.6154,1.1818,6.5,18.7692,4.7366,4.3909,2.7692,134.0769,1.3,5.375,0.0,8.6,20.5385,4.7366,1.5,65.0185,2.7971,2.553,9.6844,2.7971,0.0909,0.1842,1.0,1.0,0.0909,0.1842,0.0126,0.0274,0.0162,0.0296,0.0,0.0,0.0,0.0,0.0,0.0,0.0,0.0,0.0,0.0,0.0,0.0,0.0,0.0,0.0,0.0,0.0,0.0,0.0,0.0,0.0,0.0,0.0,0.0,0.0,0.0,0.0,0.0,0.0,0.0,0.0,0.0,0.0,0.0,0.0,0.0,0.0,0.0,0.0,0.0,0.0,0.0,0.0,0.0,0.0,0.0,0.0,0.0,0.0,0.0,0.0,0.0,0.0,0.0,0.0,0.0,0.0,0.0,0.0,0.0,0.0,0.0,0.0,0.0,0.0,0.0,0.0,0.0,0.0,0.0,0.0,0.0,0.0,0.0,0.0,0.0,0.0,0.0,0
0.8788,5.0769,0.8788,6.5,16.0769,4.4,4.155,2.1538,131.0769,1.8889,3.9167,0.6667,7.1667,18.6154,4.4,1.5,55.6921,2.5456,2.4312,8.5353,2.5456,0.2727,0.1842,1.0,1.0,0.2727,0.1842,0.0302,0.0351,0.0217,0.039,0.0,0.0,0.0,0.0,0.0,0.0,0.0,0.0,0.0,0.0,0.0,0.0,0.0,0.0,0.0,0.0,0.0,0.0,0.0,0.0,0.0,0.0,0.0,0.0,0.0,0.0,0.0,0.0,0.0,0.0,0.0,0.0,0.0,0.0,0.0,0.0,0.0,0.0,0.0,0.0,0.0,0.0,0.0,0.0,0.0,0.0,0.0,0.0,0.0,0.0,0.0,0.0,0.0,0.0,0.0,0.0,0.0,0.0,0.0,0.0,0.0,0.0,0.0,0.0,0.0,0.0,0.0,0.0,0.0,0.0,0.0,0.0,0.0,0.0,0.0,0.0,0.0,0.0,0
0.98,2.9375,0.98,8.0,20.3125,4.243,4.0156,3.25,190.125,2.0,4.5556,0.0,7.4545,22.125,4.243,1.0,78.67,2.4692,2.2883,7.8571,2.4692,0.0,0.0877,1.0,1.0,0.0,0.0877,0.0216,0.0398,0.0189,0.0343,0.0,0.0,0.0,0.0,0.0,0.0,0.0,0.0,0.0,0.0,0.0,0.0,0.0,0.0,0.0,0.0,0.0,0.0,0.0,0.0,0.0,0.0,0.0,0.0,0.0,0.0,0.0,0.0,0.0,0.0,0.0,0.0,0.0,0.0,0.0,0.0,0.0,0.0,0.0,0.0,0.0,0.0,0.0,0.0,0.0,0.0,0.0,0.0,0.0,0.0,0.0,0.0,0.0,0.0,0.0,0.0,0.0,0.0,0.0,0.0,0.0,0.0,0.0,0.0,0.0,0.0,0.0,0.0,0.0,0.0,0.0,0.0,0.0,0.0,0.0,0.0,0.0,0.0,0
1.0889,3.9189,1.0889,1.6087,22.7838,4.25,4.0877,2.973,450.7568,1.0351,5.8108,0.0,9.3478,25.4324,4.25,0.7655,136.7027,2.3823,2.213,10.4688,2.3823,0.3571,0.3333,1.0,1.0,0.3571,0.3333,0.0357,0.0347,0.0348,0.0342,0.0,0.0,0.0,0.0,0.0,0.0,0.0,0.0,0.0,0.0,0.0,0.0,0.0,0.0,0.0,0.0,0.0,0.0,0.0,0.0,0.0,0.0,0.0,0.0,0.0,0.0,0.0,0.0,0.0,0.0,0.0,0.0,0.0,0.0,0.0,0.0,0.0,0.0,0.0,0.0,0.0,0.0,0.0,0.0,0.0,0.0,0.0,0.0,0.0,0.0,0.0,0.0,0.0,0.0,0.0,0.0,0.0,0.0,0.0,0.0,0.0,0.0,0.0,0.0,0.0,0.0,0.0,0.0,0.0,0.0,0.0,0.0,0.0,0.0,0.0,0.0,0.0,0.0,1
1.2487,3.1489,1.2487,1.88,14.9149,4.6361,4.4178,2.0,379.9787,1.3077,3.2295,0.0833,7.76,16.7447,4.6361,1.2432,101.1577,2.8451,2.55,8.421,2.8451,0.2727,0.175,1.0,0.95,0.2727,0.175,0.0538,0.0506,0.0371,0.0548,0.0,0.0,0.0,0.0,0.0,0.0,0.0,0.0,0.0,0.0,0.0,0.0,0.0,0.0,0.0,0.0,0.0,0.0,0.0,0.0,0.0,0.0,0.0,0.0,0.0,0.0,0.0,0.0,0.0,0.0,0.0,0.0,0.0,0.0,0.0,0.0,0.0,0.0,0.0,0.0,0.0,0.0,0.0,0.0,0.0,0.0,0.0,0.0,0.0,0.0,0.0,0.0,0.0,0.0,0.0,0.0,0.0,0.0,0.0,0.0,0.0,0.0,0.0,0.0,0.0,0.0,0.0,0.0,0.0,0.0,0.0,0.0,0.0,0.0,0.0,0.0,0.0,0.0,1
1.0,4.64,1.0,1.1905,18.68,5.0109,4.7511,2.68,269.92,1.8182,4.45,0.6,8.3,21.04,5.0109,0.4994,91.5129,2.9401,2.7293,11.4908,2.9401,0.25,0.2,1.0,0.8,0.25,0.2,0.0529,0.0372,0.0613,0.0373,0.0,0.0,0.0,0.0,0.0,0.0,0.0,0.0,0.0,0.0,0.0,0.0,0.0,0.0,0.0,0.0,0.0,0.0,0.0,0.0,0.0,0.0,0.0,0.0,0.0,0.0,0.0,0.0,0.0,0.0,0.0,0.0,0.0,0.0,0.0,0.0,0.0,0.0,0.0,0.0,0.0,0.0,0.0,0.0,0.0,0.0,0.0,0.0,0.0,0.0,0.0,0.0,0.0,0.0,0.0,0.0,0.0,0.0,0.0,0.0,0.0,0.0,0.0,0.0,0.0,0.0,0.0,0.0,0.0,0.0,0.0,0.0,0.0,0.0,0.0,0.0,0.0,0.0,1
1.2436,3.8286,1.2436,3.1818,22.4,4.4339,4.3517,3.0857,519.1714,1.6735,5.5517,0.5385,9.625,25.5429,4.4339,1.9917,130.6133,2.6195,2.4971,16.8342,2.6195,0.0,0.0167,1.0,0.75,0.0,0.0167,0.0149,0.0318,0.01,0.0248,0.0,0.0,0.0,0.0,0.0,0.0,0.0,0.0,0.0,0.0,0.0,0.0,0.0,0.0,0.0,0.0,0.0,0.0,0.0,0.0,0.0,0.0,0.0,0.0,0.0,0.0,0.0,0.0,0.0,0.0,0.0,0.0,0.0,0.0,0.0,0.0,0.0,0.0,0.0,0.0,0.0,0.0,0.0,0.0,0.0,0.0,0.0,0.0,0.0,0.0,0.0,0.0,0.0,0.0,0.0,0.0,0.0,0.0,0.0,0.0,0.0,0.0,0.0,0.0,0.0,0.0,0.0,0.0,0.0,0.0,0.0,0.0,0.0,0.0,0.0,0.0,0.0,0.0,1
0.8349,2.75,0.8349,2.0,13.8958,4.2855,4.1737,1.9792,362.75,1.5,5.3864,0.0,7.6452,15.9583,4.2855,1.354,95.265,2.4075,2.2944,7.5221,2.4075,0.0833,0.087,1.0,0.913,0.0833,0.087,0.0333,0.0525,0.0253,0.0447,0.0,0.0,0.0,0.0,0.0,0.0,0.0,0.0,0.0,0.0,0.0,0.0,0.0,0.0,0.0,0.0,0.0,0.0,0.0,0.0,0.0,0.0,0.0,0.0,0.0,0.0,0.0,0.0,0.0,0.0,0.0,0.0,0.0,0.0,0.0,0.0,0.0,0.0,0.0,0.0,0.0,0.0,0.0,0.0,0.0,0.0,0.0,0.0,0.0,0.0,0.0,0.0,0.0,0.0,0.0,0.0,0.0,0.0,0.0,0.0,0.0,0.0,0.0,0.0,0.0,0.0,0.0,0.0,0.0,0.0,0.0,0.0,0.0,0.0,0.0,0.0,0.0,0.0,1
