version: 1.0,published: 04/09/2019,date queried: 01/10/2020,email: kepa.bengoetxea@ehu.eus,grade: 4,domains: math

Word,Domain,Grade,Grade 4 Frequency
decimal,math,4,131
ounce,math,4,76
height,math,4,71
equivalent,math,4,66
per,math,4,64
quotient,math,4,61
cm,math,4,58
range,math,4,57
hundredth,math,4,52
parallel,math,4,52
tenth,math,4,49
gallon,math,4,47
degree,math,4,44
symmetry,math,4,43
segment,math,4,40
width,math,4,40
output,math,4,34
obtuse,math,4,33
ton,math,4,31
numerator,math,4,29
dot,math,4,27
input,math,4,27
negative,math,4,27
remainder,math,4,27
perpendicular,math,4,24
function,math,4,23
rotation,math,4,22
cylinder,math,4,21
distributive,math,4,21
simplify,math,4,20
milligram,math,4,3
